UsuarioID,TIPO_CLIENTE_BEME,SEGMENTO_BEME,NANO_SEGMENTO,MICRO_SEGMENTO,MODULO,ZONA,CTA_CTA_BIPERSONAL,CTA_CTA_UNIPERSONAL,CUENTA_PROVEEDOR,CUENTA_RUT,CUENTA_EMPRENDEDOR,CAJA_VECINA,CHEQ_MICROEMPRESA,CHEQ_OTRA,CTA_CTE_OTRA,LINEA_DE_CREDITO,TARJETA,EDAD,COMPORTAMIENTO_SBIF,COMPORTAMIENTO_BEME,SEXO,TIPO_PERSONA,TIPO_SOCIEDAD_CRITERIO_BEME,TRX_APP,TRX_BATCH,TRX_BECO,TRX_Buzonera,TRX_Caja,TRX_Caja_Vecina,TRX_Cajero_Automatico,TRX_Dispensadores,TRX_FALABELLA,TRX_Internet,TRX_Meson,TRX_MYPE,TRX_RedBanc,TRX_RedCompra,TRX_ServiEstado,Uso_Digital_3M,Uso_Web_3M,Uso_App_3M,Uso_Digital_Anual,Uso_Web_Anual,Uso_App_Anual,Con_Clave_Atm,Con_Clave_INET,Hab_BIPass,PERFIL_RIESGO,INF_COMERCIAL,GRP_PROPENSION,TIPO_CLIENTE,TIENE_PREAP,CANAL
1,deudor comercial,Turismo,Segmento A,Segmento A,Region 3,Zona 2,1,1,1,1,1,0,0,1,1,1,1,58,Malo,Regular,F,1,SPA,82,38,34,29,24,7,74,89,51,34,26,9,39,66,34,0,1,1,1,0,1,0,1,1,Bueno,SUJETO DE CREDITO-EVALUABLE,[3]Baja_Propension,Cliente Finaciado,NO,SALESFORCE - CCL
2,deudor no comercial,Comercial,Segmento B,Segmento A,Region 2,Zona 1,0,1,0,1,1,0,1,1,0,1,1,54,Malo,Bueno,F,2,Sociedad,8,29,67,52,63,75,5,11,54,74,51,64,29,2,31,0,0,1,0,1,0,0,0,1,Bueno,NO SUJETO DE CREDITO,[3]Baja_Propension,Castigado o Sin Producto,SI,SALESFORCE -WEB
3,deudor comercial,Turismo,Segmento C,Segmento A,Region 1,Zona 2,1,1,0,1,1,0,1,1,1,1,0,18,Regular,Bueno,F,1,Cooperativas,7,7,3,50,96,23,32,19,43,45,79,43,71,33,42,0,1,0,1,1,1,1,1,1,Bueno,SUJETO DE CREDITO-EVALUABLE,[3]Baja_Propension,Castigado o Sin Producto,SI,VENTA CENTRALIZADA
4,Microempresas,Turismo,Segmento A,Segmento C,Region 2,Zona 3,0,0,1,0,1,0,1,1,0,0,0,74,Malo,Bueno,F,1,Cooperativas,77,77,36,22,67,44,84,56,3,56,54,13,96,99,48,1,1,1,0,1,0,1,0,0,Malo,CON OBSERVACIONES-EVALUABLE,[1]Alta_Propension,Cliente Finaciado,SI,
5,Microempresas,Turismo,Segmento A,Segmento B,Region 3,Zona 1,0,1,1,0,1,1,1,0,0,1,0,38,Malo,Malo,M,2,Cooperativas,0,0,60,1,74,18,73,36,8,75,68,93,95,88,28,1,1,1,1,0,1,1,1,1,Bueno,SUJETO DE CREDITO-EVALUABLE,[3]Baja_Propension,Cliente Finaciado,SI,SALESFORCE - CCL
6,deudor no comercial,Comercial,Segmento C,Segmento C,Region 3,Zona 2,1,0,0,1,0,1,1,0,1,1,0,30,Bueno,Regular,F,1,SPA,33,7,43,35,44,93,37,92,75,79,64,60,14,72,49,1,0,1,0,0,0,1,1,0,Excelente,NO SUJETO DE CREDITO,[3]Baja_Propension,Castigado o Sin Producto,SI,SALESFORCE -WEB
7,Microempresas,Comercial,Segmento A,Segmento B,Region 1,Zona 2,1,0,1,1,1,1,1,1,0,1,1,36,Bueno,Malo,M,2,Sociedad,55,51,92,37,39,21,33,93,1,35,96,31,69,65,76,1,1,1,0,0,1,1,1,1,Excelente,SUJETO DE CREDITO-EVALUABLE,[2]Media_Propension,Castigado o Sin Producto,NO,VENTA CENTRALIZADA
8,deudor no comercial,Comercial,Segmento A,Segmento C,Region 1,Zona 2,0,1,1,0,0,1,1,0,0,1,0,53,Bueno,Malo,M,2,Sociedad,74,10,18,47,89,84,54,60,60,75,4,60,40,43,88,0,0,0,0,1,0,1,0,0,Bueno,SUJETO DE CREDITO-EVALUABLE,[1]Alta_Propension,Cliente No Financiado,NO,SALESFORCE -WEB
9,deudor no comercial,Comercial,Segmento A,Segmento B,Region 2,Zona 2,1,0,1,0,1,1,0,0,0,1,0,70,Bueno,Malo,M,1,Federacion,50,39,10,26,43,35,8,16,14,4,27,30,63,90,73,0,0,0,0,0,0,0,0,0,Excelente,CON OBSERVACIONES-EVALUABLE,[1]Alta_Propension,Castigado o Sin Producto,NO,VENTA CENTRALIZADA
10,deudor no comercial,Turismo,Segmento B,Segmento C,Region 2,Zona 2,1,1,0,1,0,0,1,1,0,1,1,29,Regular,Regular,M,2,Sindicatos,58,87,99,45,7,82,75,40,43,69,47,9,31,3,92,1,1,0,0,1,0,1,1,1,Bueno,CON OBSERVACIONES-EVALUABLE,[3]Baja_Propension,Castigado o Sin Producto,SI,
11,Microempresas,Transporte,Segmento B,Segmento C,Region 3,Zona 2,0,0,0,0,1,0,1,1,1,1,0,56,Malo,Bueno,M,2,Cooperativas,95,58,52,27,65,25,98,32,86,2,10,40,50,82,19,0,0,0,0,0,1,0,0,1,Malo,CON OBSERVACIONES-EVALUABLE,[2]Media_Propension,Cliente Finaciado,NO,VENTA CENTRALIZADA
12,deudor comercial,Comercial,Segmento B,Segmento B,Region 1,Zona 1,1,0,1,1,1,0,1,0,0,1,0,42,Malo,Bueno,M,1,Sociedad,48,37,84,21,49,99,58,50,16,70,39,57,36,97,11,0,1,0,1,1,1,1,1,0,Bueno,CON OBSERVACIONES-EVALUABLE,[2]Media_Propension,Cliente Finaciado,NO,SALESFORCE - CCL
13,deudor no comercial,Comercial,Segmento A,Segmento C,Region 1,Zona 2,1,0,0,0,0,1,0,1,1,0,0,61,Malo,Bueno,F,1,Federacion,21,73,34,55,50,66,92,29,64,45,33,4,35,92,12,0,0,1,0,1,1,0,0,0,Excelente,NO SUJETO DE CREDITO,[2]Media_Propension,Cliente Finaciado,SI,SALESFORCE -WEB
14,deudor comercial,Comercial,Segmento C,Segmento A,Region 3,Zona 1,1,0,0,1,0,0,1,1,1,1,0,30,Malo,Malo,M,2,SPA,87,91,5,6,87,4,72,48,90,43,56,38,55,42,4,1,1,1,1,0,1,1,0,1,Excelente,CON OBSERVACIONES-EVALUABLE,[2]Media_Propension,Cliente No Financiado,SI,SALESFORCE -WEB
15,Microempresas,Transporte,Segmento B,Segmento C,Region 1,Zona 3,1,1,1,1,0,1,1,0,0,1,0,35,Malo,Regular,F,2,Sindicatos,9,75,69,6,84,68,64,9,4,46,47,21,74,79,48,1,0,0,0,0,0,0,0,0,Excelente,SUJETO DE CREDITO-EVALUABLE,[1]Alta_Propension,Castigado o Sin Producto,SI,SALESFORCE - CCL
16,deudor no comercial,Comercial,Segmento A,Segmento C,Region 3,Zona 1,1,1,1,0,0,0,1,1,1,1,0,20,Regular,Bueno,M,2,SPA,68,23,92,54,54,40,82,81,18,33,78,37,85,37,6,1,0,0,1,0,1,1,1,0,Excelente,CON OBSERVACIONES-EVALUABLE,[3]Baja_Propension,Cliente Finaciado,NO,RED SUCURSALES
17,deudor no comercial,Comercial,Segmento B,Segmento B,Region 1,Zona 1,1,0,1,1,1,0,1,1,0,1,1,65,Bueno,Malo,F,1,Federacion,30,20,29,86,27,79,2,97,73,97,27,64,85,22,76,0,1,1,0,1,1,0,0,0,Malo,SUJETO DE CREDITO-EVALUABLE,[3]Baja_Propension,Castigado o Sin Producto,NO,SALESFORCE - CCL
18,Microempresas,Comercial,Segmento B,Segmento C,Region 1,Zona 3,1,1,0,1,0,1,1,0,0,0,1,49,Regular,Bueno,F,1,SPA,15,10,51,79,89,67,55,97,53,91,4,9,87,35,11,0,1,1,0,1,1,0,0,0,Excelente,CON OBSERVACIONES-EVALUABLE,[1]Alta_Propension,Cliente No Financiado,SI,
19,deudor no comercial,Comercial,Segmento B,Segmento A,Region 3,Zona 2,0,0,0,1,0,0,1,0,1,0,0,38,Regular,Malo,M,2,Federacion,45,15,61,50,14,7,14,53,64,67,56,86,13,90,34,1,0,0,1,1,0,1,1,0,Malo,NO SUJETO DE CREDITO,[1]Alta_Propension,Cliente Finaciado,SI,VENTA CENTRALIZADA
20,deudor no comercial,Transporte,Segmento A,Segmento C,Region 2,Zona 3,0,1,0,0,0,1,1,0,1,1,0,70,Malo,Bueno,M,2,Sindicatos,40,16,94,53,85,41,61,71,13,91,95,77,84,92,90,0,0,0,1,1,1,1,1,0,Bueno,CON OBSERVACIONES-EVALUABLE,[1]Alta_Propension,Castigado o Sin Producto,SI,VENTA CENTRALIZADA
21,Microempresas,Turismo,Segmento A,Segmento C,Region 2,Zona 2,0,0,0,0,1,0,1,0,0,1,1,48,Malo,Malo,F,2,SPA,8,62,16,24,31,90,94,65,96,89,73,7,40,16,95,0,1,0,0,0,0,1,0,0,Malo,CON OBSERVACIONES-EVALUABLE,[3]Baja_Propension,Cliente No Financiado,SI,SALESFORCE - CCL
22,deudor no comercial,Transporte,Segmento B,Segmento A,Region 3,Zona 1,0,1,0,0,1,1,1,0,0,1,1,41,Bueno,Regular,M,2,Sociedad,93,24,86,0,20,74,23,94,75,19,39,73,87,34,18,1,0,1,0,1,1,0,1,0,Bueno,NO SUJETO DE CREDITO,[3]Baja_Propension,Cliente Finaciado,NO,RED SUCURSALES
23,Microempresas,Turismo,Segmento A,Segmento C,Region 1,Zona 3,0,1,1,0,1,1,1,1,0,1,0,30,Bueno,Malo,M,1,Sociedad,0,9,21,4,42,56,65,90,85,7,62,28,60,14,60,0,0,0,0,1,1,1,0,0,Excelente,NO SUJETO DE CREDITO,[3]Baja_Propension,Cliente Finaciado,SI,VENTA CENTRALIZADA
24,deudor no comercial,Turismo,Segmento B,Segmento C,Region 3,Zona 2,1,0,0,1,0,1,0,0,1,1,0,22,Regular,Malo,F,2,SPA,18,44,15,87,33,28,90,21,31,47,79,70,39,31,41,0,1,0,1,0,0,0,0,0,Excelente,NO SUJETO DE CREDITO,[1]Alta_Propension,Cliente Finaciado,NO,SALESFORCE - CCL
25,deudor comercial,Transporte,Segmento A,Segmento B,Region 2,Zona 2,0,1,1,0,0,1,1,1,1,1,1,53,Malo,Malo,M,1,Sociedad,84,13,89,53,23,47,61,5,83,81,21,59,74,85,30,0,0,1,0,1,1,1,0,1,Excelente,NO SUJETO DE CREDITO,[1]Alta_Propension,Cliente Finaciado,SI,VENTA CENTRALIZADA
26,Microempresas,Comercial,Segmento B,Segmento B,Region 1,Zona 3,1,0,1,1,0,1,0,1,1,1,1,27,Bueno,Bueno,M,1,SPA,80,40,31,16,76,39,15,24,25,15,48,46,65,31,15,1,1,1,1,1,0,0,1,1,Excelente,SUJETO DE CREDITO-EVALUABLE,[2]Media_Propension,Castigado o Sin Producto,NO,VENTA CENTRALIZADA
27,deudor no comercial,Comercial,Segmento C,Segmento A,Region 2,Zona 1,1,1,1,0,1,0,0,0,0,1,1,65,Regular,Malo,M,1,SPA,91,41,65,7,93,81,11,5,22,10,27,65,26,84,83,0,0,0,1,1,1,1,0,0,Malo,NO SUJETO DE CREDITO,[1]Alta_Propension,Cliente Finaciado,NO,SALESFORCE -WEB
28,Microempresas,Transporte,Segmento A,Segmento A,Region 1,Zona 2,0,1,1,0,1,1,1,0,1,0,1,24,Malo,Malo,F,1,Sindicatos,16,42,94,69,94,79,56,20,41,3,71,29,26,54,15,1,1,1,0,0,1,1,1,1,Malo,SUJETO DE CREDITO-EVALUABLE,[2]Media_Propension,Cliente No Financiado,NO,SALESFORCE -WEB
29,deudor comercial,Comercial,Segmento A,Segmento A,Region 1,Zona 3,1,0,0,0,1,0,1,1,0,0,1,39,Malo,Malo,M,2,Sindicatos,12,35,35,63,13,27,73,72,55,15,72,61,2,34,47,0,0,1,0,1,1,1,0,0,Malo,NO SUJETO DE CREDITO,[2]Media_Propension,Cliente Finaciado,NO,SALESFORCE -WEB
30,Microempresas,Transporte,Segmento B,Segmento A,Region 1,Zona 2,0,0,0,1,1,0,0,0,0,1,1,51,Regular,Regular,M,2,Cooperativas,37,71,17,35,76,35,90,54,68,18,3,6,17,60,23,0,1,1,1,1,0,1,1,1,Bueno,SUJETO DE CREDITO-EVALUABLE,[1]Alta_Propension,Castigado o Sin Producto,NO,SALESFORCE -WEB
31,deudor no comercial,Transporte,Segmento A,Segmento B,Region 1,Zona 1,1,1,1,1,1,0,1,1,0,1,0,50,Malo,Bueno,F,2,Federacion,17,12,32,96,40,57,95,46,76,84,18,0,1,24,92,0,1,0,0,1,1,0,0,1,Excelente,SUJETO DE CREDITO-EVALUABLE,[1]Alta_Propension,Cliente Finaciado,NO,VENTA CENTRALIZADA
32,Microempresas,Comercial,Segmento C,Segmento A,Region 1,Zona 3,0,1,0,1,1,0,0,0,1,0,1,60,Malo,Bueno,M,1,SPA,46,39,8,32,85,46,49,60,89,72,24,5,58,11,69,0,0,1,1,0,1,1,0,0,Excelente,SUJETO DE CREDITO-EVALUABLE,[3]Baja_Propension,Cliente Finaciado,SI,
33,deudor comercial,Comercial,Segmento A,Segmento B,Region 3,Zona 2,0,0,1,0,1,1,1,0,1,0,0,59,Malo,Bueno,F,1,Federacion,0,53,80,10,74,86,66,37,13,55,6,11,19,65,29,0,0,1,0,0,0,1,1,0,Excelente,SUJETO DE CREDITO-EVALUABLE,[1]Alta_Propension,Cliente Finaciado,NO,SALESFORCE -WEB
34,deudor no comercial,Comercial,Segmento A,Segmento B,Region 3,Zona 3,0,1,1,0,0,0,1,1,0,1,0,36,Malo,Regular,M,1,Cooperativas,47,65,97,49,93,70,55,59,28,7,23,86,48,66,51,0,0,1,1,0,0,1,1,1,Malo,NO SUJETO DE CREDITO,[2]Media_Propension,Castigado o Sin Producto,NO,SALESFORCE -WEB
35,Microempresas,Turismo,Segmento B,Segmento C,Region 1,Zona 1,0,0,1,0,1,0,1,0,1,0,0,73,Malo,Malo,F,1,Sociedad,26,9,20,45,61,58,42,58,62,87,51,18,48,12,75,0,1,1,0,1,1,0,1,1,Excelente,CON OBSERVACIONES-EVALUABLE,[3]Baja_Propension,Cliente No Financiado,SI,SALESFORCE -WEB
36,Microempresas,Comercial,Segmento C,Segmento A,Region 2,Zona 2,0,1,1,0,0,0,0,1,0,0,0,70,Malo,Regular,M,2,Sociedad,40,0,36,1,21,39,69,43,56,60,27,57,3,54,62,1,1,1,0,0,0,1,1,0,Bueno,SUJETO DE CREDITO-EVALUABLE,[3]Baja_Propension,Castigado o Sin Producto,SI,RED SUCURSALES
37,deudor no comercial,Transporte,Segmento C,Segmento A,Region 3,Zona 1,1,1,0,0,0,0,0,0,0,1,0,63,Bueno,Regular,M,2,Sindicatos,86,89,47,44,38,60,11,87,35,2,27,83,91,23,61,1,0,1,1,1,0,0,0,1,Excelente,NO SUJETO DE CREDITO,[2]Media_Propension,Cliente Finaciado,NO,SALESFORCE -WEB
38,deudor no comercial,Comercial,Segmento C,Segmento C,Region 3,Zona 3,1,0,0,1,0,1,0,1,1,1,1,65,Malo,Malo,F,1,Sociedad,9,89,8,75,80,95,52,97,64,51,96,74,44,95,93,0,1,1,0,0,1,0,1,1,Bueno,NO SUJETO DE CREDITO,[2]Media_Propension,Castigado o Sin Producto,SI,
39,deudor comercial,Transporte,Segmento C,Segmento C,Region 2,Zona 1,1,0,0,0,0,1,1,1,1,0,1,33,Regular,Bueno,M,2,Sociedad,1,46,75,7,32,84,25,63,83,37,0,48,89,52,81,0,1,0,1,1,0,0,0,1,Excelente,NO SUJETO DE CREDITO,[3]Baja_Propension,Castigado o Sin Producto,SI,RED SUCURSALES
40,Microempresas,Comercial,Segmento C,Segmento B,Region 1,Zona 1,0,1,0,1,1,1,1,0,0,0,0,65,Bueno,Regular,M,1,Cooperativas,35,37,87,12,99,71,23,4,57,21,40,86,29,9,62,0,1,1,0,1,1,0,1,1,Excelente,CON OBSERVACIONES-EVALUABLE,[1]Alta_Propension,Cliente Finaciado,SI,VENTA CENTRALIZADA
41,Microempresas,Comercial,Segmento C,Segmento B,Region 3,Zona 1,0,1,0,0,1,1,1,0,1,0,0,40,Bueno,Malo,M,2,SPA,89,40,85,32,43,92,84,26,86,64,86,90,41,75,33,0,0,0,1,0,1,1,1,0,Bueno,NO SUJETO DE CREDITO,[3]Baja_Propension,Cliente No Financiado,SI,SALESFORCE - CCL
42,deudor no comercial,Turismo,Segmento B,Segmento A,Region 1,Zona 3,1,0,1,0,0,1,1,0,1,0,0,59,Malo,Bueno,M,2,Sociedad,57,7,85,47,39,98,51,12,49,99,88,71,69,46,54,0,1,0,0,0,1,1,1,0,Malo,SUJETO DE CREDITO-EVALUABLE,[2]Media_Propension,Castigado o Sin Producto,NO,RED SUCURSALES
43,Microempresas,Transporte,Segmento B,Segmento C,Region 2,Zona 2,0,1,1,1,0,0,1,0,1,1,1,37,Regular,Bueno,M,1,Sociedad,21,33,72,66,26,82,38,48,82,51,83,7,37,8,89,0,0,1,1,0,0,1,0,1,Malo,NO SUJETO DE CREDITO,[1]Alta_Propension,Cliente No Financiado,SI,VENTA CENTRALIZADA
44,deudor no comercial,Comercial,Segmento A,Segmento C,Region 2,Zona 3,1,0,1,0,1,1,1,1,0,1,1,42,Bueno,Regular,M,1,Sindicatos,18,64,27,69,17,85,65,83,53,61,32,64,6,82,81,1,0,0,1,1,1,1,0,0,Bueno,CON OBSERVACIONES-EVALUABLE,[2]Media_Propension,Cliente Finaciado,SI,SALESFORCE - CCL
45,deudor comercial,Transporte,Segmento B,Segmento A,Region 3,Zona 2,0,0,0,0,0,0,1,0,0,0,0,30,Bueno,Bueno,F,2,Sociedad,36,23,7,66,2,38,24,11,65,19,44,4,31,6,81,0,0,0,0,0,0,1,1,0,Excelente,SUJETO DE CREDITO-EVALUABLE,[1]Alta_Propension,Cliente No Financiado,NO,
46,deudor comercial,Turismo,Segmento A,Segmento C,Region 2,Zona 2,1,1,0,0,1,0,0,0,0,1,1,74,Malo,Malo,F,2,Federacion,49,22,49,85,15,40,70,70,94,97,82,25,60,78,16,1,0,0,0,1,1,1,0,0,Excelente,SUJETO DE CREDITO-EVALUABLE,[2]Media_Propension,Castigado o Sin Producto,NO,SALESFORCE -WEB
47,deudor comercial,Turismo,Segmento A,Segmento B,Region 1,Zona 3,0,1,0,1,1,1,0,0,0,0,1,69,Regular,Malo,F,2,Sociedad,13,11,28,35,48,24,47,88,13,10,7,38,76,56,90,1,1,1,0,0,1,0,1,1,Bueno,SUJETO DE CREDITO-EVALUABLE,[2]Media_Propension,Cliente Finaciado,SI,RED SUCURSALES
48,deudor no comercial,Turismo,Segmento C,Segmento C,Region 1,Zona 2,1,1,0,1,1,0,0,0,1,0,0,31,Regular,Regular,F,1,Sociedad,35,9,31,35,69,92,20,3,93,95,16,86,61,70,35,0,0,1,0,0,0,1,0,1,Bueno,CON OBSERVACIONES-EVALUABLE,[2]Media_Propension,Cliente No Financiado,SI,
49,deudor no comercial,Turismo,Segmento A,Segmento A,Region 3,Zona 2,1,1,1,1,1,1,0,1,0,1,1,44,Bueno,Malo,M,1,Sociedad,38,29,18,46,51,44,89,97,75,24,5,27,13,50,6,1,1,1,1,1,1,1,1,0,Bueno,NO SUJETO DE CREDITO,[2]Media_Propension,Cliente No Financiado,SI,VENTA CENTRALIZADA
50,deudor no comercial,Transporte,Segmento C,Segmento A,Region 2,Zona 3,0,0,0,0,0,0,0,1,0,1,0,44,Regular,Regular,F,2,Sindicatos,89,5,86,60,15,34,89,25,11,72,89,64,68,10,5,1,1,0,0,1,1,0,0,1,Malo,CON OBSERVACIONES-EVALUABLE,[1]Alta_Propension,Castigado o Sin Producto,SI,
51,deudor comercial,Transporte,Segmento A,Segmento A,Region 2,Zona 1,0,0,1,1,0,0,1,1,1,1,1,43,Regular,Malo,M,2,Cooperativas,91,23,53,97,18,16,52,29,78,98,78,83,9,27,4,1,1,1,1,0,0,0,1,0,Bueno,NO SUJETO DE CREDITO,[2]Media_Propension,Cliente No Financiado,NO,VENTA CENTRALIZADA
52,Microempresas,Transporte,Segmento B,Segmento C,Region 3,Zona 3,0,1,1,1,1,0,0,0,0,0,1,68,Bueno,Bueno,M,1,Cooperativas,49,13,93,3,75,31,75,44,35,39,88,37,22,25,37,0,1,0,0,0,1,1,0,1,Excelente,CON OBSERVACIONES-EVALUABLE,[1]Alta_Propension,Cliente No Financiado,SI,VENTA CENTRALIZADA
53,Microempresas,Turismo,Segmento A,Segmento B,Region 3,Zona 3,0,1,1,0,1,0,1,1,1,0,0,45,Regular,Malo,F,2,Federacion,71,40,9,20,38,87,80,41,73,9,89,40,2,36,22,1,1,0,1,0,0,0,1,1,Malo,NO SUJETO DE CREDITO,[1]Alta_Propension,Cliente No Financiado,SI,VENTA CENTRALIZADA
54,deudor no comercial,Comercial,Segmento C,Segmento A,Region 3,Zona 3,1,1,0,0,1,0,0,0,0,0,0,65,Regular,Regular,F,1,Sindicatos,53,80,87,19,92,73,98,88,82,52,81,88,64,93,12,0,1,0,0,0,0,0,0,0,Malo,CON OBSERVACIONES-EVALUABLE,[3]Baja_Propension,Cliente No Financiado,NO,VENTA CENTRALIZADA
55,deudor no comercial,Comercial,Segmento A,Segmento A,Region 3,Zona 2,0,0,0,0,0,1,1,1,0,1,0,57,Bueno,Bueno,M,2,Sociedad,97,55,93,21,10,29,90,75,62,53,10,30,51,73,96,0,1,0,0,1,0,1,0,1,Bueno,NO SUJETO DE CREDITO,[1]Alta_Propension,Cliente No Financiado,NO,
56,Microempresas,Comercial,Segmento B,Segmento C,Region 3,Zona 2,0,0,1,0,0,1,0,1,0,0,0,39,Malo,Malo,M,1,Sindicatos,59,86,66,46,92,29,71,49,3,68,84,92,70,64,51,0,0,1,0,1,1,1,1,0,Malo,CON OBSERVACIONES-EVALUABLE,[3]Baja_Propension,Cliente Finaciado,SI,VENTA CENTRALIZADA
57,deudor no comercial,Turismo,Segmento A,Segmento A,Region 3,Zona 1,0,0,1,1,1,0,1,1,0,0,0,30,Malo,Regular,F,1,Cooperativas,45,77,52,26,0,80,67,50,76,35,59,80,69,28,47,1,0,1,1,1,1,1,1,0,Excelente,CON OBSERVACIONES-EVALUABLE,[2]Media_Propension,Cliente Finaciado,SI,VENTA CENTRALIZADA
58,deudor no comercial,Comercial,Segmento A,Segmento A,Region 2,Zona 3,1,1,0,1,0,0,0,0,0,0,0,74,Regular,Malo,F,2,Sindicatos,98,30,91,76,74,52,17,60,73,72,4,96,36,17,94,1,0,1,1,0,0,1,1,0,Malo,NO SUJETO DE CREDITO,[2]Media_Propension,Cliente No Financiado,NO,RED SUCURSALES
59,deudor no comercial,Turismo,Segmento B,Segmento A,Region 3,Zona 1,1,0,1,0,0,0,0,0,0,0,0,27,Bueno,Regular,M,2,SPA,16,86,75,80,23,64,82,64,48,65,93,89,31,81,78,0,1,1,0,0,0,1,0,1,Excelente,CON OBSERVACIONES-EVALUABLE,[2]Media_Propension,Castigado o Sin Producto,SI,
60,deudor comercial,Transporte,Segmento B,Segmento B,Region 3,Zona 1,1,1,1,0,1,1,1,0,1,1,0,33,Malo,Regular,M,1,Cooperativas,56,21,0,23,88,1,57,59,32,20,53,41,35,55,72,0,0,1,1,0,1,0,0,1,Malo,NO SUJETO DE CREDITO,[1]Alta_Propension,Cliente Finaciado,SI,SALESFORCE - CCL
61,Microempresas,Turismo,Segmento B,Segmento B,Region 2,Zona 1,1,0,1,1,1,0,0,1,0,0,0,44,Malo,Malo,M,2,Sindicatos,24,42,79,6,32,79,46,55,32,60,98,20,54,65,57,1,0,1,1,0,0,0,0,1,Bueno,NO SUJETO DE CREDITO,[2]Media_Propension,Castigado o Sin Producto,SI,
62,Microempresas,Turismo,Segmento C,Segmento B,Region 2,Zona 3,1,0,1,1,1,1,1,1,1,1,0,52,Regular,Regular,F,2,SPA,93,34,51,49,30,19,82,15,98,16,80,50,40,60,44,0,0,1,1,1,1,0,0,1,Excelente,NO SUJETO DE CREDITO,[3]Baja_Propension,Castigado o Sin Producto,SI,
63,Microempresas,Turismo,Segmento B,Segmento B,Region 3,Zona 2,0,1,1,0,0,0,0,1,0,1,1,36,Regular,Regular,F,2,Sociedad,21,8,6,87,20,49,73,24,22,93,44,34,24,48,77,1,1,0,1,0,1,0,1,1,Bueno,CON OBSERVACIONES-EVALUABLE,[2]Media_Propension,Cliente No Financiado,SI,VENTA CENTRALIZADA
64,deudor comercial,Turismo,Segmento C,Segmento A,Region 3,Zona 1,1,1,0,1,0,0,1,1,1,1,1,22,Malo,Regular,M,2,Federacion,44,4,72,56,72,46,89,30,89,75,74,78,4,62,91,0,1,0,1,1,0,1,1,1,Bueno,NO SUJETO DE CREDITO,[1]Alta_Propension,Castigado o Sin Producto,SI,VENTA CENTRALIZADA
65,Microempresas,Turismo,Segmento B,Segmento C,Region 3,Zona 1,0,0,1,0,1,0,1,0,0,0,0,18,Malo,Regular,F,2,Sindicatos,21,1,90,0,11,98,34,32,47,62,70,54,47,7,38,0,1,1,1,0,0,1,0,1,Bueno,NO SUJETO DE CREDITO,[2]Media_Propension,Castigado o Sin Producto,NO,SALESFORCE -WEB
66,deudor no comercial,Turismo,Segmento C,Segmento C,Region 3,Zona 2,0,0,1,0,0,1,0,0,0,1,1,44,Regular,Malo,M,2,SPA,15,71,13,28,71,10,5,5,63,85,44,9,83,30,33,1,0,1,1,1,0,1,0,1,Malo,CON OBSERVACIONES-EVALUABLE,[3]Baja_Propension,Castigado o Sin Producto,NO,SALESFORCE -WEB
67,Microempresas,Transporte,Segmento C,Segmento A,Region 1,Zona 1,0,1,0,0,1,0,1,1,0,0,1,56,Regular,Malo,M,1,Sociedad,81,81,99,42,21,50,57,5,22,62,32,48,6,95,52,1,0,1,1,0,1,1,0,1,Bueno,CON OBSERVACIONES-EVALUABLE,[2]Media_Propension,Castigado o Sin Producto,NO,
68,Microempresas,Transporte,Segmento B,Segmento C,Region 3,Zona 1,1,1,1,0,1,1,1,0,0,0,1,25,Regular,Malo,F,1,Cooperativas,15,97,39,75,73,79,81,56,73,19,34,47,28,63,91,1,0,1,0,0,1,0,0,1,Bueno,CON OBSERVACIONES-EVALUABLE,[3]Baja_Propension,Cliente Finaciado,SI,VENTA CENTRALIZADA
69,deudor comercial,Turismo,Segmento C,Segmento C,Region 3,Zona 2,0,1,1,1,1,0,1,1,1,0,1,42,Bueno,Bueno,F,1,Sociedad,83,83,71,68,74,32,24,14,24,8,16,41,69,35,88,0,1,0,1,1,1,1,1,0,Bueno,CON OBSERVACIONES-EVALUABLE,[2]Media_Propension,Castigado o Sin Producto,SI,SALESFORCE -WEB
70,deudor no comercial,Turismo,Segmento C,Segmento C,Region 3,Zona 2,1,1,0,0,0,1,0,1,0,1,0,53,Regular,Bueno,M,2,Federacion,92,11,86,42,99,22,34,1,96,8,8,32,81,79,90,0,0,0,1,1,1,0,1,0,Bueno,SUJETO DE CREDITO-EVALUABLE,[2]Media_Propension,Cliente Finaciado,SI,
71,Microempresas,Turismo,Segmento C,Segmento B,Region 1,Zona 2,0,0,1,0,1,0,0,1,1,1,1,73,Regular,Bueno,M,2,SPA,75,54,12,78,29,17,92,55,75,4,36,51,15,25,57,1,1,0,1,0,1,1,1,1,Excelente,NO SUJETO DE CREDITO,[2]Media_Propension,Castigado o Sin Producto,SI,SALESFORCE - CCL
72,Microempresas,Comercial,Segmento A,Segmento B,Region 3,Zona 3,0,0,0,0,0,1,1,0,0,1,1,53,Bueno,Regular,F,2,Sociedad,35,78,94,28,38,52,2,4,98,20,66,73,69,6,3,0,1,0,0,0,0,0,0,1,Bueno,SUJETO DE CREDITO-EVALUABLE,[1]Alta_Propension,Cliente No Financiado,NO,SALESFORCE -WEB
73,Microempresas,Transporte,Segmento B,Segmento C,Region 1,Zona 3,1,0,1,0,1,0,0,1,0,0,1,19,Regular,Regular,F,2,Federacion,11,70,79,29,81,88,39,75,50,69,52,15,67,9,47,0,1,1,1,1,1,1,0,0,Bueno,NO SUJETO DE CREDITO,[2]Media_Propension,Castigado o Sin Producto,NO,RED SUCURSALES
74,deudor comercial,Comercial,Segmento A,Segmento A,Region 1,Zona 1,0,0,1,1,1,1,0,0,0,0,0,37,Malo,Bueno,M,1,Sindicatos,97,41,97,44,27,97,36,40,0,69,35,53,44,38,71,1,0,0,0,1,0,1,0,1,Excelente,CON OBSERVACIONES-EVALUABLE,[1]Alta_Propension,Cliente No Financiado,NO,VENTA CENTRALIZADA
75,Microempresas,Comercial,Segmento B,Segmento A,Region 3,Zona 2,0,1,0,0,0,1,0,1,0,1,0,59,Malo,Malo,M,2,Sindicatos,29,27,43,41,14,32,9,45,9,23,93,89,71,89,94,0,0,1,0,0,1,1,0,0,Malo,NO SUJETO DE CREDITO,[3]Baja_Propension,Cliente No Financiado,NO,
76,deudor no comercial,Transporte,Segmento C,Segmento C,Region 2,Zona 1,1,0,1,0,1,1,0,0,1,1,1,55,Bueno,Bueno,F,1,SPA,78,38,80,31,78,96,26,21,44,52,50,25,5,72,58,0,1,1,0,0,0,1,1,1,Bueno,SUJETO DE CREDITO-EVALUABLE,[1]Alta_Propension,Castigado o Sin Producto,SI,SALESFORCE - CCL
77,deudor comercial,Turismo,Segmento A,Segmento C,Region 3,Zona 2,1,0,1,0,0,1,0,0,1,1,0,31,Bueno,Malo,F,1,Cooperativas,6,24,83,22,64,22,46,23,36,36,91,98,50,82,53,1,1,1,0,1,0,0,1,1,Bueno,NO SUJETO DE CREDITO,[3]Baja_Propension,Cliente Finaciado,SI,SALESFORCE - CCL
78,Microempresas,Transporte,Segmento C,Segmento A,Region 3,Zona 2,0,0,0,0,0,0,1,0,1,1,0,31,Bueno,Bueno,F,1,Cooperativas,92,64,53,25,97,28,19,55,16,64,25,42,55,84,94,1,0,1,0,0,1,0,0,0,Bueno,NO SUJETO DE CREDITO,[2]Media_Propension,Cliente Finaciado,NO,SALESFORCE -WEB
79,deudor no comercial,Comercial,Segmento C,Segmento C,Region 1,Zona 3,1,1,0,1,0,0,1,1,1,1,0,42,Bueno,Bueno,M,1,Cooperativas,85,25,25,37,25,31,73,65,90,31,41,20,29,71,6,1,1,1,1,1,0,1,1,1,Excelente,SUJETO DE CREDITO-EVALUABLE,[1]Alta_Propension,Cliente No Financiado,SI,SALESFORCE - CCL
80,deudor no comercial,Comercial,Segmento A,Segmento B,Region 3,Zona 3,1,1,0,1,0,1,0,0,1,0,0,62,Bueno,Malo,F,1,SPA,45,30,5,85,83,74,19,26,95,87,64,84,92,1,38,1,1,1,1,1,0,1,1,0,Bueno,CON OBSERVACIONES-EVALUABLE,[2]Media_Propension,Castigado o Sin Producto,SI,
81,deudor comercial,Transporte,Segmento B,Segmento B,Region 2,Zona 1,0,0,0,0,1,1,0,0,0,1,0,73,Regular,Bueno,F,1,Sociedad,1,7,58,0,73,73,52,31,25,78,58,79,6,96,19,0,0,0,1,1,1,1,1,0,Excelente,NO SUJETO DE CREDITO,[2]Media_Propension,Castigado o Sin Producto,SI,SALESFORCE -WEB
82,deudor no comercial,Transporte,Segmento C,Segmento A,Region 1,Zona 2,1,0,1,0,1,0,0,1,0,1,1,18,Regular,Regular,F,2,Federacion,97,29,74,10,88,25,50,41,41,30,63,81,65,95,44,0,0,0,1,1,1,1,1,0,Excelente,CON OBSERVACIONES-EVALUABLE,[2]Media_Propension,Castigado o Sin Producto,NO,VENTA CENTRALIZADA
83,deudor no comercial,Comercial,Segmento B,Segmento C,Region 1,Zona 1,0,0,0,1,0,0,1,1,1,1,1,69,Malo,Bueno,M,2,Sociedad,24,74,73,56,83,93,18,54,43,91,47,8,60,46,56,0,0,1,1,1,1,1,1,0,Bueno,SUJETO DE CREDITO-EVALUABLE,[3]Baja_Propension,Cliente No Financiado,NO,VENTA CENTRALIZADA
84,deudor comercial,Transporte,Segmento C,Segmento B,Region 1,Zona 2,0,1,1,0,0,1,1,1,0,0,1,63,Malo,Bueno,F,1,SPA,65,25,24,80,17,95,8,86,25,73,46,46,47,34,34,1,1,0,1,1,1,0,1,0,Malo,SUJETO DE CREDITO-EVALUABLE,[2]Media_Propension,Cliente No Financiado,SI,RED SUCURSALES
85,deudor no comercial,Transporte,Segmento B,Segmento A,Region 1,Zona 1,1,0,0,1,1,0,1,0,1,1,0,43,Bueno,Malo,F,1,Federacion,44,20,33,14,92,44,39,96,65,1,85,58,32,27,80,0,1,0,0,0,1,0,0,1,Malo,CON OBSERVACIONES-EVALUABLE,[1]Alta_Propension,Castigado o Sin Producto,NO,VENTA CENTRALIZADA
86,deudor no comercial,Transporte,Segmento B,Segmento C,Region 1,Zona 1,1,0,0,0,0,1,0,1,0,1,1,73,Regular,Malo,F,1,Cooperativas,6,75,22,9,51,6,26,44,27,93,32,4,17,31,76,0,1,0,1,0,0,0,0,0,Malo,SUJETO DE CREDITO-EVALUABLE,[2]Media_Propension,Cliente No Financiado,SI,VENTA CENTRALIZADA
87,Microempresas,Transporte,Segmento B,Segmento A,Region 2,Zona 2,1,1,1,0,0,0,1,0,1,0,0,67,Regular,Bueno,M,1,Sindicatos,98,68,45,6,34,38,6,8,14,70,22,64,58,43,69,0,1,0,1,0,0,0,0,1,Bueno,NO SUJETO DE CREDITO,[1]Alta_Propension,Cliente Finaciado,SI,VENTA CENTRALIZADA
88,deudor no comercial,Comercial,Segmento C,Segmento A,Region 3,Zona 1,1,0,0,1,0,1,1,0,0,0,1,46,Bueno,Regular,M,1,Federacion,34,37,72,1,84,71,88,61,3,4,29,14,14,80,51,1,0,1,1,1,1,1,0,0,Malo,NO SUJETO DE CREDITO,[2]Media_Propension,Castigado o Sin Producto,SI,VENTA CENTRALIZADA
89,Microempresas,Transporte,Segmento C,Segmento C,Region 2,Zona 1,1,0,0,1,0,0,1,1,1,1,0,50,Regular,Regular,M,1,Sindicatos,20,2,54,85,88,91,95,89,74,86,91,30,52,55,86,1,1,0,1,1,0,0,1,1,Malo,SUJETO DE CREDITO-EVALUABLE,[1]Alta_Propension,Cliente Finaciado,NO,VENTA CENTRALIZADA
90,Microempresas,Transporte,Segmento C,Segmento C,Region 2,Zona 1,1,1,1,0,1,1,1,1,0,0,0,40,Bueno,Bueno,M,1,Federacion,58,54,80,76,94,69,46,56,68,85,11,72,89,18,64,1,1,0,1,1,1,0,1,1,Malo,SUJETO DE CREDITO-EVALUABLE,[1]Alta_Propension,Cliente Finaciado,NO,
91,deudor comercial,Comercial,Segmento C,Segmento B,Region 3,Zona 1,1,0,0,0,0,0,1,0,0,1,0,71,Bueno,Regular,F,1,Sindicatos,52,69,34,10,9,90,61,66,87,84,92,62,83,68,19,0,0,0,1,1,0,1,1,0,Malo,NO SUJETO DE CREDITO,[1]Alta_Propension,Cliente Finaciado,SI,SALESFORCE -WEB
92,deudor comercial,Turismo,Segmento C,Segmento A,Region 3,Zona 1,1,0,0,0,0,0,0,1,0,1,1,31,Malo,Regular,F,2,Federacion,28,59,75,82,40,73,86,56,58,14,59,54,56,85,7,1,1,0,1,1,1,0,0,1,Excelente,NO SUJETO DE CREDITO,[2]Media_Propension,Castigado o Sin Producto,NO,
93,deudor no comercial,Transporte,Segmento C,Segmento A,Region 1,Zona 3,0,1,0,0,1,1,0,1,0,1,0,23,Malo,Regular,M,1,Sindicatos,0,20,68,51,51,83,39,7,75,87,41,22,61,81,83,0,0,0,1,0,1,1,1,1,Bueno,NO SUJETO DE CREDITO,[1]Alta_Propension,Cliente No Financiado,SI,VENTA CENTRALIZADA
94,Microempresas,Turismo,Segmento C,Segmento C,Region 3,Zona 2,0,1,1,1,0,0,1,1,1,0,0,72,Malo,Bueno,M,1,Sindicatos,48,88,95,76,94,45,93,17,45,32,11,70,7,52,18,1,1,1,1,0,1,0,1,1,Malo,CON OBSERVACIONES-EVALUABLE,[1]Alta_Propension,Cliente No Financiado,SI,RED SUCURSALES
95,deudor comercial,Transporte,Segmento B,Segmento B,Region 3,Zona 2,1,0,0,1,1,0,0,1,0,1,1,45,Bueno,Bueno,F,2,Federacion,77,57,13,76,12,65,14,62,35,72,71,88,85,28,36,1,1,0,1,0,0,0,1,0,Bueno,CON OBSERVACIONES-EVALUABLE,[2]Media_Propension,Cliente No Financiado,SI,
96,Microempresas,Comercial,Segmento C,Segmento B,Region 1,Zona 3,0,0,1,1,1,1,1,1,1,0,1,66,Bueno,Regular,M,1,Sociedad,60,35,3,75,41,20,25,67,28,34,44,95,35,96,86,0,1,0,0,1,0,0,1,0,Malo,CON OBSERVACIONES-EVALUABLE,[2]Media_Propension,Castigado o Sin Producto,SI,
97,deudor no comercial,Turismo,Segmento A,Segmento A,Region 2,Zona 2,0,0,1,1,1,1,1,1,0,1,1,68,Bueno,Malo,M,2,Federacion,83,18,49,95,76,0,45,95,56,92,15,89,29,56,34,1,1,1,1,1,0,1,0,0,Malo,SUJETO DE CREDITO-EVALUABLE,[3]Baja_Propension,Cliente Finaciado,NO,RED SUCURSALES
98,Microempresas,Turismo,Segmento A,Segmento C,Region 2,Zona 2,0,1,0,0,0,0,1,0,0,1,0,60,Regular,Regular,F,1,Cooperativas,37,84,82,99,68,40,49,81,73,27,79,36,44,82,79,0,0,1,1,1,1,0,1,0,Bueno,CON OBSERVACIONES-EVALUABLE,[1]Alta_Propension,Castigado o Sin Producto,SI,SALESFORCE - CCL
99,deudor comercial,Comercial,Segmento C,Segmento C,Region 1,Zona 3,1,1,1,1,1,0,0,1,0,0,1,65,Bueno,Malo,F,2,Federacion,70,88,26,41,14,6,58,35,40,35,11,88,96,6,73,1,1,1,0,0,1,1,1,1,Excelente,NO SUJETO DE CREDITO,[3]Baja_Propension,Cliente Finaciado,NO,SALESFORCE - CCL
100,deudor comercial,Comercial,Segmento A,Segmento A,Region 2,Zona 2,1,0,1,0,0,0,0,1,1,1,1,74,Malo,Regular,M,1,SPA,61,68,78,67,7,95,88,70,98,78,18,89,0,97,28,1,0,1,0,0,0,0,0,0,Excelente,NO SUJETO DE CREDITO,[3]Baja_Propension,Castigado o Sin Producto,SI,RED SUCURSALES
101,deudor comercial,Comercial,Segmento A,Segmento B,Region 1,Zona 2,0,0,1,1,1,1,0,1,0,0,1,66,Regular,Bueno,F,2,Sindicatos,78,29,38,86,10,59,35,60,95,28,54,61,22,24,74,0,0,1,1,0,1,1,1,0,Excelente,SUJETO DE CREDITO-EVALUABLE,[2]Media_Propension,Castigado o Sin Producto,NO,SALESFORCE - CCL
102,Microempresas,Transporte,Segmento C,Segmento A,Region 1,Zona 2,1,0,0,0,1,1,0,0,1,1,0,68,Bueno,Regular,M,1,Sociedad,7,51,90,68,71,54,70,48,15,40,48,56,70,5,59,0,0,0,1,0,1,0,0,0,Malo,CON OBSERVACIONES-EVALUABLE,[2]Media_Propension,Cliente No Financiado,SI,SALESFORCE -WEB
103,Microempresas,Comercial,Segmento A,Segmento A,Region 2,Zona 2,0,1,0,1,0,1,1,1,1,0,0,19,Malo,Bueno,M,1,Sociedad,18,21,40,48,27,13,76,0,71,82,65,72,81,18,96,0,1,1,1,1,1,0,1,1,Malo,CON OBSERVACIONES-EVALUABLE,[2]Media_Propension,Cliente Finaciado,NO,RED SUCURSALES
104,deudor comercial,Comercial,Segmento C,Segmento C,Region 1,Zona 2,1,1,0,0,0,0,1,1,0,0,1,33,Malo,Malo,M,1,Sociedad,86,4,74,9,28,56,21,44,34,60,68,38,34,59,65,1,0,1,1,0,1,0,0,1,Excelente,CON OBSERVACIONES-EVALUABLE,[1]Alta_Propension,Castigado o Sin Producto,NO,SALESFORCE -WEB
105,Microempresas,Transporte,Segmento C,Segmento B,Region 2,Zona 3,1,1,1,1,0,1,1,1,1,0,0,32,Regular,Bueno,M,1,SPA,1,43,64,44,9,97,38,85,36,50,19,95,98,16,88,1,1,1,1,1,1,0,0,1,Excelente,NO SUJETO DE CREDITO,[3]Baja_Propension,Cliente No Financiado,SI,SALESFORCE -WEB
106,deudor no comercial,Turismo,Segmento C,Segmento B,Region 3,Zona 2,1,1,0,1,1,1,0,0,0,0,0,44,Malo,Regular,M,1,SPA,21,33,81,61,51,18,18,3,70,16,32,59,8,73,84,0,1,1,0,0,1,0,1,1,Excelente,SUJETO DE CREDITO-EVALUABLE,[3]Baja_Propension,Cliente No Financiado,SI,VENTA CENTRALIZADA
107,Microempresas,Turismo,Segmento A,Segmento C,Region 1,Zona 2,1,1,0,1,1,0,0,0,0,0,0,43,Malo,Bueno,M,2,Federacion,11,64,42,22,61,33,32,90,37,60,12,94,25,87,14,1,1,0,0,0,0,1,1,0,Excelente,NO SUJETO DE CREDITO,[1]Alta_Propension,Castigado o Sin Producto,NO,SALESFORCE -WEB
108,deudor comercial,Comercial,Segmento B,Segmento A,Region 2,Zona 2,0,1,0,0,1,1,0,0,1,1,1,67,Regular,Malo,F,1,Sociedad,58,37,63,72,18,87,17,88,89,37,13,1,88,54,55,0,1,1,0,0,0,0,0,0,Malo,SUJETO DE CREDITO-EVALUABLE,[3]Baja_Propension,Cliente No Financiado,NO,VENTA CENTRALIZADA
109,deudor comercial,Transporte,Segmento C,Segmento C,Region 3,Zona 3,1,1,0,1,1,0,0,1,1,1,0,28,Regular,Malo,M,1,Cooperativas,45,98,10,79,38,31,70,81,72,23,50,26,19,0,87,1,0,0,1,0,0,1,1,0,Excelente,CON OBSERVACIONES-EVALUABLE,[1]Alta_Propension,Cliente No Financiado,SI,SALESFORCE -WEB
110,deudor comercial,Comercial,Segmento C,Segmento A,Region 1,Zona 3,1,0,0,1,1,0,1,0,1,1,0,47,Regular,Malo,M,2,Cooperativas,78,55,21,75,86,62,96,94,21,50,46,46,67,11,81,1,0,0,1,0,0,0,0,0,Bueno,CON OBSERVACIONES-EVALUABLE,[2]Media_Propension,Cliente Finaciado,SI,RED SUCURSALES
111,deudor no comercial,Transporte,Segmento C,Segmento C,Region 3,Zona 1,1,1,1,1,1,0,0,0,1,1,1,24,Regular,Bueno,M,2,Federacion,95,20,52,54,17,22,23,47,30,73,54,68,79,90,90,0,0,0,0,0,0,1,0,1,Excelente,NO SUJETO DE CREDITO,[1]Alta_Propension,Castigado o Sin Producto,NO,
112,deudor no comercial,Transporte,Segmento B,Segmento B,Region 2,Zona 2,0,0,1,1,0,1,0,0,0,0,1,49,Regular,Bueno,F,1,Sindicatos,80,30,19,56,89,9,43,75,59,65,99,85,48,23,71,1,0,1,1,0,0,1,1,1,Malo,SUJETO DE CREDITO-EVALUABLE,[3]Baja_Propension,Castigado o Sin Producto,NO,
113,deudor comercial,Transporte,Segmento C,Segmento C,Region 1,Zona 2,1,1,0,1,1,1,0,1,1,0,1,73,Regular,Bueno,M,1,Sociedad,74,89,46,94,48,5,15,8,29,3,95,49,81,65,60,1,0,0,1,1,1,0,1,0,Bueno,CON OBSERVACIONES-EVALUABLE,[2]Media_Propension,Castigado o Sin Producto,NO,SALESFORCE - CCL
114,deudor comercial,Turismo,Segmento C,Segmento C,Region 1,Zona 3,1,0,1,0,0,0,1,1,0,1,1,20,Bueno,Bueno,M,2,Sociedad,89,86,76,13,33,81,26,32,52,32,23,62,40,87,6,0,1,0,1,1,0,1,0,0,Bueno,NO SUJETO DE CREDITO,[1]Alta_Propension,Cliente Finaciado,NO,
115,deudor no comercial,Transporte,Segmento C,Segmento B,Region 2,Zona 3,1,0,1,1,1,1,0,0,1,1,1,39,Bueno,Malo,F,1,Sindicatos,21,79,4,52,10,83,93,31,28,38,33,13,96,62,50,1,1,1,1,0,1,1,0,1,Excelente,SUJETO DE CREDITO-EVALUABLE,[1]Alta_Propension,Cliente No Financiado,SI,
116,deudor no comercial,Turismo,Segmento A,Segmento B,Region 3,Zona 3,0,1,0,1,1,0,0,1,0,1,0,50,Malo,Malo,M,1,Cooperativas,43,46,10,0,52,49,63,29,26,21,16,79,36,81,29,0,1,0,1,0,1,0,0,0,Excelente,NO SUJETO DE CREDITO,[2]Media_Propension,Cliente No Financiado,SI,RED SUCURSALES
117,Microempresas,Comercial,Segmento B,Segmento A,Region 3,Zona 1,1,0,0,0,1,1,0,0,0,1,1,49,Malo,Regular,M,2,Cooperativas,85,61,17,44,17,7,25,0,59,66,64,77,46,66,55,1,0,1,1,0,0,1,0,1,Bueno,SUJETO DE CREDITO-EVALUABLE,[3]Baja_Propension,Cliente Finaciado,NO,
118,deudor no comercial,Comercial,Segmento A,Segmento A,Region 3,Zona 3,0,1,1,1,0,0,0,1,0,0,0,58,Malo,Malo,M,2,Cooperativas,57,52,47,11,21,8,40,80,93,93,70,35,19,48,37,0,0,1,1,0,1,1,0,1,Excelente,CON OBSERVACIONES-EVALUABLE,[2]Media_Propension,Cliente Finaciado,NO,SALESFORCE - CCL
119,deudor comercial,Transporte,Segmento A,Segmento B,Region 2,Zona 2,1,1,0,1,0,0,0,1,0,0,0,65,Malo,Regular,M,2,Cooperativas,69,90,27,42,84,22,38,19,66,8,57,42,66,79,92,0,0,0,0,1,0,1,1,1,Bueno,NO SUJETO DE CREDITO,[1]Alta_Propension,Cliente No Financiado,NO,VENTA CENTRALIZADA
120,Microempresas,Comercial,Segmento C,Segmento B,Region 2,Zona 3,1,0,0,0,1,1,0,0,0,0,1,64,Malo,Regular,F,2,Sociedad,34,45,9,60,12,31,59,12,22,78,23,4,59,85,47,0,1,0,1,0,0,0,1,1,Bueno,CON OBSERVACIONES-EVALUABLE,[1]Alta_Propension,Castigado o Sin Producto,NO,VENTA CENTRALIZADA
121,deudor comercial,Comercial,Segmento A,Segmento A,Region 2,Zona 2,1,0,1,1,1,1,0,0,1,0,1,56,Regular,Bueno,M,2,Cooperativas,46,13,32,2,13,13,89,50,36,14,37,61,50,35,21,1,0,1,0,0,0,0,1,1,Bueno,SUJETO DE CREDITO-EVALUABLE,[1]Alta_Propension,Cliente Finaciado,SI,
122,deudor comercial,Turismo,Segmento B,Segmento C,Region 1,Zona 2,1,1,0,0,1,1,0,1,0,1,1,27,Regular,Malo,M,1,Sindicatos,94,93,59,22,90,73,58,34,95,30,62,82,55,33,76,1,1,0,0,0,0,0,0,0,Excelente,CON OBSERVACIONES-EVALUABLE,[3]Baja_Propension,Cliente Finaciado,NO,VENTA CENTRALIZADA
123,Microempresas,Transporte,Segmento A,Segmento C,Region 3,Zona 3,1,0,1,1,1,1,0,1,1,1,0,56,Malo,Bueno,F,1,Cooperativas,48,83,65,21,45,29,70,70,98,73,80,96,53,36,22,0,1,1,0,1,1,1,1,0,Excelente,SUJETO DE CREDITO-EVALUABLE,[3]Baja_Propension,Cliente Finaciado,NO,
124,deudor no comercial,Transporte,Segmento A,Segmento C,Region 3,Zona 3,0,0,0,1,0,1,0,0,1,1,0,74,Bueno,Malo,F,1,Federacion,28,95,82,89,23,35,21,32,71,56,55,5,35,67,24,0,0,0,0,1,0,0,1,1,Excelente,CON OBSERVACIONES-EVALUABLE,[2]Media_Propension,Cliente No Financiado,SI,SALESFORCE - CCL
125,deudor no comercial,Transporte,Segmento A,Segmento B,Region 1,Zona 3,1,0,0,1,1,0,0,0,1,1,0,53,Regular,Malo,M,1,Sindicatos,80,82,52,3,77,19,70,46,95,45,36,59,15,79,28,1,1,0,1,1,1,0,0,0,Bueno,CON OBSERVACIONES-EVALUABLE,[2]Media_Propension,Cliente Finaciado,NO,RED SUCURSALES
126,deudor comercial,Comercial,Segmento B,Segmento C,Region 2,Zona 1,0,0,0,0,0,1,0,0,0,0,0,51,Bueno,Regular,M,1,Cooperativas,26,91,96,97,94,41,9,86,60,35,85,56,43,54,40,1,0,0,0,0,0,0,0,1,Excelente,NO SUJETO DE CREDITO,[2]Media_Propension,Castigado o Sin Producto,NO,RED SUCURSALES
127,deudor no comercial,Comercial,Segmento B,Segmento A,Region 3,Zona 3,1,0,0,0,0,0,0,0,1,0,0,23,Malo,Malo,M,2,Cooperativas,81,87,58,48,38,58,87,2,70,71,37,53,51,2,92,1,0,1,1,1,0,0,0,0,Excelente,SUJETO DE CREDITO-EVALUABLE,[2]Media_Propension,Cliente No Financiado,NO,
128,Microempresas,Comercial,Segmento B,Segmento B,Region 3,Zona 2,0,0,1,1,0,1,1,0,0,1,0,26,Bueno,Regular,F,1,Cooperativas,79,74,18,37,78,3,53,59,69,79,5,50,3,11,99,0,1,1,0,0,1,0,0,0,Malo,CON OBSERVACIONES-EVALUABLE,[3]Baja_Propension,Cliente No Financiado,NO,
129,deudor no comercial,Transporte,Segmento A,Segmento B,Region 3,Zona 3,1,1,0,1,1,0,1,0,0,0,0,23,Malo,Malo,M,2,SPA,78,79,4,19,38,20,21,60,20,59,77,65,63,18,40,0,0,1,0,1,0,0,1,1,Excelente,NO SUJETO DE CREDITO,[3]Baja_Propension,Castigado o Sin Producto,SI,
130,deudor comercial,Transporte,Segmento A,Segmento A,Region 2,Zona 2,0,1,0,0,0,1,0,1,1,0,0,60,Malo,Regular,M,1,Sindicatos,49,17,55,74,57,61,38,46,18,85,81,67,11,91,62,0,1,1,0,1,1,1,0,0,Bueno,CON OBSERVACIONES-EVALUABLE,[3]Baja_Propension,Cliente Finaciado,NO,VENTA CENTRALIZADA
131,deudor no comercial,Turismo,Segmento A,Segmento B,Region 1,Zona 2,1,1,1,1,1,0,1,1,1,0,1,42,Bueno,Malo,M,2,Sociedad,78,79,30,84,95,49,93,48,93,84,4,34,49,60,65,1,0,1,1,0,0,1,1,1,Excelente,CON OBSERVACIONES-EVALUABLE,[2]Media_Propension,Castigado o Sin Producto,SI,SALESFORCE - CCL
132,deudor comercial,Turismo,Segmento C,Segmento A,Region 1,Zona 3,0,1,0,1,0,0,0,0,0,0,1,68,Regular,Bueno,M,1,Sindicatos,84,90,14,40,0,99,10,19,22,77,34,71,11,74,56,1,1,0,0,0,0,0,1,0,Bueno,NO SUJETO DE CREDITO,[1]Alta_Propension,Castigado o Sin Producto,NO,SALESFORCE -WEB
133,deudor no comercial,Transporte,Segmento B,Segmento A,Region 1,Zona 1,0,0,0,0,1,1,1,0,1,0,0,42,Malo,Malo,F,1,SPA,14,35,23,15,44,90,61,82,96,82,29,86,73,15,19,1,0,0,0,1,0,0,1,1,Malo,NO SUJETO DE CREDITO,[1]Alta_Propension,Castigado o Sin Producto,NO,RED SUCURSALES
134,deudor no comercial,Turismo,Segmento C,Segmento B,Region 2,Zona 2,0,1,1,1,0,0,0,1,0,0,0,55,Malo,Malo,F,2,Cooperativas,70,28,1,55,1,36,64,24,31,20,98,25,97,21,55,0,0,0,0,0,0,0,1,0,Malo,CON OBSERVACIONES-EVALUABLE,[1]Alta_Propension,Cliente No Financiado,SI,SALESFORCE -WEB
135,deudor no comercial,Turismo,Segmento C,Segmento B,Region 1,Zona 3,0,0,1,0,0,0,0,0,1,0,1,54,Malo,Regular,F,1,Cooperativas,9,16,19,41,55,62,80,84,43,61,85,97,42,25,67,1,0,1,1,0,1,1,0,1,Malo,SUJETO DE CREDITO-EVALUABLE,[1]Alta_Propension,Castigado o Sin Producto,NO,SALESFORCE -WEB
136,Microempresas,Comercial,Segmento B,Segmento A,Region 1,Zona 3,0,1,0,0,0,0,1,1,0,0,0,48,Malo,Regular,F,2,Cooperativas,64,3,64,50,95,47,2,1,96,89,26,77,55,3,54,0,1,0,0,1,1,1,1,1,Malo,SUJETO DE CREDITO-EVALUABLE,[3]Baja_Propension,Cliente No Financiado,SI,RED SUCURSALES
137,Microempresas,Transporte,Segmento C,Segmento A,Region 2,Zona 3,1,1,1,1,1,0,0,1,1,0,1,30,Bueno,Regular,F,2,Sociedad,34,38,57,32,68,55,35,9,9,13,29,46,33,89,91,1,1,0,0,0,0,0,0,1,Malo,CON OBSERVACIONES-EVALUABLE,[1]Alta_Propension,Castigado o Sin Producto,NO,SALESFORCE - CCL
138,deudor no comercial,Comercial,Segmento A,Segmento C,Region 3,Zona 3,0,1,0,0,1,1,0,1,1,1,0,38,Bueno,Malo,F,1,Sindicatos,39,15,40,79,33,93,51,58,66,33,58,67,30,87,57,1,0,1,0,0,1,1,0,0,Bueno,CON OBSERVACIONES-EVALUABLE,[3]Baja_Propension,Cliente No Financiado,SI,
139,Microempresas,Comercial,Segmento A,Segmento A,Region 1,Zona 3,0,1,0,1,1,1,1,1,0,1,1,19,Regular,Regular,F,1,SPA,53,45,10,65,66,36,95,51,22,12,23,22,50,79,6,1,0,1,1,1,0,1,1,0,Excelente,CON OBSERVACIONES-EVALUABLE,[3]Baja_Propension,Cliente No Financiado,SI,SALESFORCE -WEB
140,deudor no comercial,Comercial,Segmento A,Segmento B,Region 1,Zona 1,1,0,0,0,1,0,1,0,1,0,0,53,Bueno,Regular,F,2,Federacion,36,76,76,41,46,82,39,77,76,75,17,58,19,57,74,0,1,1,1,0,0,1,0,0,Excelente,NO SUJETO DE CREDITO,[2]Media_Propension,Castigado o Sin Producto,NO,
141,deudor comercial,Turismo,Segmento C,Segmento A,Region 3,Zona 1,0,0,0,0,1,1,0,0,0,1,0,73,Regular,Regular,F,2,Sociedad,16,39,20,45,59,50,30,36,84,42,43,34,73,41,4,1,1,0,1,1,0,1,1,0,Bueno,NO SUJETO DE CREDITO,[2]Media_Propension,Cliente No Financiado,NO,
142,deudor comercial,Transporte,Segmento B,Segmento C,Region 1,Zona 2,0,0,1,1,1,0,1,0,1,1,1,20,Bueno,Malo,F,1,Sindicatos,59,92,80,27,39,92,34,33,87,61,85,88,51,86,9,0,1,0,1,1,1,0,0,1,Bueno,CON OBSERVACIONES-EVALUABLE,[1]Alta_Propension,Cliente Finaciado,SI,
143,deudor comercial,Transporte,Segmento B,Segmento B,Region 1,Zona 3,1,0,1,0,1,1,1,1,0,0,0,41,Malo,Malo,F,2,Sindicatos,50,78,49,92,66,62,54,83,31,22,48,31,69,15,99,0,1,0,0,1,0,1,0,0,Bueno,CON OBSERVACIONES-EVALUABLE,[2]Media_Propension,Castigado o Sin Producto,SI,SALESFORCE - CCL
144,Microempresas,Transporte,Segmento A,Segmento A,Region 1,Zona 2,0,1,1,0,0,1,1,0,0,1,1,66,Bueno,Regular,M,1,Cooperativas,3,19,11,66,6,61,40,83,27,33,51,48,15,75,86,1,0,0,0,1,1,1,0,1,Excelente,SUJETO DE CREDITO-EVALUABLE,[1]Alta_Propension,Castigado o Sin Producto,NO,
145,Microempresas,Turismo,Segmento C,Segmento C,Region 1,Zona 3,1,1,1,0,0,1,0,0,1,0,1,38,Regular,Regular,F,1,Sindicatos,32,45,9,16,94,93,0,31,6,69,67,54,65,5,8,1,1,0,1,0,0,1,1,0,Malo,CON OBSERVACIONES-EVALUABLE,[3]Baja_Propension,Castigado o Sin Producto,NO,VENTA CENTRALIZADA
146,deudor no comercial,Turismo,Segmento A,Segmento B,Region 3,Zona 1,0,1,1,0,1,1,1,0,0,0,0,55,Malo,Malo,M,2,Federacion,16,94,73,69,97,58,65,81,56,84,48,6,49,59,53,0,1,0,0,0,1,0,0,1,Excelente,NO SUJETO DE CREDITO,[3]Baja_Propension,Castigado o Sin Producto,SI,SALESFORCE - CCL
147,deudor comercial,Turismo,Segmento A,Segmento B,Region 2,Zona 1,0,0,1,0,1,0,1,1,0,0,0,20,Regular,Regular,F,1,Cooperativas,25,99,95,97,15,64,43,42,89,62,78,30,59,97,78,0,1,1,0,1,0,0,1,0,Excelente,NO SUJETO DE CREDITO,[2]Media_Propension,Castigado o Sin Producto,SI,
148,Microempresas,Comercial,Segmento A,Segmento B,Region 2,Zona 2,0,1,1,0,1,0,0,0,1,0,0,28,Regular,Bueno,F,1,SPA,46,78,69,60,25,14,8,75,10,7,30,0,40,91,87,1,1,0,1,1,1,0,0,1,Excelente,SUJETO DE CREDITO-EVALUABLE,[2]Media_Propension,Cliente No Financiado,SI,SALESFORCE -WEB
149,Microempresas,Turismo,Segmento C,Segmento A,Region 2,Zona 3,1,0,0,0,1,0,0,1,1,1,1,68,Bueno,Regular,M,2,Federacion,81,1,90,20,49,43,2,4,37,23,18,61,98,16,26,1,1,1,1,1,1,0,1,0,Excelente,SUJETO DE CREDITO-EVALUABLE,[2]Media_Propension,Cliente No Financiado,SI,SALESFORCE - CCL
150,deudor comercial,Transporte,Segmento C,Segmento A,Region 3,Zona 2,0,1,1,1,0,0,0,1,0,0,1,40,Malo,Malo,M,2,Sociedad,12,49,77,73,51,0,76,7,81,24,18,75,94,95,95,1,1,1,0,1,1,1,1,1,Bueno,NO SUJETO DE CREDITO,[1]Alta_Propension,Castigado o Sin Producto,SI,VENTA CENTRALIZADA
151,Microempresas,Comercial,Segmento B,Segmento C,Region 2,Zona 3,1,0,0,1,0,1,0,0,1,1,0,23,Regular,Regular,F,2,Federacion,43,73,41,15,45,96,74,22,15,62,0,96,26,83,23,0,0,0,1,0,0,1,1,1,Malo,SUJETO DE CREDITO-EVALUABLE,[2]Media_Propension,Cliente No Financiado,SI,SALESFORCE - CCL
152,deudor no comercial,Turismo,Segmento A,Segmento B,Region 3,Zona 3,1,0,0,1,1,0,1,0,0,1,1,62,Bueno,Malo,M,2,Sindicatos,0,84,22,46,34,44,26,59,77,26,56,44,75,33,98,0,0,0,0,1,0,0,1,0,Malo,NO SUJETO DE CREDITO,[2]Media_Propension,Cliente No Financiado,NO,
153,deudor no comercial,Transporte,Segmento C,Segmento A,Region 1,Zona 1,0,1,0,0,1,1,0,0,1,0,1,46,Malo,Malo,M,2,Federacion,17,9,59,68,14,14,33,30,20,0,4,35,6,48,33,0,1,1,1,1,1,1,0,1,Bueno,CON OBSERVACIONES-EVALUABLE,[3]Baja_Propension,Cliente No Financiado,SI,
154,deudor comercial,Turismo,Segmento B,Segmento C,Region 3,Zona 2,1,1,0,0,0,1,1,1,1,0,1,39,Regular,Regular,F,2,Cooperativas,67,3,55,77,68,41,38,17,90,65,20,85,95,26,82,1,0,0,1,1,1,0,1,1,Malo,CON OBSERVACIONES-EVALUABLE,[1]Alta_Propension,Cliente Finaciado,SI,SALESFORCE - CCL
155,deudor comercial,Transporte,Segmento C,Segmento A,Region 3,Zona 2,0,0,1,0,1,1,0,0,0,1,1,42,Bueno,Regular,F,2,Sociedad,56,71,30,1,72,40,20,64,41,83,27,99,30,54,72,0,0,0,1,0,0,1,1,0,Excelente,NO SUJETO DE CREDITO,[2]Media_Propension,Cliente Finaciado,SI,VENTA CENTRALIZADA
156,Microempresas,Transporte,Segmento A,Segmento C,Region 3,Zona 1,0,0,0,0,1,0,1,0,0,0,1,69,Malo,Malo,F,1,Sindicatos,0,9,29,34,87,69,94,98,4,69,46,85,61,18,76,0,0,0,0,0,1,1,0,0,Malo,NO SUJETO DE CREDITO,[1]Alta_Propension,Cliente No Financiado,SI,RED SUCURSALES
157,deudor no comercial,Turismo,Segmento A,Segmento C,Region 1,Zona 2,0,0,1,0,0,1,1,1,1,1,1,55,Regular,Regular,M,1,SPA,85,12,17,80,94,22,37,10,45,41,74,5,34,86,45,1,0,1,1,0,1,1,0,0,Malo,CON OBSERVACIONES-EVALUABLE,[1]Alta_Propension,Cliente No Financiado,SI,VENTA CENTRALIZADA
158,deudor comercial,Comercial,Segmento B,Segmento B,Region 1,Zona 2,0,0,0,1,0,0,0,0,0,1,0,57,Malo,Malo,F,2,Sindicatos,67,81,33,18,93,91,66,45,42,9,88,89,4,56,34,1,0,1,0,1,0,0,0,1,Bueno,NO SUJETO DE CREDITO,[3]Baja_Propension,Cliente Finaciado,NO,SALESFORCE - CCL
159,deudor no comercial,Transporte,Segmento B,Segmento B,Region 1,Zona 2,1,0,1,1,0,1,0,0,0,1,1,38,Bueno,Malo,M,2,Cooperativas,74,81,27,42,62,47,96,32,72,41,56,61,79,2,21,0,1,0,1,0,1,1,1,1,Bueno,NO SUJETO DE CREDITO,[3]Baja_Propension,Cliente Finaciado,SI,SALESFORCE -WEB
160,deudor comercial,Comercial,Segmento B,Segmento A,Region 2,Zona 3,1,0,0,1,0,1,1,1,0,1,0,68,Bueno,Regular,F,2,Federacion,75,5,8,89,96,99,86,25,53,93,99,4,43,33,28,1,0,0,0,1,0,0,0,0,Malo,SUJETO DE CREDITO-EVALUABLE,[3]Baja_Propension,Castigado o Sin Producto,NO,RED SUCURSALES
161,Microempresas,Turismo,Segmento C,Segmento C,Region 3,Zona 1,0,1,1,0,0,0,1,1,0,0,0,56,Malo,Malo,F,2,Cooperativas,28,84,34,86,10,68,87,23,37,36,81,1,7,45,70,0,0,1,1,1,0,0,0,0,Excelente,CON OBSERVACIONES-EVALUABLE,[1]Alta_Propension,Cliente No Financiado,NO,RED SUCURSALES
162,Microempresas,Transporte,Segmento C,Segmento A,Region 1,Zona 2,1,0,0,0,0,0,0,0,0,1,0,71,Malo,Regular,M,1,SPA,47,64,74,36,87,17,11,12,26,18,58,82,42,25,56,1,1,0,1,1,0,0,0,1,Malo,CON OBSERVACIONES-EVALUABLE,[2]Media_Propension,Cliente No Financiado,NO,VENTA CENTRALIZADA
163,deudor no comercial,Transporte,Segmento C,Segmento B,Region 1,Zona 2,1,0,1,1,0,1,0,0,0,0,0,44,Bueno,Regular,M,2,Cooperativas,17,0,13,40,86,44,46,16,95,76,5,83,11,86,50,0,0,0,1,0,1,0,1,1,Excelente,SUJETO DE CREDITO-EVALUABLE,[1]Alta_Propension,Castigado o Sin Producto,NO,SALESFORCE - CCL
164,deudor comercial,Comercial,Segmento C,Segmento C,Region 2,Zona 2,0,0,0,1,0,1,1,1,0,0,1,46,Regular,Malo,M,2,Sindicatos,71,48,91,43,47,12,83,84,62,48,94,72,59,34,17,0,1,1,0,0,1,0,1,1,Malo,SUJETO DE CREDITO-EVALUABLE,[1]Alta_Propension,Castigado o Sin Producto,NO,SALESFORCE -WEB
165,deudor comercial,Comercial,Segmento B,Segmento B,Region 1,Zona 3,0,0,0,0,0,0,0,0,0,1,0,19,Malo,Malo,M,2,Federacion,30,21,99,67,70,32,38,36,74,30,6,24,99,35,7,1,0,1,0,0,1,1,1,1,Malo,CON OBSERVACIONES-EVALUABLE,[3]Baja_Propension,Cliente Finaciado,SI,VENTA CENTRALIZADA
166,deudor no comercial,Comercial,Segmento A,Segmento C,Region 3,Zona 2,0,0,0,0,1,1,0,1,0,1,0,39,Malo,Regular,M,2,Cooperativas,82,39,65,47,71,78,94,16,10,22,0,51,79,89,60,0,1,0,1,1,1,1,1,1,Malo,CON OBSERVACIONES-EVALUABLE,[3]Baja_Propension,Castigado o Sin Producto,SI,RED SUCURSALES
167,deudor no comercial,Comercial,Segmento A,Segmento A,Region 1,Zona 1,0,1,0,0,1,0,1,1,1,1,0,19,Bueno,Bueno,M,1,Sociedad,9,20,38,73,75,15,87,19,92,16,79,66,62,40,55,1,1,1,1,1,1,0,1,0,Bueno,CON OBSERVACIONES-EVALUABLE,[2]Media_Propension,Cliente No Financiado,SI,
168,deudor no comercial,Transporte,Segmento B,Segmento A,Region 3,Zona 2,0,1,0,0,0,0,0,1,0,1,0,33,Malo,Malo,M,1,Sociedad,93,43,2,28,63,72,9,81,35,95,33,63,29,49,75,1,0,0,0,1,1,1,0,1,Malo,NO SUJETO DE CREDITO,[2]Media_Propension,Cliente Finaciado,NO,VENTA CENTRALIZADA
169,Microempresas,Comercial,Segmento A,Segmento A,Region 2,Zona 2,1,1,1,0,0,1,0,1,0,0,1,26,Bueno,Bueno,F,2,Sindicatos,61,30,14,73,7,36,1,20,70,40,89,69,12,8,99,1,0,0,0,0,0,0,0,1,Bueno,NO SUJETO DE CREDITO,[2]Media_Propension,Cliente No Financiado,NO,
170,deudor no comercial,Comercial,Segmento C,Segmento C,Region 2,Zona 2,0,0,0,0,1,1,1,1,1,1,1,37,Malo,Bueno,F,2,Sindicatos,91,3,20,47,82,3,26,47,34,3,5,97,60,16,69,0,1,0,0,0,1,0,1,0,Excelente,CON OBSERVACIONES-EVALUABLE,[2]Media_Propension,Castigado o Sin Producto,SI,
171,deudor no comercial,Comercial,Segmento B,Segmento A,Region 1,Zona 1,1,1,1,0,0,0,1,1,1,1,1,49,Regular,Bueno,M,2,Cooperativas,43,60,53,97,54,8,26,19,11,39,56,8,45,45,87,0,1,0,1,1,1,1,1,0,Malo,NO SUJETO DE CREDITO,[1]Alta_Propension,Cliente No Financiado,NO,
172,Microempresas,Comercial,Segmento A,Segmento A,Region 3,Zona 1,0,0,1,0,0,1,1,1,1,1,0,59,Bueno,Bueno,M,1,Sindicatos,90,16,49,30,53,24,97,50,57,17,1,93,35,29,33,0,1,1,0,0,1,1,1,0,Excelente,CON OBSERVACIONES-EVALUABLE,[2]Media_Propension,Cliente No Financiado,NO,
173,deudor no comercial,Turismo,Segmento C,Segmento C,Region 1,Zona 2,1,1,1,1,1,1,1,0,1,1,0,33,Regular,Malo,F,2,Cooperativas,96,36,12,1,12,17,64,85,12,38,5,51,20,99,91,1,0,0,1,0,1,1,0,0,Excelente,NO SUJETO DE CREDITO,[1]Alta_Propension,Cliente No Financiado,SI,SALESFORCE - CCL
174,deudor comercial,Transporte,Segmento C,Segmento C,Region 2,Zona 2,1,1,0,1,0,0,1,0,0,1,1,30,Regular,Bueno,F,2,SPA,91,90,36,80,99,39,2,61,78,70,83,17,56,47,22,1,0,1,1,0,1,1,1,0,Malo,CON OBSERVACIONES-EVALUABLE,[1]Alta_Propension,Cliente Finaciado,SI,SALESFORCE -WEB
175,deudor no comercial,Comercial,Segmento A,Segmento B,Region 3,Zona 3,0,0,1,1,1,1,0,0,0,0,1,61,Bueno,Bueno,M,2,SPA,51,21,26,70,8,97,4,1,93,43,21,17,71,65,91,1,0,1,0,1,1,0,0,0,Malo,SUJETO DE CREDITO-EVALUABLE,[2]Media_Propension,Cliente No Financiado,NO,SALESFORCE - CCL
176,deudor no comercial,Transporte,Segmento B,Segmento A,Region 2,Zona 3,0,0,0,1,1,1,0,1,1,0,0,57,Regular,Bueno,F,2,Sociedad,98,80,33,44,10,74,90,70,76,94,20,49,54,97,97,0,0,1,1,0,1,1,1,1,Malo,SUJETO DE CREDITO-EVALUABLE,[3]Baja_Propension,Cliente No Financiado,NO,RED SUCURSALES
177,Microempresas,Transporte,Segmento C,Segmento A,Region 1,Zona 3,1,1,1,1,1,1,1,1,1,1,0,24,Malo,Regular,F,2,Sociedad,24,22,77,16,25,82,7,52,58,82,15,12,47,43,60,1,1,0,0,1,1,0,0,1,Malo,CON OBSERVACIONES-EVALUABLE,[1]Alta_Propension,Cliente No Financiado,NO,SALESFORCE - CCL
178,Microempresas,Transporte,Segmento A,Segmento C,Region 2,Zona 2,0,0,0,0,0,0,1,0,0,1,1,34,Bueno,Malo,M,2,Sociedad,2,81,23,14,11,10,63,67,59,57,3,17,21,6,2,1,0,0,1,0,1,1,1,0,Bueno,SUJETO DE CREDITO-EVALUABLE,[3]Baja_Propension,Cliente No Financiado,SI,RED SUCURSALES
179,deudor no comercial,Transporte,Segmento C,Segmento C,Region 1,Zona 3,1,0,0,0,1,0,0,1,0,0,0,49,Malo,Malo,F,1,Federacion,80,64,45,1,44,95,13,50,27,91,39,3,27,83,1,1,1,0,0,1,1,0,0,0,Bueno,CON OBSERVACIONES-EVALUABLE,[1]Alta_Propension,Cliente Finaciado,SI,RED SUCURSALES
180,deudor no comercial,Turismo,Segmento B,Segmento B,Region 2,Zona 3,1,0,1,0,0,1,1,1,0,0,1,63,Malo,Malo,F,1,SPA,83,34,29,93,7,47,41,44,11,54,0,9,85,15,29,0,1,0,1,1,0,1,1,0,Malo,NO SUJETO DE CREDITO,[2]Media_Propension,Castigado o Sin Producto,NO,SALESFORCE -WEB
181,deudor comercial,Comercial,Segmento A,Segmento B,Region 2,Zona 3,1,0,0,0,0,1,0,0,0,0,0,31,Malo,Regular,M,1,Sociedad,81,79,15,86,31,94,46,66,13,78,66,49,98,91,98,0,1,1,0,0,1,1,1,1,Bueno,NO SUJETO DE CREDITO,[1]Alta_Propension,Cliente Finaciado,NO,
182,Microempresas,Transporte,Segmento C,Segmento A,Region 2,Zona 3,0,1,1,0,1,1,1,0,0,0,1,25,Regular,Bueno,M,2,Sindicatos,87,88,26,14,6,90,46,2,32,51,5,60,47,68,64,1,1,1,1,0,1,0,0,1,Excelente,NO SUJETO DE CREDITO,[3]Baja_Propension,Cliente Finaciado,SI,SALESFORCE - CCL
183,deudor no comercial,Turismo,Segmento B,Segmento A,Region 3,Zona 2,0,0,0,0,1,1,0,0,1,0,0,25,Regular,Malo,F,2,SPA,94,76,35,69,49,61,31,15,75,68,77,66,8,60,9,1,1,1,0,1,1,1,1,1,Bueno,SUJETO DE CREDITO-EVALUABLE,[3]Baja_Propension,Castigado o Sin Producto,NO,RED SUCURSALES
184,deudor no comercial,Transporte,Segmento C,Segmento C,Region 2,Zona 2,1,0,0,1,0,1,1,1,1,1,1,44,Bueno,Malo,F,1,Sindicatos,29,72,19,71,24,56,53,13,48,81,69,20,25,36,37,1,0,0,0,1,1,1,0,0,Bueno,SUJETO DE CREDITO-EVALUABLE,[1]Alta_Propension,Castigado o Sin Producto,NO,
185,deudor comercial,Turismo,Segmento A,Segmento A,Region 2,Zona 3,0,0,1,0,1,0,1,1,0,0,0,26,Malo,Bueno,M,1,Sociedad,94,7,12,60,69,57,7,60,45,22,98,88,88,66,61,1,1,1,0,0,1,1,1,0,Excelente,CON OBSERVACIONES-EVALUABLE,[3]Baja_Propension,Cliente Finaciado,SI,SALESFORCE -WEB
186,deudor comercial,Transporte,Segmento C,Segmento B,Region 3,Zona 3,0,0,1,1,1,0,1,0,0,0,1,19,Bueno,Regular,M,1,Sociedad,62,69,66,87,32,83,7,58,13,16,32,65,79,22,64,1,0,0,1,0,0,1,0,0,Malo,NO SUJETO DE CREDITO,[2]Media_Propension,Cliente Finaciado,NO,VENTA CENTRALIZADA
187,Microempresas,Turismo,Segmento B,Segmento C,Region 2,Zona 2,0,0,0,1,0,0,1,1,0,0,1,42,Regular,Regular,M,1,Sindicatos,92,59,96,73,11,1,14,64,72,92,58,71,97,53,30,0,1,1,0,1,0,1,0,1,Malo,SUJETO DE CREDITO-EVALUABLE,[1]Alta_Propension,Cliente No Financiado,SI,RED SUCURSALES
188,deudor comercial,Transporte,Segmento C,Segmento B,Region 1,Zona 1,0,1,0,0,1,1,1,1,0,0,1,18,Malo,Malo,F,1,Sociedad,57,46,81,2,57,44,88,3,85,54,49,2,72,29,37,1,1,0,0,1,1,0,1,0,Bueno,SUJETO DE CREDITO-EVALUABLE,[3]Baja_Propension,Castigado o Sin Producto,NO,
189,deudor comercial,Transporte,Segmento C,Segmento B,Region 3,Zona 3,1,0,1,1,1,0,0,0,1,0,1,70,Malo,Malo,F,2,Sindicatos,14,27,30,21,16,31,75,89,93,7,12,84,79,60,59,0,0,1,0,1,0,1,0,1,Malo,SUJETO DE CREDITO-EVALUABLE,[1]Alta_Propension,Castigado o Sin Producto,NO,SALESFORCE - CCL
190,deudor no comercial,Transporte,Segmento A,Segmento C,Region 3,Zona 1,1,0,1,0,0,0,0,0,1,0,0,72,Regular,Bueno,M,2,Federacion,27,15,43,56,14,47,45,55,68,70,12,44,57,26,82,1,0,0,1,0,1,0,1,1,Malo,NO SUJETO DE CREDITO,[1]Alta_Propension,Cliente No Financiado,SI,RED SUCURSALES
191,deudor comercial,Turismo,Segmento A,Segmento A,Region 1,Zona 3,0,1,0,0,1,1,0,1,1,1,0,66,Bueno,Bueno,M,1,Sociedad,8,86,30,26,66,39,31,76,23,23,73,78,74,2,12,0,1,0,1,0,1,1,1,0,Bueno,CON OBSERVACIONES-EVALUABLE,[2]Media_Propension,Cliente No Financiado,NO,SALESFORCE - CCL
192,deudor no comercial,Comercial,Segmento C,Segmento A,Region 2,Zona 3,1,0,0,1,0,0,0,1,0,1,1,25,Bueno,Malo,F,2,Cooperativas,82,72,67,18,39,66,14,42,54,96,23,6,94,8,74,1,0,1,1,0,1,0,0,0,Bueno,CON OBSERVACIONES-EVALUABLE,[2]Media_Propension,Castigado o Sin Producto,NO,SALESFORCE -WEB
193,Microempresas,Comercial,Segmento C,Segmento C,Region 3,Zona 1,1,1,1,0,1,0,1,0,1,0,0,28,Malo,Bueno,F,2,SPA,72,29,99,10,50,7,40,19,16,65,45,48,86,46,71,0,0,1,0,0,1,0,0,1,Excelente,CON OBSERVACIONES-EVALUABLE,[2]Media_Propension,Cliente No Financiado,NO,
194,deudor no comercial,Transporte,Segmento B,Segmento A,Region 1,Zona 2,1,1,1,1,0,0,0,0,1,0,1,68,Malo,Malo,F,2,Sindicatos,31,61,77,94,89,73,32,87,23,51,22,23,15,34,87,1,0,1,1,0,1,1,0,1,Bueno,SUJETO DE CREDITO-EVALUABLE,[2]Media_Propension,Castigado o Sin Producto,SI,RED SUCURSALES
195,deudor no comercial,Turismo,Segmento C,Segmento C,Region 3,Zona 1,1,1,1,1,0,0,1,0,1,1,0,40,Regular,Malo,M,2,Cooperativas,20,79,37,52,47,60,52,68,29,17,7,86,3,95,50,1,0,1,1,1,1,1,1,1,Bueno,NO SUJETO DE CREDITO,[3]Baja_Propension,Castigado o Sin Producto,SI,SALESFORCE -WEB
196,deudor no comercial,Comercial,Segmento C,Segmento B,Region 3,Zona 3,1,0,1,1,1,0,0,0,0,0,0,55,Bueno,Regular,F,2,Sindicatos,15,57,48,92,80,23,48,37,86,49,39,71,69,79,32,1,0,1,0,1,0,0,0,0,Excelente,SUJETO DE CREDITO-EVALUABLE,[3]Baja_Propension,Castigado o Sin Producto,SI,SALESFORCE -WEB
197,deudor no comercial,Comercial,Segmento C,Segmento B,Region 1,Zona 2,1,1,1,1,0,1,0,0,1,0,1,28,Bueno,Bueno,F,1,Sindicatos,12,88,86,76,14,95,89,51,70,40,11,46,45,90,88,0,0,0,1,0,1,1,0,1,Excelente,NO SUJETO DE CREDITO,[3]Baja_Propension,Cliente Finaciado,NO,SALESFORCE - CCL
198,deudor no comercial,Transporte,Segmento B,Segmento B,Region 1,Zona 2,0,1,1,1,1,0,0,1,1,0,0,49,Malo,Regular,F,2,Federacion,99,49,34,25,45,67,70,1,14,5,78,44,57,26,2,0,0,0,0,0,0,0,1,0,Malo,SUJETO DE CREDITO-EVALUABLE,[3]Baja_Propension,Castigado o Sin Producto,SI,RED SUCURSALES
199,deudor no comercial,Turismo,Segmento A,Segmento C,Region 3,Zona 3,0,0,1,0,1,1,0,0,1,1,1,21,Regular,Malo,M,1,SPA,44,51,56,7,21,76,34,98,58,73,22,90,37,4,78,1,0,1,1,0,0,1,1,1,Bueno,CON OBSERVACIONES-EVALUABLE,[3]Baja_Propension,Cliente Finaciado,SI,SALESFORCE -WEB
200,deudor comercial,Transporte,Segmento A,Segmento C,Region 3,Zona 2,1,1,1,1,0,1,1,1,1,1,1,51,Bueno,Malo,M,1,Sindicatos,3,0,99,60,96,10,61,26,37,70,40,29,22,6,51,1,0,0,1,1,1,1,1,0,Malo,CON OBSERVACIONES-EVALUABLE,[3]Baja_Propension,Castigado o Sin Producto,NO,VENTA CENTRALIZADA
201,deudor comercial,Transporte,Segmento A,Segmento C,Region 2,Zona 1,0,0,1,1,1,0,1,1,1,1,1,54,Malo,Regular,F,2,Sindicatos,84,39,1,85,63,85,56,97,13,76,58,99,28,31,34,1,1,0,0,0,0,1,0,1,Malo,NO SUJETO DE CREDITO,[2]Media_Propension,Castigado o Sin Producto,NO,SALESFORCE - CCL
202,Microempresas,Comercial,Segmento C,Segmento A,Region 3,Zona 1,0,0,1,0,1,0,0,1,1,1,0,57,Regular,Malo,F,2,Sindicatos,89,54,9,80,30,2,12,54,38,81,54,83,98,95,91,1,0,1,0,1,1,0,1,0,Bueno,CON OBSERVACIONES-EVALUABLE,[1]Alta_Propension,Cliente No Financiado,NO,VENTA CENTRALIZADA
203,deudor no comercial,Comercial,Segmento A,Segmento A,Region 2,Zona 2,0,1,1,1,1,1,0,1,1,1,1,73,Bueno,Bueno,F,1,Sindicatos,66,0,20,65,38,80,32,31,64,60,76,42,97,33,74,0,0,0,1,0,0,0,1,1,Malo,SUJETO DE CREDITO-EVALUABLE,[1]Alta_Propension,Cliente Finaciado,NO,SALESFORCE - CCL
204,deudor comercial,Comercial,Segmento A,Segmento C,Region 2,Zona 1,0,1,0,1,0,0,0,1,0,0,1,68,Malo,Bueno,F,1,Sociedad,45,76,83,57,22,25,8,0,77,81,21,48,18,7,37,0,0,0,1,1,0,1,1,0,Excelente,CON OBSERVACIONES-EVALUABLE,[1]Alta_Propension,Castigado o Sin Producto,NO,VENTA CENTRALIZADA
205,deudor no comercial,Comercial,Segmento C,Segmento B,Region 2,Zona 1,0,1,1,0,0,0,1,0,1,0,0,25,Malo,Malo,F,2,Cooperativas,62,25,82,45,23,85,28,74,44,16,20,90,76,57,14,1,1,0,0,0,1,0,1,1,Excelente,NO SUJETO DE CREDITO,[2]Media_Propension,Cliente Finaciado,NO,RED SUCURSALES
206,Microempresas,Transporte,Segmento B,Segmento C,Region 2,Zona 2,1,1,1,0,0,1,1,0,0,0,0,61,Regular,Bueno,F,1,Sociedad,56,12,80,16,77,8,79,1,97,54,64,34,48,34,88,0,0,1,0,0,0,1,0,0,Excelente,SUJETO DE CREDITO-EVALUABLE,[2]Media_Propension,Cliente Finaciado,SI,SALESFORCE -WEB
207,Microempresas,Transporte,Segmento A,Segmento B,Region 2,Zona 1,0,1,1,0,1,0,1,0,1,0,1,66,Malo,Malo,F,1,Federacion,6,13,46,96,64,21,45,59,18,32,74,82,42,10,47,1,0,0,1,1,1,0,0,0,Bueno,SUJETO DE CREDITO-EVALUABLE,[1]Alta_Propension,Cliente No Financiado,SI,RED SUCURSALES
208,deudor no comercial,Turismo,Segmento A,Segmento A,Region 2,Zona 3,0,0,0,1,1,0,0,1,1,0,0,61,Regular,Bueno,M,1,Sociedad,21,10,5,19,35,12,5,16,91,36,26,93,47,27,5,1,1,1,1,1,0,1,1,0,Bueno,NO SUJETO DE CREDITO,[3]Baja_Propension,Cliente Finaciado,SI,
209,deudor no comercial,Turismo,Segmento C,Segmento C,Region 2,Zona 3,0,1,1,1,0,0,1,0,0,1,0,18,Bueno,Bueno,M,2,Cooperativas,37,77,96,54,84,66,89,38,78,29,62,23,34,72,10,0,0,0,1,1,1,0,1,1,Excelente,SUJETO DE CREDITO-EVALUABLE,[2]Media_Propension,Cliente Finaciado,SI,RED SUCURSALES
210,deudor comercial,Transporte,Segmento A,Segmento A,Region 2,Zona 2,0,1,1,1,0,1,0,1,0,1,1,64,Bueno,Malo,M,1,Sindicatos,36,62,17,65,95,27,6,94,23,97,36,76,87,62,12,1,1,1,0,1,0,0,1,0,Bueno,NO SUJETO DE CREDITO,[2]Media_Propension,Castigado o Sin Producto,NO,RED SUCURSALES
211,Microempresas,Turismo,Segmento B,Segmento A,Region 3,Zona 1,1,0,0,1,0,1,1,1,1,0,0,59,Bueno,Bueno,F,1,Sociedad,45,40,61,90,42,31,94,89,43,16,63,55,33,10,59,0,1,1,1,0,1,1,1,0,Bueno,SUJETO DE CREDITO-EVALUABLE,[1]Alta_Propension,Cliente Finaciado,NO,RED SUCURSALES
212,deudor comercial,Turismo,Segmento A,Segmento C,Region 2,Zona 3,0,0,1,0,1,0,1,1,1,0,0,30,Malo,Malo,M,2,Federacion,6,52,65,46,91,12,7,60,2,5,67,89,25,39,67,0,1,0,0,0,1,1,0,1,Excelente,NO SUJETO DE CREDITO,[2]Media_Propension,Cliente No Financiado,NO,SALESFORCE -WEB
213,Microempresas,Turismo,Segmento C,Segmento A,Region 2,Zona 1,0,1,1,0,0,1,0,1,1,0,1,40,Regular,Regular,M,1,Sindicatos,89,58,94,59,35,29,70,78,35,27,52,19,2,28,23,1,0,1,1,0,0,0,1,0,Excelente,NO SUJETO DE CREDITO,[2]Media_Propension,Cliente Finaciado,NO,SALESFORCE -WEB
214,deudor comercial,Turismo,Segmento C,Segmento A,Region 2,Zona 1,1,0,1,1,1,0,1,1,1,1,0,36,Bueno,Regular,F,2,SPA,60,14,99,8,57,48,79,64,40,12,53,70,16,72,1,0,0,1,1,1,0,1,1,0,Bueno,CON OBSERVACIONES-EVALUABLE,[2]Media_Propension,Cliente No Financiado,NO,VENTA CENTRALIZADA
215,Microempresas,Comercial,Segmento B,Segmento A,Region 1,Zona 2,0,0,0,0,0,0,1,0,1,1,1,27,Bueno,Malo,F,1,Cooperativas,8,84,80,72,65,42,88,11,61,54,47,34,77,55,82,1,0,1,1,0,1,0,1,1,Malo,SUJETO DE CREDITO-EVALUABLE,[3]Baja_Propension,Castigado o Sin Producto,NO,
216,Microempresas,Comercial,Segmento A,Segmento B,Region 2,Zona 3,1,0,0,1,1,0,0,1,1,0,0,24,Bueno,Malo,M,1,SPA,42,41,38,49,41,23,20,81,87,94,67,29,72,16,38,1,0,0,0,0,1,0,1,1,Bueno,CON OBSERVACIONES-EVALUABLE,[2]Media_Propension,Castigado o Sin Producto,NO,VENTA CENTRALIZADA
217,deudor no comercial,Transporte,Segmento A,Segmento B,Region 2,Zona 2,0,0,0,0,0,1,0,0,1,1,0,39,Regular,Regular,M,1,Federacion,5,28,39,37,23,61,22,86,95,64,15,46,63,5,71,1,1,0,1,0,1,0,0,0,Excelente,NO SUJETO DE CREDITO,[3]Baja_Propension,Cliente Finaciado,NO,
218,Microempresas,Comercial,Segmento B,Segmento B,Region 1,Zona 1,0,0,1,1,1,0,1,1,1,1,1,71,Regular,Regular,M,1,Cooperativas,16,25,11,80,67,97,41,98,43,6,94,75,52,24,94,0,1,1,1,1,1,0,0,0,Malo,CON OBSERVACIONES-EVALUABLE,[1]Alta_Propension,Cliente No Financiado,NO,
219,deudor no comercial,Transporte,Segmento A,Segmento B,Region 3,Zona 1,0,0,1,1,1,0,0,0,0,1,1,18,Bueno,Regular,M,1,Federacion,86,63,31,20,88,45,19,71,38,54,62,68,78,31,7,1,0,0,0,1,1,1,1,0,Bueno,SUJETO DE CREDITO-EVALUABLE,[1]Alta_Propension,Castigado o Sin Producto,NO,SALESFORCE -WEB
220,deudor comercial,Comercial,Segmento B,Segmento C,Region 1,Zona 2,1,0,0,1,1,1,1,1,0,1,0,74,Malo,Regular,F,2,Federacion,21,19,16,88,99,20,90,39,33,77,29,99,30,28,69,0,0,1,0,0,1,1,0,0,Malo,CON OBSERVACIONES-EVALUABLE,[3]Baja_Propension,Castigado o Sin Producto,SI,
221,deudor no comercial,Transporte,Segmento B,Segmento B,Region 1,Zona 2,0,1,1,1,1,0,1,0,0,1,1,18,Malo,Bueno,F,2,SPA,33,17,70,83,34,45,15,53,48,93,15,90,54,28,92,1,1,0,1,0,0,0,0,0,Malo,CON OBSERVACIONES-EVALUABLE,[3]Baja_Propension,Cliente Finaciado,NO,
222,Microempresas,Comercial,Segmento B,Segmento B,Region 3,Zona 1,1,0,1,0,1,0,0,0,1,0,1,20,Bueno,Bueno,F,2,Sociedad,16,88,38,25,18,4,66,98,68,39,24,60,95,38,88,0,1,0,0,1,1,0,0,0,Bueno,CON OBSERVACIONES-EVALUABLE,[2]Media_Propension,Cliente Finaciado,NO,
223,Microempresas,Turismo,Segmento C,Segmento A,Region 1,Zona 1,1,1,1,1,0,1,1,0,1,0,1,68,Bueno,Regular,F,1,Federacion,14,38,14,64,7,59,12,59,68,86,40,2,41,22,8,0,1,1,0,0,1,0,1,0,Bueno,SUJETO DE CREDITO-EVALUABLE,[3]Baja_Propension,Cliente Finaciado,SI,
224,Microempresas,Comercial,Segmento A,Segmento C,Region 3,Zona 1,0,1,0,0,1,1,1,0,1,1,0,41,Malo,Bueno,M,2,Cooperativas,27,4,41,23,40,32,56,50,42,92,55,9,86,67,71,1,1,1,0,1,0,1,0,0,Malo,NO SUJETO DE CREDITO,[3]Baja_Propension,Castigado o Sin Producto,SI,RED SUCURSALES
225,Microempresas,Comercial,Segmento B,Segmento B,Region 1,Zona 2,0,1,0,1,0,1,1,1,0,0,1,46,Malo,Regular,F,1,Sindicatos,5,98,70,13,61,78,75,54,39,10,12,66,96,62,85,0,1,0,0,1,0,0,1,1,Excelente,NO SUJETO DE CREDITO,[3]Baja_Propension,Cliente No Financiado,SI,
226,Microempresas,Transporte,Segmento C,Segmento A,Region 2,Zona 1,0,1,1,0,1,0,1,1,1,1,1,52,Malo,Malo,M,2,Federacion,86,28,82,41,37,58,63,0,91,75,10,21,79,98,73,1,0,1,1,0,1,0,0,1,Malo,CON OBSERVACIONES-EVALUABLE,[2]Media_Propension,Castigado o Sin Producto,SI,VENTA CENTRALIZADA
227,Microempresas,Turismo,Segmento B,Segmento C,Region 3,Zona 3,1,1,1,1,0,0,0,0,1,1,1,69,Malo,Regular,F,1,Sociedad,14,49,91,38,92,15,1,94,24,79,97,71,10,53,69,0,1,1,0,0,1,0,1,1,Bueno,SUJETO DE CREDITO-EVALUABLE,[2]Media_Propension,Cliente Finaciado,NO,VENTA CENTRALIZADA
228,Microempresas,Transporte,Segmento A,Segmento B,Region 2,Zona 3,1,0,1,0,0,0,0,0,0,0,1,65,Bueno,Malo,M,2,Cooperativas,27,87,44,80,79,96,16,25,18,42,62,88,35,69,10,0,0,0,0,1,1,1,0,1,Excelente,NO SUJETO DE CREDITO,[1]Alta_Propension,Cliente Finaciado,NO,SALESFORCE - CCL
229,deudor comercial,Comercial,Segmento A,Segmento B,Region 1,Zona 1,0,1,0,1,1,0,1,1,1,0,0,59,Regular,Bueno,M,1,SPA,99,97,25,10,84,12,7,44,86,96,11,93,59,95,82,1,0,0,0,0,1,1,1,0,Excelente,NO SUJETO DE CREDITO,[2]Media_Propension,Cliente No Financiado,SI,
230,deudor comercial,Transporte,Segmento A,Segmento C,Region 3,Zona 3,0,1,1,1,0,1,0,0,0,0,1,49,Bueno,Bueno,F,1,Sociedad,45,9,86,70,5,50,65,71,47,23,27,82,17,60,93,1,0,0,1,0,0,0,0,1,Excelente,NO SUJETO DE CREDITO,[1]Alta_Propension,Castigado o Sin Producto,NO,SALESFORCE - CCL
231,deudor no comercial,Transporte,Segmento C,Segmento B,Region 1,Zona 1,0,0,0,0,1,0,0,0,1,0,1,29,Malo,Regular,F,1,SPA,47,35,1,51,16,40,41,57,16,19,53,56,64,98,87,1,0,1,0,0,0,0,1,1,Malo,NO SUJETO DE CREDITO,[3]Baja_Propension,Cliente Finaciado,NO,VENTA CENTRALIZADA
232,Microempresas,Turismo,Segmento A,Segmento A,Region 3,Zona 2,0,0,0,1,1,0,0,0,1,0,1,60,Bueno,Bueno,F,2,SPA,92,57,45,68,30,99,41,80,22,23,96,87,28,98,51,1,0,1,0,1,0,0,0,0,Malo,SUJETO DE CREDITO-EVALUABLE,[3]Baja_Propension,Cliente No Financiado,NO,SALESFORCE - CCL
233,deudor no comercial,Comercial,Segmento A,Segmento B,Region 3,Zona 1,0,0,1,0,1,1,1,0,0,0,1,59,Regular,Malo,F,1,SPA,28,25,62,10,66,85,0,38,38,53,15,73,89,0,23,1,1,1,1,1,0,0,0,0,Excelente,SUJETO DE CREDITO-EVALUABLE,[1]Alta_Propension,Cliente Finaciado,NO,RED SUCURSALES
234,Microempresas,Turismo,Segmento A,Segmento C,Region 3,Zona 3,1,1,1,1,0,1,1,0,1,1,0,32,Bueno,Regular,M,1,Sindicatos,18,56,82,37,64,59,31,67,67,2,27,28,48,21,40,1,1,1,0,0,1,0,1,0,Malo,SUJETO DE CREDITO-EVALUABLE,[1]Alta_Propension,Cliente Finaciado,NO,RED SUCURSALES
235,deudor comercial,Turismo,Segmento C,Segmento C,Region 2,Zona 2,1,1,1,1,1,0,0,1,0,0,1,18,Malo,Malo,M,2,Sociedad,35,84,91,48,61,29,78,9,10,9,4,68,71,85,22,1,0,0,0,1,0,1,0,1,Excelente,SUJETO DE CREDITO-EVALUABLE,[2]Media_Propension,Castigado o Sin Producto,NO,SALESFORCE -WEB
236,deudor comercial,Comercial,Segmento A,Segmento B,Region 2,Zona 1,0,0,0,0,1,0,1,1,1,1,0,36,Malo,Regular,F,2,SPA,91,80,81,53,48,63,24,5,9,87,85,41,90,11,18,0,1,1,0,1,0,1,0,0,Bueno,SUJETO DE CREDITO-EVALUABLE,[1]Alta_Propension,Castigado o Sin Producto,NO,VENTA CENTRALIZADA
237,deudor comercial,Turismo,Segmento B,Segmento A,Region 3,Zona 2,1,1,1,0,0,1,0,0,0,0,0,22,Bueno,Bueno,F,1,Sindicatos,32,54,21,95,57,2,92,4,11,31,48,35,64,53,7,1,0,0,0,1,0,1,0,0,Malo,CON OBSERVACIONES-EVALUABLE,[2]Media_Propension,Castigado o Sin Producto,NO,SALESFORCE -WEB
238,deudor no comercial,Comercial,Segmento B,Segmento B,Region 3,Zona 3,1,1,1,1,0,1,1,0,1,1,1,55,Bueno,Regular,F,2,Cooperativas,19,67,5,66,87,94,16,4,35,35,2,77,48,4,48,1,0,1,0,0,0,0,1,1,Excelente,NO SUJETO DE CREDITO,[1]Alta_Propension,Cliente Finaciado,NO,
239,deudor no comercial,Transporte,Segmento B,Segmento C,Region 1,Zona 2,1,0,1,0,0,1,0,1,0,0,0,49,Bueno,Malo,M,1,Sociedad,25,61,1,2,87,33,92,6,64,52,58,47,89,95,86,0,1,1,1,1,1,0,1,1,Malo,CON OBSERVACIONES-EVALUABLE,[1]Alta_Propension,Cliente No Financiado,SI,SALESFORCE -WEB
240,deudor no comercial,Turismo,Segmento A,Segmento C,Region 2,Zona 3,1,0,0,1,0,1,0,1,0,1,0,57,Regular,Malo,M,1,SPA,92,62,69,48,80,95,36,77,35,16,14,34,62,18,43,1,0,1,1,0,1,0,0,0,Bueno,NO SUJETO DE CREDITO,[2]Media_Propension,Castigado o Sin Producto,NO,SALESFORCE - CCL
241,Microempresas,Turismo,Segmento B,Segmento A,Region 1,Zona 1,1,0,0,1,0,0,1,1,0,0,1,70,Regular,Regular,M,1,Federacion,14,61,79,2,98,36,19,87,70,79,90,76,49,53,41,1,1,0,1,1,0,0,0,1,Bueno,SUJETO DE CREDITO-EVALUABLE,[3]Baja_Propension,Cliente Finaciado,SI,
242,deudor no comercial,Turismo,Segmento B,Segmento C,Region 2,Zona 3,1,0,0,1,1,1,1,1,0,1,1,40,Bueno,Malo,M,1,Sociedad,14,17,42,3,60,55,62,48,47,20,41,44,65,36,59,1,1,0,1,1,0,0,0,1,Excelente,SUJETO DE CREDITO-EVALUABLE,[2]Media_Propension,Cliente No Financiado,NO,VENTA CENTRALIZADA
243,Microempresas,Turismo,Segmento B,Segmento A,Region 3,Zona 3,1,0,1,0,1,0,0,1,0,1,1,60,Regular,Regular,F,1,Sindicatos,65,71,74,70,43,47,85,61,14,4,75,51,17,43,39,0,0,1,1,1,1,0,0,0,Malo,NO SUJETO DE CREDITO,[3]Baja_Propension,Cliente No Financiado,NO,VENTA CENTRALIZADA
244,deudor comercial,Comercial,Segmento A,Segmento A,Region 2,Zona 3,1,0,0,0,1,1,0,1,1,1,1,74,Regular,Malo,M,1,Federacion,52,47,23,89,2,54,30,87,95,94,78,66,34,52,33,1,0,1,0,1,1,0,1,1,Excelente,CON OBSERVACIONES-EVALUABLE,[2]Media_Propension,Cliente No Financiado,NO,RED SUCURSALES
245,deudor no comercial,Transporte,Segmento C,Segmento C,Region 2,Zona 1,0,0,1,1,0,1,1,1,1,0,1,32,Malo,Malo,F,2,Sociedad,6,0,16,9,50,64,61,93,69,26,74,19,31,85,34,0,0,0,0,1,0,1,0,1,Bueno,NO SUJETO DE CREDITO,[1]Alta_Propension,Castigado o Sin Producto,NO,SALESFORCE - CCL
246,deudor comercial,Turismo,Segmento C,Segmento A,Region 2,Zona 1,0,1,0,1,1,0,0,1,0,1,0,26,Bueno,Bueno,M,1,SPA,93,72,61,59,57,16,74,46,89,95,25,69,29,13,72,0,0,1,1,1,0,0,1,0,Excelente,NO SUJETO DE CREDITO,[3]Baja_Propension,Cliente No Financiado,NO,RED SUCURSALES
247,deudor comercial,Turismo,Segmento C,Segmento A,Region 1,Zona 3,0,0,1,1,0,0,0,1,1,1,0,35,Bueno,Regular,F,1,Sindicatos,63,75,23,91,87,96,49,22,40,69,93,16,90,44,82,0,1,1,1,1,1,1,1,0,Bueno,SUJETO DE CREDITO-EVALUABLE,[2]Media_Propension,Castigado o Sin Producto,NO,SALESFORCE - CCL
248,Microempresas,Comercial,Segmento C,Segmento C,Region 1,Zona 2,0,1,0,1,0,0,1,0,1,0,1,63,Malo,Regular,M,2,Federacion,54,50,29,69,56,98,4,23,55,92,39,82,80,47,6,1,0,1,1,0,1,0,1,1,Bueno,NO SUJETO DE CREDITO,[3]Baja_Propension,Cliente No Financiado,NO,SALESFORCE -WEB
249,deudor comercial,Turismo,Segmento C,Segmento A,Region 2,Zona 3,0,0,0,1,0,1,0,0,0,1,1,54,Regular,Bueno,M,1,Cooperativas,40,2,81,0,89,77,39,74,3,40,95,60,25,56,59,0,1,0,0,1,1,1,1,0,Malo,SUJETO DE CREDITO-EVALUABLE,[3]Baja_Propension,Cliente Finaciado,NO,SALESFORCE -WEB
250,Microempresas,Transporte,Segmento A,Segmento C,Region 1,Zona 1,0,0,0,1,1,0,0,1,1,1,0,54,Regular,Regular,M,2,Federacion,91,18,43,57,0,29,24,6,66,11,32,50,84,12,19,0,1,1,0,0,0,1,0,0,Bueno,SUJETO DE CREDITO-EVALUABLE,[1]Alta_Propension,Cliente Finaciado,SI,RED SUCURSALES
251,Microempresas,Comercial,Segmento B,Segmento C,Region 3,Zona 3,0,1,0,0,1,1,1,1,0,0,1,60,Regular,Regular,F,2,Sociedad,88,66,13,70,4,60,68,77,31,78,38,15,0,35,98,1,1,0,1,1,0,1,1,1,Bueno,NO SUJETO DE CREDITO,[2]Media_Propension,Castigado o Sin Producto,NO,SALESFORCE -WEB
252,Microempresas,Turismo,Segmento B,Segmento A,Region 1,Zona 1,1,1,0,1,0,0,0,1,1,0,1,19,Regular,Regular,F,2,SPA,73,20,2,43,43,0,38,91,32,15,68,54,12,93,92,1,0,0,1,1,0,1,0,1,Malo,NO SUJETO DE CREDITO,[1]Alta_Propension,Cliente No Financiado,NO,SALESFORCE -WEB
253,deudor comercial,Turismo,Segmento A,Segmento B,Region 3,Zona 2,0,0,0,1,0,0,1,1,1,0,1,25,Bueno,Bueno,M,2,Sindicatos,4,30,36,80,78,30,57,38,21,84,70,68,68,41,63,0,0,1,0,1,1,1,0,1,Excelente,CON OBSERVACIONES-EVALUABLE,[2]Media_Propension,Cliente No Financiado,SI,SALESFORCE -WEB
254,deudor no comercial,Comercial,Segmento C,Segmento A,Region 3,Zona 1,0,0,0,0,0,1,0,1,0,1,1,73,Malo,Bueno,F,2,SPA,34,76,9,67,24,32,47,18,47,28,26,15,38,36,99,0,1,0,1,0,1,0,0,0,Bueno,NO SUJETO DE CREDITO,[1]Alta_Propension,Cliente No Financiado,SI,
255,Microempresas,Comercial,Segmento B,Segmento A,Region 2,Zona 3,1,0,1,1,1,1,1,0,1,1,0,58,Malo,Bueno,M,2,Sindicatos,23,33,95,3,73,69,37,0,40,15,12,8,78,50,84,0,0,1,0,0,0,1,0,0,Malo,CON OBSERVACIONES-EVALUABLE,[1]Alta_Propension,Cliente Finaciado,NO,RED SUCURSALES
256,Microempresas,Transporte,Segmento A,Segmento B,Region 3,Zona 1,0,1,1,1,0,1,1,0,1,0,1,67,Bueno,Malo,M,2,Federacion,63,24,59,51,22,60,55,7,31,32,9,77,50,54,1,1,0,0,0,1,0,0,1,1,Excelente,CON OBSERVACIONES-EVALUABLE,[3]Baja_Propension,Castigado o Sin Producto,SI,SALESFORCE -WEB
257,deudor no comercial,Transporte,Segmento B,Segmento B,Region 2,Zona 2,0,1,0,0,0,0,1,1,1,1,0,26,Bueno,Malo,M,2,Cooperativas,70,52,19,81,15,92,57,99,28,34,60,51,26,16,34,0,1,0,0,0,1,0,0,1,Excelente,CON OBSERVACIONES-EVALUABLE,[2]Media_Propension,Cliente Finaciado,NO,VENTA CENTRALIZADA
258,deudor no comercial,Comercial,Segmento B,Segmento A,Region 3,Zona 3,1,0,1,1,0,0,1,0,0,1,0,37,Regular,Bueno,M,2,Federacion,76,75,33,3,35,90,96,43,50,36,87,83,37,51,99,1,1,1,1,0,1,0,0,0,Bueno,NO SUJETO DE CREDITO,[1]Alta_Propension,Cliente No Financiado,NO,RED SUCURSALES
259,Microempresas,Turismo,Segmento C,Segmento B,Region 3,Zona 3,0,1,0,0,1,0,1,1,1,1,0,23,Bueno,Malo,M,2,Cooperativas,44,8,17,62,67,28,32,25,86,84,61,17,6,82,13,1,1,0,1,0,1,1,0,1,Excelente,CON OBSERVACIONES-EVALUABLE,[1]Alta_Propension,Cliente No Financiado,NO,SALESFORCE - CCL
260,deudor comercial,Comercial,Segmento C,Segmento A,Region 1,Zona 1,1,0,0,1,1,0,1,1,0,0,1,31,Bueno,Regular,M,1,Cooperativas,64,22,7,38,32,48,7,23,79,92,62,78,99,60,91,0,0,0,0,0,0,1,1,0,Bueno,NO SUJETO DE CREDITO,[3]Baja_Propension,Castigado o Sin Producto,NO,SALESFORCE - CCL
261,deudor comercial,Comercial,Segmento B,Segmento A,Region 2,Zona 2,1,0,1,0,0,0,1,1,1,1,0,51,Bueno,Bueno,F,1,SPA,27,24,14,0,39,0,54,89,57,65,27,65,90,82,40,0,1,0,1,0,1,1,0,1,Malo,SUJETO DE CREDITO-EVALUABLE,[1]Alta_Propension,Castigado o Sin Producto,SI,SALESFORCE -WEB
262,deudor comercial,Transporte,Segmento C,Segmento B,Region 3,Zona 3,1,1,1,1,1,1,0,1,1,1,1,73,Malo,Regular,M,2,Sindicatos,20,94,32,15,84,70,21,86,89,39,17,12,34,48,31,0,0,0,0,0,0,0,0,1,Bueno,NO SUJETO DE CREDITO,[1]Alta_Propension,Cliente Finaciado,SI,RED SUCURSALES
263,deudor comercial,Comercial,Segmento B,Segmento C,Region 3,Zona 2,1,1,0,1,0,1,1,0,0,1,1,68,Malo,Bueno,M,1,SPA,91,2,50,50,69,45,24,67,69,98,37,74,95,86,62,1,1,1,1,1,0,1,1,0,Excelente,SUJETO DE CREDITO-EVALUABLE,[3]Baja_Propension,Cliente No Financiado,SI,
264,Microempresas,Turismo,Segmento A,Segmento A,Region 1,Zona 3,1,0,0,1,1,1,1,0,1,0,0,67,Bueno,Malo,F,2,Cooperativas,11,69,36,18,58,79,74,59,76,45,54,82,66,24,3,1,1,0,1,0,1,0,1,0,Excelente,CON OBSERVACIONES-EVALUABLE,[3]Baja_Propension,Cliente No Financiado,SI,SALESFORCE -WEB
265,deudor comercial,Turismo,Segmento C,Segmento B,Region 3,Zona 1,1,1,0,1,1,1,1,0,1,0,1,69,Malo,Regular,M,1,Cooperativas,12,81,97,9,69,16,8,48,4,64,17,6,35,20,65,0,1,0,0,0,0,1,1,0,Malo,SUJETO DE CREDITO-EVALUABLE,[1]Alta_Propension,Cliente Finaciado,SI,SALESFORCE -WEB
266,Microempresas,Transporte,Segmento A,Segmento C,Region 3,Zona 3,0,0,1,1,0,0,0,0,0,1,0,59,Malo,Regular,M,1,SPA,3,85,97,98,31,59,21,3,74,92,61,9,82,65,12,1,0,1,1,0,1,0,0,0,Bueno,SUJETO DE CREDITO-EVALUABLE,[2]Media_Propension,Castigado o Sin Producto,SI,
267,deudor comercial,Transporte,Segmento A,Segmento C,Region 2,Zona 1,1,0,1,1,1,0,0,1,0,0,1,65,Bueno,Malo,F,1,Sindicatos,99,96,96,65,82,36,41,69,24,28,69,36,59,12,75,0,0,1,1,1,0,1,0,1,Bueno,NO SUJETO DE CREDITO,[3]Baja_Propension,Cliente Finaciado,NO,RED SUCURSALES
268,deudor comercial,Turismo,Segmento A,Segmento A,Region 3,Zona 1,0,1,1,1,0,0,0,1,0,0,1,31,Malo,Regular,F,2,Sociedad,26,28,73,2,0,40,28,96,18,8,94,88,90,48,73,1,0,0,0,0,0,1,1,0,Malo,NO SUJETO DE CREDITO,[1]Alta_Propension,Castigado o Sin Producto,SI,VENTA CENTRALIZADA
269,deudor no comercial,Turismo,Segmento C,Segmento B,Region 3,Zona 3,1,1,0,1,0,1,1,0,1,1,0,63,Bueno,Malo,M,2,SPA,95,40,86,20,48,17,50,76,67,99,49,57,71,49,0,1,0,1,1,0,0,1,0,0,Bueno,NO SUJETO DE CREDITO,[1]Alta_Propension,Cliente Finaciado,SI,SALESFORCE -WEB
270,deudor no comercial,Turismo,Segmento B,Segmento B,Region 3,Zona 2,0,0,0,1,0,0,1,1,1,0,0,34,Bueno,Regular,M,2,Federacion,18,17,48,59,73,11,17,30,88,49,22,27,57,43,69,1,0,0,0,0,1,1,1,1,Bueno,NO SUJETO DE CREDITO,[3]Baja_Propension,Castigado o Sin Producto,NO,SALESFORCE -WEB
271,Microempresas,Transporte,Segmento A,Segmento B,Region 1,Zona 3,1,1,0,0,1,1,1,1,1,1,1,26,Regular,Malo,M,1,Cooperativas,38,55,2,7,80,67,55,72,89,83,86,32,80,61,63,1,1,1,0,1,0,1,1,0,Bueno,SUJETO DE CREDITO-EVALUABLE,[1]Alta_Propension,Castigado o Sin Producto,SI,SALESFORCE - CCL
272,deudor comercial,Transporte,Segmento B,Segmento C,Region 2,Zona 2,0,1,1,0,0,0,0,1,0,0,1,54,Malo,Bueno,F,1,Sociedad,94,36,5,25,33,53,67,27,98,86,68,87,28,42,15,0,1,0,0,0,1,1,1,1,Malo,SUJETO DE CREDITO-EVALUABLE,[2]Media_Propension,Cliente No Financiado,SI,
273,deudor comercial,Turismo,Segmento B,Segmento B,Region 3,Zona 3,1,0,1,0,0,0,1,1,0,0,0,41,Malo,Regular,F,1,SPA,0,60,23,44,6,34,18,80,5,80,53,27,63,95,31,1,1,1,1,1,0,0,1,0,Excelente,NO SUJETO DE CREDITO,[1]Alta_Propension,Cliente Finaciado,NO,VENTA CENTRALIZADA
274,deudor no comercial,Comercial,Segmento B,Segmento A,Region 3,Zona 3,1,1,0,1,1,0,0,0,1,1,0,21,Regular,Regular,F,1,Sociedad,44,97,60,7,33,44,35,43,2,14,89,49,74,41,19,0,0,0,1,1,1,1,1,0,Excelente,SUJETO DE CREDITO-EVALUABLE,[3]Baja_Propension,Castigado o Sin Producto,SI,RED SUCURSALES
275,Microempresas,Comercial,Segmento A,Segmento A,Region 2,Zona 3,0,1,1,1,0,1,0,0,1,0,0,23,Bueno,Malo,F,1,SPA,44,17,49,0,33,86,64,65,85,31,20,35,52,93,14,0,1,0,0,0,1,1,0,0,Bueno,SUJETO DE CREDITO-EVALUABLE,[1]Alta_Propension,Cliente No Financiado,NO,RED SUCURSALES
276,deudor comercial,Transporte,Segmento A,Segmento C,Region 1,Zona 2,1,1,0,1,0,0,0,1,1,0,1,20,Regular,Regular,F,1,Sindicatos,79,95,89,56,75,48,94,72,8,90,2,4,18,53,79,0,1,1,1,1,1,0,1,0,Bueno,CON OBSERVACIONES-EVALUABLE,[1]Alta_Propension,Castigado o Sin Producto,SI,SALESFORCE -WEB
277,Microempresas,Turismo,Segmento B,Segmento C,Region 1,Zona 1,1,1,1,1,0,0,1,0,1,0,0,23,Regular,Bueno,F,2,SPA,76,33,66,70,47,31,81,65,29,81,37,28,96,25,44,1,1,1,1,1,1,0,0,1,Malo,SUJETO DE CREDITO-EVALUABLE,[2]Media_Propension,Cliente No Financiado,NO,VENTA CENTRALIZADA
278,deudor comercial,Comercial,Segmento B,Segmento C,Region 1,Zona 3,1,0,1,0,0,0,1,1,0,1,1,39,Regular,Bueno,M,2,SPA,24,47,41,3,16,11,96,58,57,64,3,46,85,20,69,1,0,1,1,1,1,1,0,1,Bueno,CON OBSERVACIONES-EVALUABLE,[2]Media_Propension,Cliente Finaciado,SI,RED SUCURSALES
279,Microempresas,Transporte,Segmento A,Segmento B,Region 3,Zona 2,0,0,0,0,0,0,0,1,0,1,1,30,Bueno,Regular,M,1,Sindicatos,48,89,96,79,39,95,90,10,18,43,30,95,57,5,77,0,0,1,0,0,1,0,0,0,Bueno,NO SUJETO DE CREDITO,[1]Alta_Propension,Cliente Finaciado,SI,VENTA CENTRALIZADA
280,Microempresas,Comercial,Segmento C,Segmento C,Region 2,Zona 3,0,0,0,0,0,0,0,0,0,0,0,61,Malo,Bueno,F,1,Sociedad,29,14,45,49,64,90,63,76,32,91,37,52,0,76,81,1,0,1,0,1,0,0,1,0,Malo,CON OBSERVACIONES-EVALUABLE,[1]Alta_Propension,Cliente Finaciado,SI,SALESFORCE -WEB
281,deudor comercial,Turismo,Segmento B,Segmento C,Region 2,Zona 2,0,1,1,1,1,1,0,0,0,1,0,40,Regular,Bueno,F,2,Sociedad,61,96,14,99,95,69,77,29,94,6,76,39,29,32,11,1,1,1,0,1,0,0,1,0,Bueno,CON OBSERVACIONES-EVALUABLE,[2]Media_Propension,Castigado o Sin Producto,SI,VENTA CENTRALIZADA
282,Microempresas,Comercial,Segmento A,Segmento A,Region 3,Zona 3,0,1,1,1,1,1,1,0,1,1,0,46,Bueno,Regular,F,2,SPA,63,9,32,6,15,4,76,71,71,6,74,75,5,93,24,1,1,1,0,1,1,0,1,0,Excelente,SUJETO DE CREDITO-EVALUABLE,[3]Baja_Propension,Cliente No Financiado,NO,VENTA CENTRALIZADA
283,Microempresas,Transporte,Segmento C,Segmento C,Region 3,Zona 2,0,1,0,1,1,1,1,1,1,0,0,41,Regular,Regular,F,1,Federacion,83,77,79,23,67,48,13,62,6,44,11,91,54,29,76,0,1,0,0,0,0,1,0,0,Excelente,CON OBSERVACIONES-EVALUABLE,[2]Media_Propension,Cliente Finaciado,SI,RED SUCURSALES
284,Microempresas,Transporte,Segmento B,Segmento A,Region 2,Zona 3,0,0,0,1,1,1,0,1,0,0,0,68,Regular,Malo,M,2,Sociedad,97,59,22,8,80,90,84,20,65,31,13,14,8,41,89,1,0,1,1,1,0,0,1,1,Bueno,SUJETO DE CREDITO-EVALUABLE,[2]Media_Propension,Cliente Finaciado,NO,RED SUCURSALES
285,deudor comercial,Turismo,Segmento A,Segmento C,Region 3,Zona 3,0,1,1,0,0,1,0,1,1,0,0,71,Bueno,Bueno,M,2,Sindicatos,70,78,46,48,82,48,11,93,88,73,97,17,2,70,83,1,0,1,0,0,0,0,1,0,Bueno,SUJETO DE CREDITO-EVALUABLE,[2]Media_Propension,Cliente No Financiado,SI,RED SUCURSALES
286,deudor no comercial,Comercial,Segmento B,Segmento B,Region 1,Zona 2,0,0,1,0,0,1,0,1,0,1,1,18,Bueno,Malo,F,1,Sindicatos,19,34,52,16,80,60,88,92,63,37,16,55,91,47,5,0,1,1,0,0,0,1,1,1,Malo,CON OBSERVACIONES-EVALUABLE,[3]Baja_Propension,Castigado o Sin Producto,NO,SALESFORCE -WEB
287,deudor no comercial,Transporte,Segmento A,Segmento C,Region 2,Zona 3,0,0,0,1,1,1,1,0,1,0,1,46,Regular,Malo,F,2,Federacion,48,16,55,17,31,4,77,77,90,99,49,59,98,77,34,1,0,1,0,0,1,0,1,0,Malo,CON OBSERVACIONES-EVALUABLE,[2]Media_Propension,Cliente No Financiado,SI,VENTA CENTRALIZADA
288,deudor no comercial,Turismo,Segmento C,Segmento A,Region 2,Zona 1,1,1,1,0,0,0,1,1,0,1,0,59,Regular,Malo,M,1,Federacion,6,76,96,14,44,60,6,21,87,6,22,16,43,57,64,1,1,1,1,1,1,0,1,0,Malo,CON OBSERVACIONES-EVALUABLE,[1]Alta_Propension,Castigado o Sin Producto,SI,SALESFORCE -WEB
289,deudor no comercial,Comercial,Segmento B,Segmento C,Region 1,Zona 1,0,0,1,1,1,0,0,1,1,1,0,63,Malo,Regular,F,1,Sociedad,99,12,69,76,44,50,77,84,13,14,34,34,6,0,5,1,0,1,1,1,1,1,1,1,Bueno,NO SUJETO DE CREDITO,[3]Baja_Propension,Cliente No Financiado,NO,
290,deudor no comercial,Comercial,Segmento B,Segmento A,Region 3,Zona 2,1,0,0,0,0,1,1,1,1,0,1,71,Bueno,Bueno,M,2,Sociedad,99,44,42,53,27,82,50,80,96,88,19,96,45,8,73,1,0,1,1,1,1,1,0,0,Bueno,NO SUJETO DE CREDITO,[1]Alta_Propension,Castigado o Sin Producto,NO,VENTA CENTRALIZADA
291,deudor no comercial,Comercial,Segmento A,Segmento B,Region 3,Zona 2,0,0,0,1,1,1,1,0,1,0,0,54,Regular,Malo,M,2,Sindicatos,45,71,55,79,87,74,34,83,95,43,54,45,94,12,83,1,1,1,0,0,1,1,1,0,Malo,NO SUJETO DE CREDITO,[1]Alta_Propension,Cliente Finaciado,NO,SALESFORCE -WEB
292,deudor comercial,Turismo,Segmento C,Segmento B,Region 3,Zona 2,0,1,0,0,1,0,1,0,1,0,1,37,Regular,Regular,F,1,Federacion,32,21,85,6,81,14,15,66,28,21,50,81,85,49,59,0,1,0,1,0,0,0,1,0,Excelente,NO SUJETO DE CREDITO,[1]Alta_Propension,Castigado o Sin Producto,NO,
293,deudor no comercial,Turismo,Segmento C,Segmento C,Region 3,Zona 1,1,1,1,0,1,0,1,0,0,0,1,68,Malo,Regular,F,2,SPA,5,6,48,10,77,72,65,60,44,18,62,1,95,52,41,0,1,0,0,0,1,1,1,0,Malo,NO SUJETO DE CREDITO,[2]Media_Propension,Cliente Finaciado,NO,
294,deudor comercial,Turismo,Segmento B,Segmento A,Region 3,Zona 2,0,0,1,1,0,1,1,0,0,0,0,23,Regular,Regular,F,2,Sociedad,14,91,71,69,8,45,46,50,48,32,39,31,79,54,31,0,0,0,1,0,1,1,1,1,Malo,SUJETO DE CREDITO-EVALUABLE,[2]Media_Propension,Cliente Finaciado,SI,RED SUCURSALES
295,Microempresas,Comercial,Segmento A,Segmento A,Region 1,Zona 3,1,1,0,0,0,1,0,1,0,1,0,52,Bueno,Bueno,F,1,Federacion,1,12,37,44,99,29,96,57,43,77,80,63,98,75,86,0,0,1,1,0,0,0,1,1,Excelente,CON OBSERVACIONES-EVALUABLE,[1]Alta_Propension,Cliente Finaciado,NO,SALESFORCE -WEB
296,deudor comercial,Transporte,Segmento B,Segmento B,Region 3,Zona 3,1,1,1,0,1,1,0,1,1,0,0,37,Regular,Regular,M,2,Federacion,47,0,9,84,95,3,71,63,39,87,23,75,98,23,55,1,1,0,0,0,0,1,1,0,Malo,NO SUJETO DE CREDITO,[3]Baja_Propension,Castigado o Sin Producto,SI,VENTA CENTRALIZADA
297,deudor no comercial,Transporte,Segmento B,Segmento C,Region 2,Zona 3,0,1,1,0,1,0,0,1,1,1,0,57,Malo,Bueno,M,1,Sindicatos,89,9,58,51,43,94,42,74,14,76,91,83,44,30,94,0,0,1,1,1,1,0,1,1,Bueno,NO SUJETO DE CREDITO,[3]Baja_Propension,Cliente Finaciado,NO,SALESFORCE - CCL
298,deudor no comercial,Transporte,Segmento B,Segmento C,Region 3,Zona 3,0,1,0,0,0,1,1,0,0,1,0,70,Malo,Bueno,M,2,SPA,33,17,60,16,70,36,92,63,8,13,17,3,89,47,95,1,0,0,0,1,0,1,0,1,Bueno,SUJETO DE CREDITO-EVALUABLE,[1]Alta_Propension,Cliente No Financiado,NO,RED SUCURSALES
299,deudor comercial,Comercial,Segmento C,Segmento C,Region 2,Zona 2,0,0,1,0,1,1,0,0,1,1,0,46,Regular,Regular,F,1,Sindicatos,26,48,46,14,20,8,48,16,32,39,86,62,0,96,12,0,1,0,1,0,1,1,1,1,Excelente,CON OBSERVACIONES-EVALUABLE,[3]Baja_Propension,Cliente No Financiado,SI,VENTA CENTRALIZADA
300,Microempresas,Transporte,Segmento B,Segmento B,Region 1,Zona 2,1,1,1,1,0,0,1,0,0,0,1,58,Malo,Regular,F,1,Sindicatos,73,25,17,5,79,83,50,15,36,64,23,78,90,13,80,1,1,0,0,0,1,0,1,1,Bueno,CON OBSERVACIONES-EVALUABLE,[1]Alta_Propension,Cliente Finaciado,NO,SALESFORCE -WEB
301,deudor comercial,Turismo,Segmento A,Segmento C,Region 2,Zona 3,0,0,0,0,1,0,1,1,0,0,1,68,Regular,Regular,F,2,Cooperativas,97,95,92,52,90,71,28,2,38,20,64,22,66,31,12,1,1,0,0,0,1,1,1,1,Bueno,SUJETO DE CREDITO-EVALUABLE,[3]Baja_Propension,Cliente Finaciado,NO,RED SUCURSALES
302,deudor comercial,Transporte,Segmento B,Segmento C,Region 2,Zona 3,0,1,0,0,0,0,1,0,0,0,0,53,Regular,Bueno,M,2,Sociedad,98,7,82,60,53,60,97,12,14,32,70,66,96,34,38,1,0,1,0,1,1,1,1,0,Excelente,NO SUJETO DE CREDITO,[2]Media_Propension,Cliente No Financiado,SI,RED SUCURSALES
303,deudor comercial,Comercial,Segmento B,Segmento B,Region 2,Zona 3,1,1,1,1,0,0,0,1,1,0,1,37,Malo,Regular,M,1,SPA,41,73,91,42,3,59,31,49,85,34,56,64,15,13,9,0,1,0,0,0,1,1,0,1,Bueno,SUJETO DE CREDITO-EVALUABLE,[1]Alta_Propension,Castigado o Sin Producto,NO,VENTA CENTRALIZADA
304,deudor comercial,Transporte,Segmento A,Segmento A,Region 1,Zona 2,1,0,1,1,0,0,1,1,0,0,0,40,Bueno,Bueno,M,1,Sindicatos,16,52,11,12,4,65,96,27,46,47,87,45,30,1,90,0,1,1,0,0,0,0,1,0,Excelente,NO SUJETO DE CREDITO,[1]Alta_Propension,Cliente No Financiado,SI,VENTA CENTRALIZADA
305,Microempresas,Turismo,Segmento A,Segmento C,Region 3,Zona 3,1,0,1,0,0,1,1,1,0,1,0,32,Malo,Regular,M,1,Cooperativas,42,30,21,38,29,72,4,57,65,0,11,34,0,59,94,0,0,0,0,0,1,1,1,0,Bueno,NO SUJETO DE CREDITO,[2]Media_Propension,Cliente No Financiado,NO,VENTA CENTRALIZADA
306,deudor comercial,Turismo,Segmento A,Segmento C,Region 1,Zona 2,1,1,1,0,0,0,0,0,1,0,0,40,Regular,Regular,M,2,Sociedad,70,63,45,96,40,37,11,20,16,75,91,32,24,59,7,1,1,0,0,0,0,1,0,0,Malo,CON OBSERVACIONES-EVALUABLE,[3]Baja_Propension,Cliente Finaciado,NO,SALESFORCE -WEB
307,deudor no comercial,Turismo,Segmento A,Segmento A,Region 2,Zona 1,0,0,0,0,1,0,1,1,1,0,1,19,Malo,Malo,M,2,SPA,80,11,12,28,0,55,71,4,33,18,63,59,63,99,81,0,0,0,1,1,0,0,1,1,Bueno,SUJETO DE CREDITO-EVALUABLE,[2]Media_Propension,Cliente No Financiado,NO,VENTA CENTRALIZADA
308,deudor no comercial,Transporte,Segmento B,Segmento B,Region 1,Zona 2,0,0,1,0,0,0,0,0,1,1,0,57,Bueno,Bueno,F,1,SPA,29,25,96,52,69,85,22,47,16,54,23,74,88,16,38,1,0,0,0,0,1,1,0,1,Excelente,NO SUJETO DE CREDITO,[1]Alta_Propension,Cliente Finaciado,NO,RED SUCURSALES
309,Microempresas,Comercial,Segmento A,Segmento C,Region 3,Zona 1,1,1,0,1,1,1,1,1,0,1,0,71,Regular,Bueno,M,2,Federacion,92,79,56,76,78,90,79,87,22,36,59,34,86,34,85,1,1,0,0,0,1,0,1,1,Malo,SUJETO DE CREDITO-EVALUABLE,[1]Alta_Propension,Cliente Finaciado,NO,RED SUCURSALES
310,deudor no comercial,Comercial,Segmento C,Segmento A,Region 1,Zona 1,0,0,0,1,0,1,0,1,1,1,0,31,Regular,Malo,M,1,Sindicatos,73,9,95,34,47,18,51,89,36,52,95,19,17,56,41,0,0,1,0,0,0,0,0,1,Bueno,CON OBSERVACIONES-EVALUABLE,[1]Alta_Propension,Cliente No Financiado,NO,
311,deudor no comercial,Turismo,Segmento C,Segmento B,Region 2,Zona 3,1,0,1,0,1,1,0,1,0,0,1,46,Malo,Malo,F,1,Cooperativas,86,12,57,93,40,39,14,55,87,83,18,2,42,58,4,1,0,0,1,1,1,1,1,1,Malo,SUJETO DE CREDITO-EVALUABLE,[1]Alta_Propension,Cliente No Financiado,SI,VENTA CENTRALIZADA
312,Microempresas,Comercial,Segmento B,Segmento A,Region 1,Zona 3,0,1,1,1,1,1,1,1,0,1,1,22,Regular,Malo,F,1,Sindicatos,2,5,16,56,71,54,63,94,31,58,44,0,79,55,33,1,1,1,1,0,1,0,0,1,Malo,NO SUJETO DE CREDITO,[1]Alta_Propension,Cliente No Financiado,NO,RED SUCURSALES
313,Microempresas,Comercial,Segmento A,Segmento A,Region 1,Zona 1,1,1,0,1,0,0,0,0,1,0,1,23,Malo,Regular,M,1,Cooperativas,59,44,58,75,92,24,45,73,90,25,71,77,18,53,37,1,0,1,1,0,0,1,1,0,Bueno,CON OBSERVACIONES-EVALUABLE,[3]Baja_Propension,Castigado o Sin Producto,SI,
314,deudor no comercial,Turismo,Segmento A,Segmento C,Region 1,Zona 2,0,1,1,1,1,1,0,0,0,0,0,71,Bueno,Malo,M,1,Sindicatos,29,94,97,55,29,43,26,93,90,47,30,18,48,27,23,0,0,1,1,1,0,0,1,0,Bueno,CON OBSERVACIONES-EVALUABLE,[3]Baja_Propension,Cliente Finaciado,SI,
315,Microempresas,Turismo,Segmento C,Segmento A,Region 2,Zona 1,0,0,0,0,0,0,0,0,1,0,0,44,Bueno,Malo,F,2,Sindicatos,26,51,40,46,27,82,18,37,73,78,92,65,88,55,79,1,0,1,0,1,1,0,0,0,Malo,SUJETO DE CREDITO-EVALUABLE,[3]Baja_Propension,Cliente No Financiado,SI,SALESFORCE - CCL
316,deudor comercial,Turismo,Segmento C,Segmento A,Region 2,Zona 3,1,0,0,0,1,1,0,0,1,0,1,28,Bueno,Regular,F,2,Sindicatos,6,72,89,3,25,52,47,82,8,14,56,32,48,0,10,1,0,0,1,1,1,0,1,0,Bueno,CON OBSERVACIONES-EVALUABLE,[1]Alta_Propension,Castigado o Sin Producto,NO,RED SUCURSALES
317,deudor no comercial,Comercial,Segmento C,Segmento A,Region 2,Zona 2,1,0,1,1,0,1,0,1,1,1,0,62,Malo,Malo,F,2,Federacion,10,24,68,88,49,88,45,42,56,56,98,95,72,34,72,1,1,0,0,0,0,1,0,1,Bueno,CON OBSERVACIONES-EVALUABLE,[2]Media_Propension,Cliente Finaciado,NO,
318,deudor no comercial,Turismo,Segmento B,Segmento C,Region 1,Zona 3,0,1,1,1,1,0,0,0,0,1,1,24,Regular,Malo,F,2,SPA,78,95,81,16,10,66,47,25,52,85,21,87,84,20,44,1,1,0,0,1,1,1,1,1,Excelente,NO SUJETO DE CREDITO,[3]Baja_Propension,Cliente Finaciado,SI,
319,Microempresas,Turismo,Segmento B,Segmento A,Region 3,Zona 3,0,1,1,1,1,0,1,0,0,0,1,59,Regular,Regular,M,1,Sociedad,88,17,52,32,79,11,7,91,9,11,43,57,93,83,79,1,1,0,1,0,0,1,1,1,Excelente,NO SUJETO DE CREDITO,[2]Media_Propension,Castigado o Sin Producto,SI,VENTA CENTRALIZADA
320,deudor no comercial,Turismo,Segmento B,Segmento A,Region 1,Zona 3,0,0,1,0,1,1,1,0,0,1,1,53,Regular,Regular,F,1,Federacion,1,42,77,83,54,52,24,76,91,51,83,15,57,84,57,0,0,0,0,0,0,1,0,1,Malo,NO SUJETO DE CREDITO,[1]Alta_Propension,Castigado o Sin Producto,NO,SALESFORCE - CCL
321,Microempresas,Transporte,Segmento A,Segmento A,Region 1,Zona 1,0,1,1,1,1,0,0,0,0,0,0,20,Regular,Bueno,M,2,Federacion,0,73,1,50,1,7,23,45,72,18,15,31,60,84,61,0,0,1,1,1,1,0,0,0,Malo,CON OBSERVACIONES-EVALUABLE,[3]Baja_Propension,Cliente No Financiado,NO,VENTA CENTRALIZADA
322,Microempresas,Turismo,Segmento A,Segmento B,Region 1,Zona 3,1,1,0,0,1,1,0,0,0,1,1,35,Bueno,Malo,M,2,SPA,13,62,44,37,44,98,83,43,68,92,11,62,60,32,42,0,0,0,1,0,0,0,1,1,Malo,SUJETO DE CREDITO-EVALUABLE,[3]Baja_Propension,Cliente Finaciado,SI,
323,Microempresas,Turismo,Segmento A,Segmento C,Region 2,Zona 3,0,1,1,0,0,0,1,0,1,1,1,26,Bueno,Bueno,M,2,Federacion,9,12,88,0,4,6,37,13,38,36,96,78,75,71,44,0,0,1,1,1,1,0,0,0,Malo,CON OBSERVACIONES-EVALUABLE,[3]Baja_Propension,Cliente No Financiado,SI,
324,Microempresas,Transporte,Segmento C,Segmento A,Region 2,Zona 2,0,0,0,0,0,1,0,1,1,0,0,57,Malo,Malo,F,2,Federacion,33,33,92,8,1,1,97,80,27,29,36,47,8,70,81,0,1,0,1,0,0,0,0,1,Excelente,CON OBSERVACIONES-EVALUABLE,[2]Media_Propension,Cliente Finaciado,NO,
325,deudor no comercial,Turismo,Segmento A,Segmento C,Region 1,Zona 3,0,1,0,1,1,0,1,1,1,0,1,39,Regular,Regular,F,2,Federacion,94,76,12,22,88,13,4,34,79,55,72,65,56,80,17,1,0,1,1,0,1,1,0,1,Excelente,SUJETO DE CREDITO-EVALUABLE,[3]Baja_Propension,Cliente Finaciado,SI,SALESFORCE -WEB
326,deudor comercial,Comercial,Segmento C,Segmento B,Region 2,Zona 2,1,1,0,0,1,1,0,0,1,0,1,52,Bueno,Regular,M,2,Sociedad,82,82,53,64,8,92,54,40,3,24,76,31,96,88,31,1,0,1,1,1,0,0,1,0,Bueno,CON OBSERVACIONES-EVALUABLE,[2]Media_Propension,Cliente Finaciado,NO,
327,deudor no comercial,Comercial,Segmento A,Segmento A,Region 1,Zona 2,0,0,0,0,0,1,0,1,0,0,0,74,Bueno,Regular,M,1,Cooperativas,73,81,19,60,53,70,2,3,94,71,38,51,43,77,36,0,0,0,1,1,1,1,0,1,Excelente,SUJETO DE CREDITO-EVALUABLE,[3]Baja_Propension,Cliente Finaciado,SI,
328,deudor comercial,Transporte,Segmento B,Segmento A,Region 1,Zona 1,0,0,1,0,1,0,1,1,1,1,1,49,Regular,Regular,F,2,Cooperativas,75,99,48,29,22,2,62,34,19,62,13,25,25,78,55,1,1,0,1,1,0,1,1,1,Malo,SUJETO DE CREDITO-EVALUABLE,[1]Alta_Propension,Cliente Finaciado,SI,SALESFORCE -WEB
329,deudor no comercial,Comercial,Segmento B,Segmento B,Region 2,Zona 3,0,1,1,1,0,1,0,0,1,1,1,29,Regular,Malo,M,1,Federacion,37,35,27,41,43,97,92,54,31,60,54,91,6,73,78,0,0,1,0,0,0,1,1,0,Malo,CON OBSERVACIONES-EVALUABLE,[3]Baja_Propension,Castigado o Sin Producto,NO,
330,deudor no comercial,Turismo,Segmento A,Segmento A,Region 1,Zona 1,0,0,0,1,1,1,0,1,1,1,1,40,Bueno,Bueno,M,2,SPA,76,51,21,90,80,13,15,9,49,87,14,91,54,52,61,1,0,1,0,0,1,1,1,1,Bueno,NO SUJETO DE CREDITO,[1]Alta_Propension,Cliente Finaciado,SI,SALESFORCE -WEB
331,Microempresas,Turismo,Segmento A,Segmento A,Region 1,Zona 3,0,1,0,0,0,0,0,1,1,1,0,29,Malo,Regular,M,2,SPA,62,70,74,35,58,28,77,76,41,69,2,95,95,98,10,1,1,0,1,1,0,1,0,0,Bueno,SUJETO DE CREDITO-EVALUABLE,[1]Alta_Propension,Castigado o Sin Producto,SI,SALESFORCE - CCL
332,deudor no comercial,Transporte,Segmento C,Segmento A,Region 1,Zona 3,0,1,0,1,0,0,0,1,1,1,0,61,Malo,Regular,F,1,Sociedad,14,20,45,87,55,90,90,83,99,55,83,57,67,15,62,0,0,1,0,1,0,0,1,1,Bueno,SUJETO DE CREDITO-EVALUABLE,[1]Alta_Propension,Castigado o Sin Producto,NO,SALESFORCE -WEB
333,deudor comercial,Turismo,Segmento C,Segmento C,Region 2,Zona 2,0,0,1,1,1,0,1,1,1,0,1,35,Regular,Bueno,M,1,Federacion,68,75,61,35,12,68,3,19,83,1,6,34,63,14,34,0,1,0,1,0,0,1,1,1,Bueno,CON OBSERVACIONES-EVALUABLE,[3]Baja_Propension,Cliente No Financiado,NO,RED SUCURSALES
334,deudor comercial,Turismo,Segmento C,Segmento A,Region 1,Zona 1,1,1,0,0,1,1,0,1,1,0,1,20,Malo,Regular,F,2,Sociedad,59,68,47,14,71,43,30,91,77,47,40,5,14,68,17,0,0,1,0,1,1,0,0,1,Malo,CON OBSERVACIONES-EVALUABLE,[1]Alta_Propension,Cliente Finaciado,SI,RED SUCURSALES
335,deudor comercial,Comercial,Segmento A,Segmento C,Region 2,Zona 2,1,0,1,1,0,0,1,0,0,0,0,37,Bueno,Regular,F,2,Sociedad,84,56,25,75,79,98,8,45,38,57,49,41,18,69,71,0,0,1,0,1,1,1,1,0,Malo,SUJETO DE CREDITO-EVALUABLE,[3]Baja_Propension,Cliente No Financiado,NO,
336,deudor no comercial,Transporte,Segmento C,Segmento C,Region 3,Zona 2,1,0,1,1,0,1,0,1,1,1,1,24,Malo,Bueno,M,2,Sociedad,92,12,53,3,46,28,42,17,51,89,3,97,23,65,96,1,1,1,1,0,1,0,0,1,Excelente,NO SUJETO DE CREDITO,[2]Media_Propension,Castigado o Sin Producto,SI,VENTA CENTRALIZADA
337,deudor comercial,Transporte,Segmento B,Segmento C,Region 2,Zona 1,0,1,0,0,1,0,1,1,1,0,0,41,Regular,Bueno,M,2,Cooperativas,48,49,11,31,50,66,34,71,39,50,71,6,13,84,84,1,1,1,1,1,0,1,1,1,Bueno,SUJETO DE CREDITO-EVALUABLE,[3]Baja_Propension,Castigado o Sin Producto,NO,
338,Microempresas,Transporte,Segmento B,Segmento A,Region 2,Zona 1,1,1,0,1,1,0,1,1,1,0,1,46,Malo,Bueno,M,1,Federacion,4,40,81,37,51,28,3,78,15,32,5,31,40,40,15,0,1,1,0,0,0,0,0,1,Malo,CON OBSERVACIONES-EVALUABLE,[3]Baja_Propension,Castigado o Sin Producto,NO,SALESFORCE - CCL
339,deudor comercial,Transporte,Segmento A,Segmento A,Region 3,Zona 1,1,1,1,1,0,0,1,0,1,0,1,50,Malo,Bueno,F,1,Federacion,64,61,93,56,88,39,87,99,90,5,63,65,64,10,45,0,1,1,1,0,1,1,0,0,Malo,CON OBSERVACIONES-EVALUABLE,[3]Baja_Propension,Cliente No Financiado,SI,VENTA CENTRALIZADA
340,deudor comercial,Turismo,Segmento B,Segmento C,Region 1,Zona 3,1,1,1,0,1,1,1,1,1,1,1,29,Malo,Bueno,F,1,Sindicatos,85,91,91,49,87,24,95,92,80,61,57,83,47,9,58,0,0,0,1,0,1,1,1,0,Bueno,SUJETO DE CREDITO-EVALUABLE,[2]Media_Propension,Castigado o Sin Producto,NO,VENTA CENTRALIZADA
341,deudor no comercial,Turismo,Segmento A,Segmento B,Region 3,Zona 2,1,1,0,1,1,1,0,0,1,1,0,42,Malo,Regular,F,2,Sindicatos,49,76,60,37,9,61,29,9,95,76,81,84,83,24,84,0,0,1,0,1,1,0,0,0,Excelente,CON OBSERVACIONES-EVALUABLE,[3]Baja_Propension,Castigado o Sin Producto,NO,SALESFORCE - CCL
342,deudor comercial,Comercial,Segmento C,Segmento A,Region 2,Zona 1,0,1,1,1,1,0,0,0,0,1,1,26,Regular,Malo,F,1,Sociedad,33,4,26,10,48,95,58,22,23,28,23,62,19,42,95,1,1,1,1,0,1,1,0,0,Excelente,SUJETO DE CREDITO-EVALUABLE,[2]Media_Propension,Cliente Finaciado,NO,RED SUCURSALES
343,Microempresas,Turismo,Segmento B,Segmento C,Region 1,Zona 2,0,0,1,1,1,1,1,0,0,1,1,66,Malo,Malo,M,2,Cooperativas,62,61,27,69,70,25,37,83,85,82,73,41,81,67,55,1,1,0,1,0,1,1,1,0,Excelente,CON OBSERVACIONES-EVALUABLE,[1]Alta_Propension,Cliente No Financiado,SI,VENTA CENTRALIZADA
344,Microempresas,Turismo,Segmento A,Segmento B,Region 3,Zona 1,1,1,0,0,0,1,0,0,1,0,1,73,Bueno,Malo,M,2,Federacion,33,47,9,88,98,70,92,1,21,39,85,36,21,29,57,1,0,1,1,1,1,1,1,1,Malo,SUJETO DE CREDITO-EVALUABLE,[2]Media_Propension,Cliente Finaciado,SI,SALESFORCE - CCL
345,deudor comercial,Comercial,Segmento C,Segmento B,Region 2,Zona 3,1,1,1,0,0,0,0,1,1,1,0,68,Bueno,Regular,F,2,Federacion,88,76,50,4,40,47,32,66,82,47,59,32,53,12,60,0,0,1,1,1,0,0,0,0,Malo,NO SUJETO DE CREDITO,[1]Alta_Propension,Castigado o Sin Producto,SI,VENTA CENTRALIZADA
346,deudor comercial,Transporte,Segmento B,Segmento B,Region 1,Zona 1,1,1,1,0,1,1,0,1,1,0,1,28,Malo,Bueno,M,1,Federacion,54,28,22,96,98,2,56,8,93,88,68,68,18,69,8,1,1,1,0,0,1,1,0,0,Excelente,SUJETO DE CREDITO-EVALUABLE,[1]Alta_Propension,Cliente Finaciado,NO,SALESFORCE - CCL
347,deudor comercial,Turismo,Segmento C,Segmento B,Region 3,Zona 1,0,1,0,1,1,0,0,0,1,0,1,52,Malo,Malo,M,2,Federacion,94,86,71,33,11,7,43,72,27,33,70,48,72,45,85,0,1,1,0,1,0,1,0,0,Bueno,CON OBSERVACIONES-EVALUABLE,[1]Alta_Propension,Castigado o Sin Producto,NO,RED SUCURSALES
348,deudor no comercial,Transporte,Segmento B,Segmento A,Region 1,Zona 3,1,1,1,1,0,0,1,1,1,0,1,23,Regular,Bueno,M,2,Sindicatos,83,31,99,28,25,67,91,67,90,3,52,26,97,58,69,0,0,0,1,0,1,1,0,0,Malo,CON OBSERVACIONES-EVALUABLE,[3]Baja_Propension,Cliente Finaciado,SI,RED SUCURSALES
349,deudor no comercial,Comercial,Segmento C,Segmento A,Region 2,Zona 1,0,0,0,1,1,0,0,0,0,1,1,59,Bueno,Bueno,M,1,SPA,0,79,38,65,84,7,8,1,40,2,56,55,42,52,75,1,1,0,1,0,0,0,0,1,Excelente,SUJETO DE CREDITO-EVALUABLE,[3]Baja_Propension,Cliente No Financiado,NO,SALESFORCE -WEB
350,Microempresas,Turismo,Segmento B,Segmento C,Region 1,Zona 3,1,1,1,1,1,0,1,0,0,0,1,44,Regular,Bueno,M,2,Sindicatos,10,26,23,37,31,62,24,9,66,90,25,19,29,2,77,0,0,1,1,1,0,1,0,1,Bueno,CON OBSERVACIONES-EVALUABLE,[1]Alta_Propension,Castigado o Sin Producto,SI,SALESFORCE - CCL
351,Microempresas,Transporte,Segmento B,Segmento B,Region 3,Zona 3,1,1,0,0,1,1,0,1,1,1,0,30,Bueno,Bueno,M,2,SPA,9,80,11,52,40,26,12,2,45,71,7,63,52,52,94,0,0,1,1,1,1,1,0,1,Malo,CON OBSERVACIONES-EVALUABLE,[1]Alta_Propension,Cliente No Financiado,NO,SALESFORCE - CCL
352,deudor comercial,Comercial,Segmento C,Segmento C,Region 2,Zona 1,1,1,1,1,1,1,1,1,1,0,0,35,Regular,Regular,M,2,Sociedad,15,83,9,29,62,98,62,87,49,5,14,10,59,4,43,0,1,0,1,1,0,1,0,0,Bueno,CON OBSERVACIONES-EVALUABLE,[1]Alta_Propension,Cliente No Financiado,SI,RED SUCURSALES
353,deudor comercial,Transporte,Segmento C,Segmento C,Region 3,Zona 3,1,1,0,0,1,1,0,1,1,1,0,24,Regular,Regular,F,1,Sociedad,44,97,82,15,48,99,11,91,74,94,70,13,56,47,69,1,1,0,1,0,1,0,1,1,Excelente,CON OBSERVACIONES-EVALUABLE,[2]Media_Propension,Cliente Finaciado,NO,SALESFORCE - CCL
354,deudor no comercial,Transporte,Segmento C,Segmento C,Region 1,Zona 2,0,0,1,0,0,0,1,0,0,1,0,51,Malo,Regular,M,1,Cooperativas,67,43,29,91,10,49,7,83,35,11,37,56,88,69,6,0,1,1,0,1,0,1,0,0,Malo,CON OBSERVACIONES-EVALUABLE,[1]Alta_Propension,Cliente No Financiado,SI,RED SUCURSALES
355,deudor no comercial,Transporte,Segmento A,Segmento C,Region 3,Zona 3,1,0,0,0,1,0,0,0,1,1,0,41,Malo,Bueno,M,1,Sindicatos,67,15,63,71,3,58,90,56,79,43,83,90,68,54,84,0,1,1,0,0,0,1,0,1,Malo,CON OBSERVACIONES-EVALUABLE,[1]Alta_Propension,Castigado o Sin Producto,NO,SALESFORCE -WEB
356,deudor comercial,Transporte,Segmento A,Segmento C,Region 2,Zona 2,0,1,1,0,1,1,0,0,1,1,1,26,Malo,Malo,F,1,Cooperativas,75,1,54,59,88,21,74,37,79,54,58,31,39,84,72,0,1,1,1,0,0,0,1,0,Excelente,NO SUJETO DE CREDITO,[2]Media_Propension,Cliente No Financiado,SI,
357,deudor no comercial,Transporte,Segmento C,Segmento A,Region 1,Zona 2,0,0,1,0,1,1,1,1,0,0,0,66,Regular,Malo,M,2,Sindicatos,36,53,39,82,38,94,93,71,32,87,3,53,43,68,36,0,0,0,1,0,0,1,0,1,Bueno,SUJETO DE CREDITO-EVALUABLE,[2]Media_Propension,Castigado o Sin Producto,NO,RED SUCURSALES
358,deudor comercial,Turismo,Segmento B,Segmento B,Region 2,Zona 1,1,0,0,1,1,1,1,1,0,0,1,72,Malo,Regular,F,1,SPA,45,38,78,68,55,86,47,55,6,55,32,15,14,7,35,0,0,0,0,1,0,1,1,0,Excelente,NO SUJETO DE CREDITO,[1]Alta_Propension,Cliente No Financiado,NO,VENTA CENTRALIZADA
359,deudor no comercial,Comercial,Segmento A,Segmento A,Region 3,Zona 3,0,1,0,0,1,0,1,0,0,1,0,73,Malo,Regular,F,2,Federacion,94,77,90,67,36,27,4,74,57,54,49,79,34,19,3,0,1,0,1,1,1,0,0,1,Bueno,CON OBSERVACIONES-EVALUABLE,[1]Alta_Propension,Cliente No Financiado,NO,RED SUCURSALES
360,deudor no comercial,Transporte,Segmento C,Segmento B,Region 1,Zona 2,1,0,0,1,0,1,0,0,0,1,0,29,Regular,Malo,F,1,Sociedad,31,86,88,62,56,61,5,12,13,40,59,11,21,93,21,1,1,0,0,0,1,0,1,0,Malo,CON OBSERVACIONES-EVALUABLE,[3]Baja_Propension,Cliente No Financiado,NO,
361,deudor no comercial,Comercial,Segmento C,Segmento B,Region 3,Zona 3,0,1,0,1,0,0,0,1,1,1,1,62,Bueno,Bueno,F,1,Sociedad,59,84,0,11,57,28,28,58,24,27,34,94,10,91,76,1,1,0,1,0,0,1,0,0,Malo,NO SUJETO DE CREDITO,[2]Media_Propension,Cliente Finaciado,SI,SALESFORCE -WEB
362,deudor no comercial,Transporte,Segmento C,Segmento A,Region 1,Zona 1,1,0,0,1,0,0,0,0,0,1,0,28,Bueno,Malo,F,2,Sociedad,18,21,85,57,29,63,63,34,68,48,13,54,85,75,0,0,1,0,0,1,0,1,0,1,Excelente,CON OBSERVACIONES-EVALUABLE,[1]Alta_Propension,Cliente Finaciado,NO,RED SUCURSALES
363,deudor no comercial,Comercial,Segmento C,Segmento B,Region 2,Zona 3,1,0,1,0,1,0,1,0,0,1,0,62,Malo,Malo,M,1,SPA,55,29,47,77,96,0,56,3,78,65,77,10,13,75,13,1,0,1,1,1,0,1,1,1,Malo,SUJETO DE CREDITO-EVALUABLE,[3]Baja_Propension,Cliente No Financiado,SI,VENTA CENTRALIZADA
364,deudor no comercial,Transporte,Segmento C,Segmento B,Region 1,Zona 3,1,0,0,1,0,1,1,1,1,0,1,42,Regular,Bueno,M,2,Federacion,29,21,67,9,25,51,11,77,17,64,41,73,99,94,52,1,1,0,0,1,1,0,0,1,Malo,SUJETO DE CREDITO-EVALUABLE,[3]Baja_Propension,Cliente Finaciado,SI,SALESFORCE - CCL
365,deudor no comercial,Transporte,Segmento B,Segmento B,Region 2,Zona 1,1,1,1,1,0,1,0,1,1,0,0,27,Bueno,Malo,F,2,Cooperativas,93,46,83,5,92,3,43,12,27,86,71,86,8,8,80,0,1,1,1,1,0,0,0,0,Malo,NO SUJETO DE CREDITO,[3]Baja_Propension,Cliente Finaciado,NO,
366,deudor comercial,Transporte,Segmento A,Segmento A,Region 1,Zona 1,0,0,1,1,0,1,1,1,0,0,1,22,Malo,Regular,F,1,Sociedad,93,6,9,50,1,31,10,25,41,48,67,29,71,15,39,1,1,1,1,1,1,1,1,1,Malo,CON OBSERVACIONES-EVALUABLE,[2]Media_Propension,Cliente Finaciado,NO,VENTA CENTRALIZADA
367,deudor no comercial,Turismo,Segmento A,Segmento A,Region 2,Zona 3,1,1,1,1,1,0,0,1,1,1,0,48,Regular,Bueno,F,1,Cooperativas,77,2,88,57,7,96,4,69,0,55,36,27,4,96,5,0,1,0,0,1,0,1,0,1,Excelente,NO SUJETO DE CREDITO,[2]Media_Propension,Castigado o Sin Producto,NO,
368,deudor no comercial,Comercial,Segmento C,Segmento A,Region 1,Zona 3,0,1,0,1,0,1,0,0,0,0,1,49,Bueno,Malo,M,1,Sindicatos,65,13,71,45,27,77,8,12,69,81,98,10,9,70,91,1,0,1,1,0,1,1,0,0,Bueno,SUJETO DE CREDITO-EVALUABLE,[2]Media_Propension,Cliente Finaciado,NO,RED SUCURSALES
369,Microempresas,Turismo,Segmento A,Segmento B,Region 2,Zona 3,1,1,0,0,0,0,0,1,1,1,0,21,Malo,Bueno,F,2,Cooperativas,21,34,87,51,32,74,42,45,73,75,89,67,16,99,74,1,0,1,0,1,1,1,1,0,Excelente,NO SUJETO DE CREDITO,[1]Alta_Propension,Castigado o Sin Producto,NO,SALESFORCE -WEB
370,Microempresas,Comercial,Segmento C,Segmento A,Region 1,Zona 2,0,0,1,1,1,0,0,0,1,1,0,24,Bueno,Regular,M,1,Sociedad,59,88,28,74,47,5,33,8,25,19,33,26,66,66,0,1,1,0,1,1,1,1,1,1,Excelente,NO SUJETO DE CREDITO,[3]Baja_Propension,Castigado o Sin Producto,NO,RED SUCURSALES
371,deudor comercial,Turismo,Segmento C,Segmento A,Region 1,Zona 1,1,1,1,1,0,1,0,1,0,0,0,52,Malo,Bueno,F,1,SPA,98,0,69,14,25,67,79,92,45,31,93,19,13,40,82,0,0,1,1,1,0,0,0,0,Malo,SUJETO DE CREDITO-EVALUABLE,[1]Alta_Propension,Cliente Finaciado,NO,VENTA CENTRALIZADA
372,deudor comercial,Comercial,Segmento B,Segmento A,Region 3,Zona 1,1,0,0,1,1,0,1,1,0,1,0,37,Regular,Bueno,M,2,Federacion,95,4,35,66,78,32,83,15,79,12,53,70,35,97,54,1,0,0,1,1,1,0,0,1,Excelente,CON OBSERVACIONES-EVALUABLE,[2]Media_Propension,Castigado o Sin Producto,SI,SALESFORCE -WEB
373,deudor no comercial,Turismo,Segmento A,Segmento A,Region 1,Zona 3,0,1,0,0,0,1,0,1,1,0,0,29,Bueno,Regular,M,1,Sindicatos,71,32,90,12,25,24,55,73,44,32,75,65,28,65,97,0,1,1,0,1,0,1,1,1,Malo,CON OBSERVACIONES-EVALUABLE,[1]Alta_Propension,Cliente No Financiado,NO,SALESFORCE - CCL
374,deudor comercial,Transporte,Segmento B,Segmento C,Region 2,Zona 1,0,0,0,0,0,1,0,0,1,0,0,61,Malo,Regular,M,2,Sociedad,67,37,37,57,72,28,15,25,26,73,34,74,53,98,31,0,1,0,0,1,1,0,1,1,Excelente,CON OBSERVACIONES-EVALUABLE,[2]Media_Propension,Cliente Finaciado,SI,
375,deudor comercial,Transporte,Segmento B,Segmento C,Region 2,Zona 2,0,0,1,0,0,1,1,0,1,1,1,43,Malo,Regular,F,2,Federacion,12,94,30,5,79,98,6,94,10,67,62,20,0,59,24,1,0,0,0,1,0,0,0,1,Bueno,NO SUJETO DE CREDITO,[3]Baja_Propension,Castigado o Sin Producto,NO,VENTA CENTRALIZADA
376,Microempresas,Transporte,Segmento A,Segmento A,Region 3,Zona 1,0,1,1,1,0,0,0,0,0,1,1,54,Malo,Regular,F,1,Sociedad,0,64,56,85,12,89,55,73,84,72,28,73,0,8,78,0,1,1,0,0,0,0,1,1,Malo,SUJETO DE CREDITO-EVALUABLE,[1]Alta_Propension,Castigado o Sin Producto,NO,RED SUCURSALES
377,deudor comercial,Comercial,Segmento C,Segmento C,Region 2,Zona 3,0,1,0,1,0,0,0,1,0,1,1,26,Regular,Bueno,F,2,Sindicatos,70,41,53,56,15,67,62,53,59,67,6,18,72,31,87,0,1,1,0,1,0,0,1,1,Excelente,NO SUJETO DE CREDITO,[1]Alta_Propension,Cliente No Financiado,SI,
378,deudor comercial,Transporte,Segmento C,Segmento C,Region 1,Zona 2,0,1,0,0,1,1,0,1,1,1,0,73,Bueno,Bueno,F,1,Cooperativas,98,53,82,52,11,15,5,1,4,18,82,38,28,32,1,0,0,0,0,0,0,0,1,1,Bueno,NO SUJETO DE CREDITO,[3]Baja_Propension,Cliente Finaciado,SI,
379,Microempresas,Comercial,Segmento A,Segmento A,Region 3,Zona 1,1,0,1,1,1,0,1,0,1,1,0,68,Bueno,Regular,F,2,Federacion,31,67,24,64,25,64,55,81,35,57,96,16,18,75,16,1,0,0,1,0,1,1,1,1,Bueno,SUJETO DE CREDITO-EVALUABLE,[3]Baja_Propension,Castigado o Sin Producto,NO,RED SUCURSALES
380,Microempresas,Comercial,Segmento C,Segmento A,Region 2,Zona 2,0,0,1,1,0,1,0,0,0,1,0,50,Bueno,Bueno,F,1,Federacion,82,62,68,84,44,84,96,70,68,32,64,76,65,89,66,1,0,0,0,1,0,0,0,0,Malo,NO SUJETO DE CREDITO,[1]Alta_Propension,Cliente Finaciado,NO,SALESFORCE -WEB
381,deudor no comercial,Comercial,Segmento C,Segmento A,Region 3,Zona 2,0,1,0,1,0,0,0,0,1,1,0,70,Regular,Bueno,F,1,Sindicatos,76,12,40,86,40,81,71,17,15,6,23,43,32,37,45,0,1,1,0,0,1,1,0,1,Bueno,CON OBSERVACIONES-EVALUABLE,[1]Alta_Propension,Cliente Finaciado,NO,RED SUCURSALES
382,deudor no comercial,Turismo,Segmento A,Segmento B,Region 3,Zona 1,1,0,0,1,0,1,1,1,0,0,0,48,Bueno,Malo,M,1,Federacion,71,22,27,17,80,18,28,93,58,27,78,28,46,73,92,1,0,1,1,0,0,0,1,1,Excelente,CON OBSERVACIONES-EVALUABLE,[1]Alta_Propension,Castigado o Sin Producto,NO,VENTA CENTRALIZADA
383,Microempresas,Comercial,Segmento C,Segmento C,Region 1,Zona 1,0,0,0,0,0,1,1,1,1,0,1,37,Regular,Regular,M,2,SPA,12,42,70,48,6,90,41,78,91,24,98,43,32,69,48,1,1,1,1,0,0,0,1,1,Malo,SUJETO DE CREDITO-EVALUABLE,[2]Media_Propension,Cliente No Financiado,NO,RED SUCURSALES
384,deudor no comercial,Comercial,Segmento A,Segmento A,Region 2,Zona 3,0,0,1,1,0,1,0,0,0,0,1,56,Regular,Regular,M,2,Sociedad,28,68,6,3,18,11,17,95,31,84,81,62,21,37,9,0,1,1,1,0,1,0,1,1,Malo,NO SUJETO DE CREDITO,[2]Media_Propension,Cliente Finaciado,SI,RED SUCURSALES
385,deudor comercial,Turismo,Segmento B,Segmento B,Region 3,Zona 2,1,0,0,0,0,0,1,0,1,1,1,34,Bueno,Regular,F,1,Cooperativas,52,73,82,87,33,2,92,56,45,54,84,32,80,83,68,1,0,0,0,1,0,1,0,1,Excelente,CON OBSERVACIONES-EVALUABLE,[1]Alta_Propension,Castigado o Sin Producto,NO,SALESFORCE - CCL
386,Microempresas,Transporte,Segmento A,Segmento C,Region 3,Zona 1,0,0,0,0,0,1,0,1,1,1,0,21,Bueno,Regular,F,2,Sociedad,51,9,59,39,98,2,86,19,85,66,4,18,9,19,99,0,0,0,1,0,1,0,0,0,Malo,CON OBSERVACIONES-EVALUABLE,[2]Media_Propension,Castigado o Sin Producto,NO,SALESFORCE - CCL
387,deudor comercial,Comercial,Segmento A,Segmento A,Region 3,Zona 1,1,0,1,0,1,0,0,1,0,0,1,69,Regular,Malo,M,2,Sindicatos,3,80,37,57,12,98,37,54,99,14,96,93,94,17,85,1,0,1,1,0,0,1,1,0,Malo,CON OBSERVACIONES-EVALUABLE,[3]Baja_Propension,Castigado o Sin Producto,SI,VENTA CENTRALIZADA
388,Microempresas,Turismo,Segmento B,Segmento A,Region 3,Zona 1,1,0,1,1,1,0,1,0,1,1,1,46,Regular,Regular,M,1,SPA,64,23,11,28,51,6,68,46,66,66,48,87,91,83,19,1,1,1,1,1,1,0,1,0,Malo,SUJETO DE CREDITO-EVALUABLE,[2]Media_Propension,Cliente No Financiado,NO,RED SUCURSALES
389,deudor comercial,Comercial,Segmento A,Segmento B,Region 1,Zona 3,0,1,0,0,1,0,1,0,0,1,0,20,Malo,Bueno,M,1,Cooperativas,9,17,41,50,22,32,69,89,94,86,65,99,96,24,56,0,1,1,1,1,0,1,1,1,Excelente,CON OBSERVACIONES-EVALUABLE,[1]Alta_Propension,Castigado o Sin Producto,NO,
390,deudor comercial,Transporte,Segmento B,Segmento A,Region 3,Zona 3,1,0,0,0,0,0,1,1,1,0,1,54,Regular,Bueno,F,2,Sindicatos,37,21,83,91,9,10,58,90,62,37,48,26,4,3,15,0,0,1,0,1,1,1,1,1,Bueno,CON OBSERVACIONES-EVALUABLE,[3]Baja_Propension,Cliente No Financiado,SI,RED SUCURSALES
391,deudor no comercial,Comercial,Segmento A,Segmento B,Region 2,Zona 1,0,1,1,1,1,1,1,1,0,1,1,30,Malo,Bueno,M,1,Cooperativas,91,46,31,41,99,31,73,93,67,18,40,86,68,64,10,0,0,1,1,0,0,0,0,0,Bueno,SUJETO DE CREDITO-EVALUABLE,[3]Baja_Propension,Cliente No Financiado,SI,SALESFORCE - CCL
392,deudor comercial,Transporte,Segmento C,Segmento B,Region 2,Zona 3,1,1,1,1,1,1,0,1,1,1,1,59,Bueno,Regular,F,1,Federacion,26,73,58,74,47,8,97,31,76,95,67,55,29,62,11,1,0,1,0,1,1,1,1,1,Excelente,SUJETO DE CREDITO-EVALUABLE,[3]Baja_Propension,Cliente Finaciado,NO,VENTA CENTRALIZADA
393,deudor comercial,Transporte,Segmento B,Segmento C,Region 3,Zona 3,0,1,0,1,1,1,1,1,0,1,1,66,Regular,Regular,M,1,SPA,20,1,68,0,46,16,46,47,59,84,71,28,72,71,30,0,0,0,0,1,1,1,1,0,Malo,SUJETO DE CREDITO-EVALUABLE,[3]Baja_Propension,Castigado o Sin Producto,SI,VENTA CENTRALIZADA
394,deudor comercial,Transporte,Segmento A,Segmento A,Region 2,Zona 1,0,0,1,0,1,1,1,1,0,1,0,39,Bueno,Regular,F,2,Federacion,50,13,79,2,24,79,9,26,1,81,80,8,86,75,7,1,0,0,1,0,0,0,0,1,Excelente,CON OBSERVACIONES-EVALUABLE,[1]Alta_Propension,Cliente Finaciado,NO,RED SUCURSALES
395,Microempresas,Turismo,Segmento C,Segmento A,Region 3,Zona 3,1,0,0,1,1,1,0,0,1,0,0,38,Malo,Malo,F,2,Sindicatos,83,56,75,30,52,84,64,12,77,73,76,61,91,67,91,1,1,0,1,0,1,0,1,1,Bueno,NO SUJETO DE CREDITO,[3]Baja_Propension,Castigado o Sin Producto,SI,VENTA CENTRALIZADA
396,deudor no comercial,Comercial,Segmento A,Segmento A,Region 2,Zona 2,1,0,1,1,0,0,0,0,0,0,0,73,Bueno,Bueno,F,1,Sociedad,43,54,44,14,43,57,4,51,46,57,5,73,44,48,6,1,1,0,0,0,0,1,1,1,Malo,SUJETO DE CREDITO-EVALUABLE,[2]Media_Propension,Castigado o Sin Producto,NO,RED SUCURSALES
397,Microempresas,Comercial,Segmento B,Segmento C,Region 2,Zona 2,1,0,1,1,0,0,1,0,0,1,1,29,Malo,Regular,F,2,Federacion,69,67,37,97,90,24,15,49,24,12,53,62,18,23,86,1,1,0,1,0,1,0,1,1,Bueno,NO SUJETO DE CREDITO,[1]Alta_Propension,Castigado o Sin Producto,SI,VENTA CENTRALIZADA
398,deudor no comercial,Turismo,Segmento C,Segmento C,Region 1,Zona 1,0,0,0,1,1,1,0,0,0,1,0,67,Malo,Bueno,F,2,Cooperativas,11,50,76,0,52,85,65,25,64,67,41,6,81,65,34,1,0,0,1,0,0,0,0,0,Bueno,SUJETO DE CREDITO-EVALUABLE,[2]Media_Propension,Castigado o Sin Producto,NO,VENTA CENTRALIZADA
399,Microempresas,Comercial,Segmento B,Segmento C,Region 3,Zona 3,0,0,1,1,0,0,1,0,1,0,1,72,Regular,Regular,M,1,Sindicatos,7,6,89,33,60,58,44,58,85,87,73,16,56,92,37,0,1,1,1,0,0,1,0,0,Excelente,NO SUJETO DE CREDITO,[1]Alta_Propension,Cliente Finaciado,NO,
400,deudor comercial,Transporte,Segmento B,Segmento A,Region 1,Zona 3,0,1,0,0,0,0,1,1,0,1,1,47,Regular,Bueno,M,1,Federacion,11,54,69,72,83,95,37,20,14,9,67,38,52,32,39,1,0,0,0,1,1,1,0,0,Malo,SUJETO DE CREDITO-EVALUABLE,[2]Media_Propension,Castigado o Sin Producto,SI,
401,Microempresas,Turismo,Segmento A,Segmento A,Region 2,Zona 2,0,1,0,1,0,0,0,1,1,1,1,48,Regular,Bueno,F,1,Federacion,25,94,75,98,62,99,57,69,2,49,27,46,67,35,47,0,1,0,0,1,0,0,0,0,Excelente,SUJETO DE CREDITO-EVALUABLE,[1]Alta_Propension,Castigado o Sin Producto,NO,RED SUCURSALES
402,Microempresas,Transporte,Segmento B,Segmento A,Region 1,Zona 3,0,0,0,0,0,0,1,1,0,0,1,70,Regular,Regular,M,2,Sindicatos,63,68,54,27,80,90,18,1,91,22,85,62,38,42,3,0,0,0,1,1,0,0,1,0,Excelente,SUJETO DE CREDITO-EVALUABLE,[1]Alta_Propension,Cliente Finaciado,NO,VENTA CENTRALIZADA
403,Microempresas,Comercial,Segmento C,Segmento B,Region 3,Zona 3,0,1,1,1,0,0,0,0,1,1,1,68,Bueno,Regular,F,2,Sindicatos,54,70,21,28,99,38,0,63,13,7,99,15,37,49,13,0,0,1,1,0,1,0,0,0,Bueno,SUJETO DE CREDITO-EVALUABLE,[3]Baja_Propension,Cliente No Financiado,NO,RED SUCURSALES
404,deudor comercial,Transporte,Segmento A,Segmento A,Region 2,Zona 1,0,0,0,0,1,0,0,0,1,1,1,40,Bueno,Regular,M,1,Sociedad,91,84,26,40,77,6,37,86,66,95,34,53,11,55,63,1,0,1,1,0,0,0,1,0,Excelente,CON OBSERVACIONES-EVALUABLE,[2]Media_Propension,Cliente Finaciado,SI,SALESFORCE -WEB
405,deudor comercial,Comercial,Segmento A,Segmento C,Region 3,Zona 1,0,1,1,0,0,0,1,1,0,1,1,49,Regular,Regular,M,2,SPA,53,18,13,76,75,73,97,44,17,81,45,58,78,12,84,1,1,1,0,1,1,1,0,0,Excelente,SUJETO DE CREDITO-EVALUABLE,[2]Media_Propension,Cliente No Financiado,SI,SALESFORCE -WEB
406,deudor no comercial,Comercial,Segmento A,Segmento B,Region 2,Zona 1,1,1,1,1,0,1,1,1,1,0,0,37,Regular,Regular,M,1,Sindicatos,45,56,4,17,45,36,91,63,95,10,42,43,4,14,96,0,1,0,1,0,1,1,0,1,Excelente,NO SUJETO DE CREDITO,[2]Media_Propension,Cliente No Financiado,NO,SALESFORCE -WEB
407,deudor no comercial,Comercial,Segmento C,Segmento C,Region 1,Zona 2,1,1,0,1,1,1,0,0,0,1,0,46,Malo,Malo,F,1,SPA,4,86,35,75,72,29,1,64,2,80,91,6,49,35,81,1,0,1,0,1,1,1,1,1,Bueno,SUJETO DE CREDITO-EVALUABLE,[1]Alta_Propension,Cliente Finaciado,SI,VENTA CENTRALIZADA
408,deudor no comercial,Comercial,Segmento B,Segmento B,Region 3,Zona 2,1,1,1,1,0,1,0,1,1,1,0,22,Bueno,Malo,F,1,Sindicatos,90,11,88,46,90,16,39,27,46,70,31,22,31,6,47,1,1,1,1,1,0,0,1,0,Bueno,SUJETO DE CREDITO-EVALUABLE,[2]Media_Propension,Castigado o Sin Producto,SI,SALESFORCE - CCL
409,deudor no comercial,Turismo,Segmento A,Segmento C,Region 1,Zona 2,1,0,1,1,0,1,0,0,1,1,0,23,Regular,Regular,M,1,Cooperativas,50,80,80,44,62,10,2,62,82,93,87,45,17,34,43,1,0,1,1,0,0,0,0,0,Excelente,SUJETO DE CREDITO-EVALUABLE,[2]Media_Propension,Castigado o Sin Producto,NO,
410,deudor no comercial,Transporte,Segmento B,Segmento B,Region 1,Zona 3,0,1,0,1,1,0,1,1,1,1,1,35,Bueno,Bueno,M,1,Federacion,27,95,60,26,7,91,31,23,27,30,99,13,74,80,6,0,0,0,0,0,0,1,1,0,Bueno,NO SUJETO DE CREDITO,[1]Alta_Propension,Cliente Finaciado,SI,RED SUCURSALES
411,deudor no comercial,Transporte,Segmento A,Segmento A,Region 2,Zona 2,0,0,1,0,1,0,1,1,0,0,1,59,Regular,Malo,F,2,Sociedad,94,16,77,15,81,0,64,36,81,52,15,53,93,15,6,0,0,0,1,0,1,0,1,1,Bueno,SUJETO DE CREDITO-EVALUABLE,[2]Media_Propension,Cliente No Financiado,NO,SALESFORCE - CCL
412,Microempresas,Comercial,Segmento B,Segmento C,Region 2,Zona 2,1,0,0,1,0,1,1,0,1,1,1,57,Bueno,Regular,F,2,Federacion,61,96,72,24,7,88,49,53,21,22,34,55,63,3,44,1,0,0,0,0,1,0,1,0,Excelente,CON OBSERVACIONES-EVALUABLE,[3]Baja_Propension,Castigado o Sin Producto,NO,VENTA CENTRALIZADA
413,deudor comercial,Comercial,Segmento B,Segmento A,Region 3,Zona 2,1,1,0,1,0,0,0,1,1,1,1,31,Bueno,Regular,M,1,Sindicatos,83,7,37,77,95,84,5,24,4,35,69,79,73,99,16,1,0,1,0,1,1,0,1,1,Bueno,NO SUJETO DE CREDITO,[3]Baja_Propension,Castigado o Sin Producto,NO,SALESFORCE - CCL
414,Microempresas,Transporte,Segmento C,Segmento B,Region 2,Zona 3,1,0,0,0,1,1,0,0,0,0,0,37,Malo,Bueno,M,1,Cooperativas,72,65,59,79,15,15,70,70,29,65,47,64,13,7,94,1,0,1,0,1,0,0,1,1,Malo,NO SUJETO DE CREDITO,[3]Baja_Propension,Cliente Finaciado,NO,RED SUCURSALES
415,deudor no comercial,Comercial,Segmento B,Segmento A,Region 3,Zona 3,0,0,1,1,0,0,0,0,0,0,1,61,Malo,Malo,F,1,Sindicatos,34,87,0,65,88,61,6,2,34,46,53,82,1,84,16,0,0,1,0,1,1,0,1,1,Malo,NO SUJETO DE CREDITO,[2]Media_Propension,Castigado o Sin Producto,SI,VENTA CENTRALIZADA
416,deudor comercial,Transporte,Segmento B,Segmento C,Region 1,Zona 2,0,0,1,0,1,1,1,1,1,1,1,35,Bueno,Bueno,M,1,SPA,58,66,65,81,52,31,95,58,58,34,66,51,16,49,13,1,0,1,0,0,1,1,0,0,Excelente,SUJETO DE CREDITO-EVALUABLE,[3]Baja_Propension,Cliente No Financiado,NO,RED SUCURSALES
417,deudor no comercial,Turismo,Segmento B,Segmento B,Region 3,Zona 1,0,1,0,1,0,1,1,0,0,0,0,41,Malo,Regular,F,1,SPA,64,5,34,7,29,16,79,87,89,58,56,90,99,75,74,1,1,0,0,0,1,1,0,1,Bueno,CON OBSERVACIONES-EVALUABLE,[3]Baja_Propension,Cliente Finaciado,SI,RED SUCURSALES
418,Microempresas,Transporte,Segmento A,Segmento A,Region 2,Zona 2,1,1,1,0,0,0,1,1,0,0,0,30,Regular,Regular,F,1,Sindicatos,71,96,91,43,42,18,54,17,86,74,35,48,86,56,36,0,0,0,0,0,1,1,1,1,Excelente,CON OBSERVACIONES-EVALUABLE,[2]Media_Propension,Castigado o Sin Producto,SI,SALESFORCE -WEB
419,deudor no comercial,Turismo,Segmento A,Segmento A,Region 2,Zona 1,1,1,1,0,0,0,0,1,1,0,1,52,Malo,Malo,F,2,Sociedad,13,28,22,48,85,68,30,33,23,87,87,84,69,86,37,0,1,0,1,1,0,1,0,1,Malo,CON OBSERVACIONES-EVALUABLE,[1]Alta_Propension,Cliente Finaciado,SI,VENTA CENTRALIZADA
420,Microempresas,Comercial,Segmento B,Segmento C,Region 3,Zona 3,0,1,0,0,1,1,1,1,0,0,1,69,Regular,Bueno,M,2,Sociedad,5,48,67,17,98,81,65,14,64,98,29,10,56,18,8,0,0,1,0,1,1,0,0,1,Bueno,SUJETO DE CREDITO-EVALUABLE,[2]Media_Propension,Cliente Finaciado,SI,VENTA CENTRALIZADA
421,deudor comercial,Transporte,Segmento C,Segmento C,Region 1,Zona 3,0,1,1,0,0,0,0,0,0,1,1,21,Regular,Malo,M,1,SPA,20,83,33,64,78,93,74,90,99,82,38,67,62,93,69,1,1,0,0,1,1,0,0,0,Malo,CON OBSERVACIONES-EVALUABLE,[3]Baja_Propension,Cliente No Financiado,SI,VENTA CENTRALIZADA
422,Microempresas,Comercial,Segmento B,Segmento A,Region 3,Zona 3,1,0,1,1,1,0,1,0,1,0,1,51,Regular,Malo,F,1,Federacion,69,26,0,37,13,50,31,2,10,72,52,7,96,46,20,1,1,0,1,1,0,1,1,0,Malo,CON OBSERVACIONES-EVALUABLE,[1]Alta_Propension,Castigado o Sin Producto,SI,VENTA CENTRALIZADA
423,deudor no comercial,Turismo,Segmento B,Segmento A,Region 2,Zona 1,0,0,1,1,1,0,0,0,1,1,1,48,Bueno,Malo,M,2,Sindicatos,24,46,0,6,90,33,66,77,8,71,94,98,67,96,17,1,0,0,0,0,0,0,0,0,Bueno,SUJETO DE CREDITO-EVALUABLE,[1]Alta_Propension,Cliente Finaciado,SI,VENTA CENTRALIZADA
424,deudor comercial,Transporte,Segmento B,Segmento A,Region 2,Zona 1,1,1,0,1,1,0,0,1,1,0,1,39,Regular,Bueno,F,2,Sindicatos,37,65,89,69,68,70,98,84,92,41,43,58,32,42,78,0,0,0,0,1,0,0,0,1,Bueno,CON OBSERVACIONES-EVALUABLE,[1]Alta_Propension,Cliente Finaciado,NO,
425,deudor no comercial,Transporte,Segmento C,Segmento C,Region 3,Zona 1,1,0,1,0,1,0,0,0,1,0,0,46,Malo,Bueno,F,2,Cooperativas,0,64,85,24,61,32,4,7,43,87,86,33,30,45,62,1,1,1,1,0,0,0,0,0,Bueno,SUJETO DE CREDITO-EVALUABLE,[2]Media_Propension,Castigado o Sin Producto,NO,
426,deudor comercial,Comercial,Segmento A,Segmento B,Region 2,Zona 3,0,0,0,1,0,1,0,1,1,1,1,55,Malo,Bueno,M,1,Federacion,73,9,72,24,88,79,48,80,74,76,98,99,36,29,59,0,0,0,0,0,1,0,0,1,Bueno,NO SUJETO DE CREDITO,[1]Alta_Propension,Castigado o Sin Producto,NO,VENTA CENTRALIZADA
427,Microempresas,Comercial,Segmento C,Segmento B,Region 3,Zona 3,1,0,0,0,0,1,1,0,1,0,1,36,Bueno,Regular,F,2,Sociedad,6,58,19,87,10,34,31,55,5,10,51,68,42,74,59,0,0,0,0,0,0,1,0,1,Excelente,CON OBSERVACIONES-EVALUABLE,[3]Baja_Propension,Cliente Finaciado,NO,SALESFORCE - CCL
428,Microempresas,Transporte,Segmento A,Segmento A,Region 3,Zona 3,1,1,0,1,1,1,0,0,0,0,1,21,Bueno,Regular,F,2,SPA,18,52,96,81,46,17,98,82,41,74,78,11,53,33,78,0,0,0,1,0,0,1,1,0,Bueno,CON OBSERVACIONES-EVALUABLE,[1]Alta_Propension,Cliente No Financiado,SI,RED SUCURSALES
429,Microempresas,Comercial,Segmento B,Segmento C,Region 1,Zona 3,0,1,1,0,1,0,0,1,0,1,0,41,Bueno,Bueno,M,2,Federacion,55,55,86,62,62,73,17,34,38,12,31,21,96,98,42,1,1,0,1,1,0,0,0,1,Bueno,CON OBSERVACIONES-EVALUABLE,[1]Alta_Propension,Castigado o Sin Producto,SI,
430,Microempresas,Turismo,Segmento A,Segmento B,Region 2,Zona 2,1,1,0,0,0,1,0,0,0,1,1,33,Regular,Regular,F,2,Cooperativas,61,75,12,22,62,71,2,40,42,32,56,73,67,44,12,1,0,1,0,1,0,1,0,0,Bueno,CON OBSERVACIONES-EVALUABLE,[2]Media_Propension,Castigado o Sin Producto,NO,
431,deudor comercial,Turismo,Segmento C,Segmento A,Region 3,Zona 1,0,0,1,1,0,0,1,0,1,0,0,55,Bueno,Regular,M,1,Cooperativas,55,98,73,61,31,70,12,80,73,91,22,80,65,49,44,1,0,0,0,0,1,1,1,0,Bueno,NO SUJETO DE CREDITO,[3]Baja_Propension,Cliente No Financiado,NO,VENTA CENTRALIZADA
432,Microempresas,Turismo,Segmento B,Segmento A,Region 2,Zona 3,1,0,1,0,1,0,0,0,1,0,1,35,Regular,Bueno,M,1,Federacion,75,67,78,91,67,28,61,75,43,9,15,28,35,45,53,1,0,1,1,1,1,0,0,1,Excelente,NO SUJETO DE CREDITO,[3]Baja_Propension,Cliente No Financiado,SI,SALESFORCE - CCL
433,deudor comercial,Turismo,Segmento A,Segmento A,Region 1,Zona 3,1,1,1,1,0,1,0,1,1,1,1,32,Regular,Bueno,M,1,SPA,54,79,59,77,0,65,95,94,89,51,6,91,55,21,65,0,1,0,1,1,1,0,1,0,Bueno,NO SUJETO DE CREDITO,[2]Media_Propension,Castigado o Sin Producto,SI,VENTA CENTRALIZADA
434,Microempresas,Transporte,Segmento B,Segmento B,Region 2,Zona 2,0,0,0,0,1,0,1,1,1,1,0,21,Regular,Regular,M,2,Sociedad,57,43,56,29,52,30,28,27,52,7,82,12,1,92,85,1,1,1,1,0,1,0,0,1,Malo,NO SUJETO DE CREDITO,[1]Alta_Propension,Cliente No Financiado,SI,SALESFORCE - CCL
435,Microempresas,Transporte,Segmento C,Segmento A,Region 3,Zona 1,1,0,0,1,0,1,1,1,0,0,0,30,Regular,Malo,F,1,Sindicatos,77,4,15,13,49,46,7,62,90,47,96,11,83,38,68,0,1,1,1,0,0,0,0,0,Excelente,SUJETO DE CREDITO-EVALUABLE,[2]Media_Propension,Castigado o Sin Producto,SI,SALESFORCE -WEB
436,deudor no comercial,Turismo,Segmento C,Segmento C,Region 2,Zona 3,1,0,0,0,1,1,1,0,0,1,1,37,Malo,Regular,M,1,Sindicatos,82,7,49,87,18,54,86,16,40,60,84,40,2,5,72,1,1,1,0,0,1,0,1,1,Excelente,CON OBSERVACIONES-EVALUABLE,[3]Baja_Propension,Cliente Finaciado,SI,VENTA CENTRALIZADA
437,Microempresas,Transporte,Segmento A,Segmento C,Region 1,Zona 2,1,0,1,0,1,0,0,1,1,1,0,20,Regular,Regular,F,1,Federacion,22,30,26,20,49,96,30,28,28,52,16,53,15,74,54,1,0,1,1,0,0,1,0,0,Bueno,SUJETO DE CREDITO-EVALUABLE,[3]Baja_Propension,Castigado o Sin Producto,SI,RED SUCURSALES
438,Microempresas,Comercial,Segmento B,Segmento C,Region 3,Zona 3,1,1,1,1,0,1,0,1,0,0,0,60,Bueno,Bueno,M,2,Cooperativas,62,11,75,12,27,5,9,6,61,84,84,52,53,50,68,1,0,1,0,0,0,1,1,0,Malo,SUJETO DE CREDITO-EVALUABLE,[2]Media_Propension,Cliente Finaciado,SI,SALESFORCE -WEB
439,Microempresas,Transporte,Segmento B,Segmento C,Region 1,Zona 3,0,0,1,0,0,0,1,0,0,1,0,46,Bueno,Regular,F,1,Sociedad,81,45,14,22,87,42,38,77,91,7,27,45,9,14,47,0,1,1,0,0,0,1,0,0,Malo,SUJETO DE CREDITO-EVALUABLE,[2]Media_Propension,Cliente Finaciado,NO,SALESFORCE - CCL
440,deudor no comercial,Comercial,Segmento A,Segmento C,Region 3,Zona 1,0,1,0,1,0,0,1,0,1,1,1,22,Malo,Regular,M,1,Cooperativas,90,51,56,94,5,81,89,67,97,36,87,26,16,77,33,0,1,0,0,1,1,1,0,1,Bueno,NO SUJETO DE CREDITO,[3]Baja_Propension,Castigado o Sin Producto,SI,SALESFORCE -WEB
441,Microempresas,Turismo,Segmento B,Segmento A,Region 2,Zona 1,0,1,0,1,0,0,1,1,1,1,1,63,Regular,Malo,F,2,Cooperativas,39,69,90,43,54,57,44,62,70,34,70,92,62,97,51,1,1,0,1,0,1,0,1,0,Malo,CON OBSERVACIONES-EVALUABLE,[3]Baja_Propension,Cliente Finaciado,SI,
442,deudor comercial,Turismo,Segmento B,Segmento C,Region 1,Zona 2,1,0,0,0,0,0,0,0,0,1,0,52,Bueno,Bueno,M,1,Cooperativas,44,15,16,50,41,42,13,77,76,30,23,66,92,71,42,1,0,0,0,0,1,1,0,0,Excelente,NO SUJETO DE CREDITO,[3]Baja_Propension,Cliente No Financiado,NO,VENTA CENTRALIZADA
443,deudor no comercial,Turismo,Segmento A,Segmento C,Region 2,Zona 2,1,0,0,0,1,1,1,0,1,0,0,21,Malo,Bueno,M,2,SPA,83,8,96,26,18,33,52,49,10,51,80,90,2,26,7,0,1,0,1,0,0,0,1,0,Malo,SUJETO DE CREDITO-EVALUABLE,[2]Media_Propension,Cliente No Financiado,NO,SALESFORCE - CCL
444,Microempresas,Comercial,Segmento C,Segmento A,Region 3,Zona 2,1,1,1,0,1,0,1,0,0,1,0,29,Bueno,Malo,F,1,SPA,5,62,51,88,68,67,22,4,10,38,82,44,24,93,0,0,1,1,0,0,1,1,0,0,Excelente,NO SUJETO DE CREDITO,[2]Media_Propension,Cliente Finaciado,SI,VENTA CENTRALIZADA
445,Microempresas,Turismo,Segmento B,Segmento B,Region 3,Zona 3,1,0,0,1,1,0,1,0,1,0,0,65,Regular,Regular,F,1,Federacion,21,92,7,39,96,65,62,33,5,20,61,11,49,75,48,0,0,1,1,0,1,1,0,0,Excelente,SUJETO DE CREDITO-EVALUABLE,[3]Baja_Propension,Cliente No Financiado,SI,SALESFORCE - CCL
446,deudor comercial,Transporte,Segmento B,Segmento C,Region 3,Zona 2,0,1,1,1,0,0,0,0,1,0,0,36,Malo,Regular,M,1,Sociedad,31,32,23,26,68,72,26,89,45,8,24,34,86,14,81,1,1,1,1,0,0,0,1,0,Malo,CON OBSERVACIONES-EVALUABLE,[1]Alta_Propension,Castigado o Sin Producto,SI,SALESFORCE -WEB
447,deudor comercial,Transporte,Segmento B,Segmento B,Region 3,Zona 3,0,0,1,1,0,0,1,1,1,0,0,46,Malo,Bueno,M,1,Federacion,63,39,32,68,42,96,0,2,43,8,29,37,96,15,38,1,0,0,0,0,0,0,0,0,Bueno,NO SUJETO DE CREDITO,[3]Baja_Propension,Cliente Finaciado,SI,SALESFORCE -WEB
448,deudor comercial,Comercial,Segmento B,Segmento B,Region 2,Zona 2,1,0,1,0,0,1,0,0,1,1,1,58,Bueno,Malo,F,2,Cooperativas,17,28,23,41,0,15,38,38,81,70,76,27,21,72,4,0,0,1,0,1,1,1,0,1,Bueno,NO SUJETO DE CREDITO,[2]Media_Propension,Castigado o Sin Producto,NO,SALESFORCE -WEB
449,deudor no comercial,Transporte,Segmento C,Segmento B,Region 3,Zona 2,0,0,1,0,0,0,1,1,1,0,0,67,Bueno,Bueno,M,1,Cooperativas,18,54,92,25,39,65,68,61,85,0,7,28,27,67,30,0,0,0,1,1,1,0,0,1,Bueno,NO SUJETO DE CREDITO,[1]Alta_Propension,Castigado o Sin Producto,SI,VENTA CENTRALIZADA
450,deudor comercial,Turismo,Segmento B,Segmento B,Region 1,Zona 2,0,0,0,0,0,0,0,1,0,1,1,42,Regular,Bueno,M,2,Sindicatos,75,30,50,62,31,0,34,58,36,94,15,37,60,76,39,0,1,1,1,1,1,1,1,0,Excelente,CON OBSERVACIONES-EVALUABLE,[1]Alta_Propension,Cliente No Financiado,NO,SALESFORCE -WEB
451,deudor comercial,Turismo,Segmento C,Segmento B,Region 1,Zona 2,0,1,1,0,1,1,0,0,1,1,0,64,Regular,Malo,F,1,SPA,50,30,91,76,67,68,41,72,16,33,99,83,67,22,87,0,1,1,1,0,0,0,1,1,Bueno,CON OBSERVACIONES-EVALUABLE,[2]Media_Propension,Castigado o Sin Producto,NO,
452,deudor no comercial,Transporte,Segmento C,Segmento A,Region 1,Zona 3,1,0,1,0,0,0,0,1,1,0,0,49,Bueno,Bueno,M,2,Cooperativas,62,64,8,39,22,52,66,56,54,61,38,77,34,48,95,0,1,0,1,1,0,1,0,0,Malo,NO SUJETO DE CREDITO,[2]Media_Propension,Castigado o Sin Producto,NO,
453,deudor comercial,Comercial,Segmento B,Segmento C,Region 1,Zona 3,1,0,1,1,0,1,0,0,0,0,0,52,Malo,Malo,F,1,Cooperativas,6,65,46,6,72,98,0,94,27,81,27,74,53,25,55,1,1,0,1,0,1,1,0,1,Bueno,NO SUJETO DE CREDITO,[3]Baja_Propension,Cliente No Financiado,SI,RED SUCURSALES
454,Microempresas,Transporte,Segmento B,Segmento C,Region 3,Zona 2,1,0,0,1,1,1,1,0,0,1,1,40,Bueno,Regular,F,1,Cooperativas,98,61,1,69,1,26,3,33,63,43,29,86,94,58,92,0,0,0,1,0,1,0,0,1,Malo,NO SUJETO DE CREDITO,[2]Media_Propension,Castigado o Sin Producto,SI,VENTA CENTRALIZADA
455,deudor comercial,Transporte,Segmento A,Segmento A,Region 2,Zona 2,1,0,0,0,1,0,0,1,1,1,1,52,Malo,Malo,M,2,SPA,84,61,90,67,83,46,12,63,16,39,34,22,59,28,58,0,1,0,0,1,0,1,1,0,Bueno,CON OBSERVACIONES-EVALUABLE,[1]Alta_Propension,Cliente Finaciado,NO,
456,deudor comercial,Transporte,Segmento A,Segmento B,Region 2,Zona 3,1,0,1,0,1,1,0,0,1,1,1,38,Bueno,Bueno,F,1,SPA,13,61,49,82,62,87,59,24,21,91,11,35,8,34,82,0,1,0,0,1,0,1,1,1,Malo,SUJETO DE CREDITO-EVALUABLE,[1]Alta_Propension,Castigado o Sin Producto,SI,VENTA CENTRALIZADA
457,Microempresas,Turismo,Segmento B,Segmento C,Region 3,Zona 3,0,0,1,0,0,1,1,1,1,0,1,39,Regular,Bueno,M,2,SPA,34,4,12,78,71,4,96,95,38,85,57,3,8,18,69,0,1,1,0,1,0,0,0,0,Excelente,CON OBSERVACIONES-EVALUABLE,[2]Media_Propension,Castigado o Sin Producto,SI,SALESFORCE -WEB
458,Microempresas,Turismo,Segmento A,Segmento A,Region 1,Zona 2,0,1,1,0,1,0,0,0,0,0,1,64,Bueno,Regular,F,2,Sindicatos,67,2,99,79,85,51,31,47,48,62,24,39,43,38,2,1,1,1,1,0,1,1,1,0,Excelente,SUJETO DE CREDITO-EVALUABLE,[1]Alta_Propension,Castigado o Sin Producto,NO,
459,deudor no comercial,Transporte,Segmento B,Segmento B,Region 1,Zona 2,0,0,1,1,0,0,1,1,0,0,1,67,Malo,Bueno,M,1,Federacion,78,35,78,3,68,89,44,46,35,72,72,40,70,10,6,0,1,1,0,1,1,0,0,1,Excelente,SUJETO DE CREDITO-EVALUABLE,[2]Media_Propension,Cliente No Financiado,SI,RED SUCURSALES
460,deudor comercial,Comercial,Segmento A,Segmento C,Region 3,Zona 3,0,1,0,1,1,0,1,0,0,1,0,23,Bueno,Malo,M,1,SPA,18,1,26,75,81,68,64,98,19,97,55,80,17,71,58,1,0,0,0,0,0,0,1,0,Malo,CON OBSERVACIONES-EVALUABLE,[2]Media_Propension,Cliente Finaciado,NO,SALESFORCE -WEB
461,Microempresas,Turismo,Segmento B,Segmento B,Region 2,Zona 3,0,0,0,0,0,0,1,0,0,1,1,19,Malo,Regular,F,1,SPA,15,37,43,42,91,86,73,78,91,0,35,77,53,7,95,1,1,0,0,0,0,1,1,0,Bueno,CON OBSERVACIONES-EVALUABLE,[1]Alta_Propension,Cliente Finaciado,SI,SALESFORCE - CCL
462,Microempresas,Comercial,Segmento A,Segmento C,Region 2,Zona 1,0,0,0,0,0,0,1,0,0,0,0,32,Regular,Bueno,F,2,SPA,12,66,11,60,88,66,61,36,48,57,12,63,47,81,45,0,0,0,1,0,0,0,0,0,Excelente,CON OBSERVACIONES-EVALUABLE,[3]Baja_Propension,Cliente No Financiado,SI,VENTA CENTRALIZADA
463,deudor comercial,Comercial,Segmento A,Segmento A,Region 1,Zona 2,1,1,1,1,1,0,1,0,0,1,0,28,Regular,Bueno,F,2,SPA,73,38,39,91,8,0,67,68,33,17,42,99,11,8,81,0,1,0,1,1,0,1,0,1,Bueno,SUJETO DE CREDITO-EVALUABLE,[1]Alta_Propension,Cliente Finaciado,SI,VENTA CENTRALIZADA
464,deudor no comercial,Turismo,Segmento A,Segmento A,Region 3,Zona 1,1,1,1,1,0,1,1,0,0,0,1,22,Regular,Malo,M,1,Sociedad,22,92,46,4,7,0,22,34,87,6,8,37,63,46,31,1,1,0,0,1,1,0,0,0,Excelente,SUJETO DE CREDITO-EVALUABLE,[3]Baja_Propension,Castigado o Sin Producto,NO,VENTA CENTRALIZADA
465,deudor comercial,Comercial,Segmento B,Segmento B,Region 2,Zona 3,0,1,0,1,1,0,1,0,0,1,0,69,Bueno,Regular,M,1,Sindicatos,45,82,3,11,97,65,27,82,76,68,40,68,38,66,17,1,0,1,0,1,1,0,1,1,Excelente,NO SUJETO DE CREDITO,[2]Media_Propension,Cliente No Financiado,NO,VENTA CENTRALIZADA
466,Microempresas,Turismo,Segmento B,Segmento A,Region 3,Zona 3,0,1,0,0,0,1,1,0,0,0,1,73,Malo,Malo,M,2,Cooperativas,67,61,10,92,76,64,67,34,59,6,81,72,18,73,26,1,1,1,1,1,1,1,0,0,Bueno,CON OBSERVACIONES-EVALUABLE,[3]Baja_Propension,Cliente No Financiado,SI,SALESFORCE -WEB
467,Microempresas,Turismo,Segmento C,Segmento B,Region 1,Zona 1,1,1,1,0,0,0,1,1,1,1,0,50,Regular,Regular,F,2,Sociedad,68,65,34,57,30,14,47,75,90,9,39,34,21,12,2,0,0,1,1,0,1,1,0,1,Excelente,NO SUJETO DE CREDITO,[2]Media_Propension,Cliente Finaciado,SI,RED SUCURSALES
468,deudor comercial,Comercial,Segmento C,Segmento A,Region 2,Zona 3,1,0,1,0,1,1,0,0,0,0,1,37,Bueno,Malo,F,1,Sindicatos,59,70,51,92,52,51,53,32,89,7,33,4,33,86,18,0,0,0,1,1,1,0,1,1,Bueno,SUJETO DE CREDITO-EVALUABLE,[1]Alta_Propension,Cliente Finaciado,NO,
469,Microempresas,Comercial,Segmento B,Segmento A,Region 1,Zona 2,1,1,1,0,1,1,1,1,1,1,0,38,Malo,Regular,F,1,Federacion,12,3,32,47,99,35,25,80,44,47,8,78,6,97,29,0,0,0,0,1,1,0,1,0,Malo,NO SUJETO DE CREDITO,[1]Alta_Propension,Castigado o Sin Producto,SI,SALESFORCE - CCL
470,deudor no comercial,Transporte,Segmento A,Segmento A,Region 1,Zona 2,1,0,0,0,1,0,1,1,1,0,0,66,Malo,Regular,M,2,Sociedad,10,12,97,94,7,0,53,73,81,25,56,91,16,24,76,1,1,1,0,1,0,1,1,0,Excelente,NO SUJETO DE CREDITO,[3]Baja_Propension,Castigado o Sin Producto,NO,VENTA CENTRALIZADA
471,Microempresas,Comercial,Segmento C,Segmento A,Region 1,Zona 1,0,0,1,0,0,0,1,1,1,0,1,57,Bueno,Bueno,M,1,Cooperativas,54,73,50,94,15,90,56,48,32,76,46,40,64,79,43,0,1,1,1,1,0,1,0,0,Excelente,NO SUJETO DE CREDITO,[1]Alta_Propension,Castigado o Sin Producto,NO,RED SUCURSALES
472,Microempresas,Turismo,Segmento A,Segmento C,Region 1,Zona 2,0,0,1,1,0,0,0,0,1,1,0,44,Bueno,Malo,M,2,Sindicatos,37,36,12,61,89,92,96,69,26,28,66,76,0,2,94,0,1,1,1,0,1,0,1,1,Bueno,SUJETO DE CREDITO-EVALUABLE,[3]Baja_Propension,Castigado o Sin Producto,SI,
473,Microempresas,Transporte,Segmento B,Segmento A,Region 3,Zona 3,0,1,0,1,0,1,1,1,0,0,0,35,Bueno,Regular,M,2,SPA,55,76,90,87,68,59,90,61,26,77,68,40,66,92,86,1,0,0,1,0,1,1,0,0,Excelente,SUJETO DE CREDITO-EVALUABLE,[2]Media_Propension,Cliente Finaciado,NO,
474,deudor comercial,Transporte,Segmento A,Segmento C,Region 2,Zona 3,0,1,1,1,1,1,1,1,1,0,1,58,Malo,Malo,M,2,Sindicatos,55,56,32,0,15,60,66,35,87,60,71,42,31,63,41,0,0,1,0,1,0,0,0,1,Excelente,SUJETO DE CREDITO-EVALUABLE,[3]Baja_Propension,Cliente No Financiado,SI,
475,deudor comercial,Transporte,Segmento A,Segmento B,Region 1,Zona 2,0,0,1,0,0,0,0,1,0,0,1,29,Regular,Regular,M,1,Sindicatos,75,17,30,89,73,80,83,86,44,92,73,67,42,14,92,0,1,1,1,1,0,0,1,1,Bueno,NO SUJETO DE CREDITO,[2]Media_Propension,Castigado o Sin Producto,NO,VENTA CENTRALIZADA
476,deudor no comercial,Transporte,Segmento C,Segmento A,Region 3,Zona 2,0,0,1,1,0,1,0,1,0,1,1,56,Bueno,Regular,M,1,SPA,87,63,77,63,60,71,97,64,50,93,12,72,73,82,29,0,1,0,1,0,1,0,1,1,Malo,CON OBSERVACIONES-EVALUABLE,[2]Media_Propension,Castigado o Sin Producto,NO,VENTA CENTRALIZADA
477,Microempresas,Comercial,Segmento B,Segmento B,Region 3,Zona 2,0,0,0,0,0,0,1,0,1,1,0,54,Malo,Malo,M,1,Sindicatos,66,35,82,90,98,21,34,70,46,67,20,98,68,24,35,1,1,0,0,0,1,1,1,1,Bueno,SUJETO DE CREDITO-EVALUABLE,[2]Media_Propension,Castigado o Sin Producto,SI,SALESFORCE - CCL
478,deudor no comercial,Turismo,Segmento C,Segmento C,Region 3,Zona 1,0,1,0,0,1,0,1,0,1,1,1,32,Malo,Malo,F,2,Federacion,35,97,80,85,11,26,26,79,46,10,55,20,18,81,57,1,0,0,0,0,0,1,1,0,Bueno,SUJETO DE CREDITO-EVALUABLE,[2]Media_Propension,Cliente Finaciado,SI,RED SUCURSALES
479,deudor no comercial,Turismo,Segmento A,Segmento B,Region 1,Zona 1,1,1,0,0,1,0,1,1,0,1,1,71,Regular,Regular,M,1,Federacion,81,64,71,65,32,7,76,10,88,49,25,16,68,84,18,0,0,0,0,1,1,0,1,0,Bueno,NO SUJETO DE CREDITO,[1]Alta_Propension,Cliente No Financiado,NO,RED SUCURSALES
480,deudor comercial,Turismo,Segmento A,Segmento B,Region 3,Zona 3,1,1,1,1,0,1,0,0,0,0,0,31,Regular,Bueno,M,1,Federacion,83,28,96,98,22,7,36,94,12,89,59,16,5,84,47,1,1,0,0,1,0,0,0,0,Bueno,CON OBSERVACIONES-EVALUABLE,[2]Media_Propension,Cliente No Financiado,SI,SALESFORCE - CCL
481,Microempresas,Turismo,Segmento A,Segmento C,Region 1,Zona 1,0,0,1,1,0,1,1,1,1,1,0,47,Bueno,Regular,F,1,Federacion,35,69,83,11,72,30,59,16,13,86,63,82,46,24,59,0,1,1,0,0,0,0,1,1,Malo,SUJETO DE CREDITO-EVALUABLE,[2]Media_Propension,Castigado o Sin Producto,SI,RED SUCURSALES
482,deudor comercial,Turismo,Segmento C,Segmento C,Region 1,Zona 2,0,0,1,0,1,1,0,1,1,0,1,43,Malo,Regular,M,1,Federacion,58,85,15,77,95,37,96,84,14,40,13,8,30,47,55,1,0,0,1,0,0,0,1,0,Bueno,SUJETO DE CREDITO-EVALUABLE,[1]Alta_Propension,Castigado o Sin Producto,NO,RED SUCURSALES
483,deudor no comercial,Transporte,Segmento A,Segmento C,Region 2,Zona 1,0,1,1,0,1,1,1,1,0,1,1,42,Bueno,Regular,M,2,Sindicatos,76,51,77,65,56,15,41,48,19,95,48,45,74,4,55,0,0,0,1,1,1,0,1,1,Bueno,CON OBSERVACIONES-EVALUABLE,[1]Alta_Propension,Cliente No Financiado,SI,SALESFORCE - CCL
484,Microempresas,Comercial,Segmento C,Segmento C,Region 2,Zona 1,1,1,1,1,0,1,0,0,1,0,0,20,Malo,Regular,M,2,Sindicatos,55,26,86,2,81,79,26,35,17,60,14,6,13,14,83,0,1,1,1,1,1,0,1,0,Excelente,CON OBSERVACIONES-EVALUABLE,[2]Media_Propension,Cliente Finaciado,NO,
485,Microempresas,Comercial,Segmento C,Segmento C,Region 1,Zona 2,1,0,0,1,0,1,0,1,0,1,1,58,Malo,Regular,F,1,Sociedad,15,53,71,99,64,49,43,79,19,97,73,11,69,26,40,0,0,0,0,0,1,1,0,1,Bueno,NO SUJETO DE CREDITO,[3]Baja_Propension,Cliente No Financiado,NO,SALESFORCE - CCL
486,deudor comercial,Comercial,Segmento C,Segmento A,Region 1,Zona 1,0,1,1,1,1,0,0,0,0,1,1,52,Malo,Malo,F,2,Federacion,4,88,53,86,21,41,23,59,77,54,26,69,70,50,97,0,1,1,0,0,1,0,1,0,Malo,SUJETO DE CREDITO-EVALUABLE,[2]Media_Propension,Castigado o Sin Producto,SI,VENTA CENTRALIZADA
487,deudor comercial,Comercial,Segmento C,Segmento B,Region 2,Zona 2,0,0,1,1,1,1,1,1,1,1,0,49,Malo,Malo,F,1,Sindicatos,79,15,8,21,38,60,53,58,2,73,14,18,92,75,92,0,0,0,0,0,1,1,1,1,Malo,SUJETO DE CREDITO-EVALUABLE,[1]Alta_Propension,Castigado o Sin Producto,SI,VENTA CENTRALIZADA
488,deudor no comercial,Turismo,Segmento B,Segmento C,Region 1,Zona 2,0,1,0,0,0,0,0,1,1,1,1,67,Bueno,Malo,F,1,SPA,50,38,42,22,43,68,10,16,44,46,86,46,71,15,15,0,1,0,1,1,1,1,1,0,Excelente,SUJETO DE CREDITO-EVALUABLE,[3]Baja_Propension,Castigado o Sin Producto,SI,RED SUCURSALES
489,Microempresas,Transporte,Segmento A,Segmento C,Region 3,Zona 1,1,1,1,0,1,1,0,1,1,1,1,21,Malo,Regular,M,1,Cooperativas,34,28,85,20,1,46,35,54,42,68,6,72,14,13,77,1,1,0,1,1,0,0,0,0,Bueno,SUJETO DE CREDITO-EVALUABLE,[2]Media_Propension,Castigado o Sin Producto,NO,VENTA CENTRALIZADA
490,deudor no comercial,Turismo,Segmento B,Segmento A,Region 2,Zona 3,1,0,0,0,1,0,0,1,0,0,0,73,Bueno,Malo,M,1,Federacion,3,52,94,62,16,7,94,45,23,66,32,14,37,33,26,0,1,1,0,0,1,1,1,1,Bueno,NO SUJETO DE CREDITO,[3]Baja_Propension,Cliente Finaciado,NO,SALESFORCE - CCL
491,deudor no comercial,Turismo,Segmento C,Segmento C,Region 2,Zona 3,1,0,0,0,1,1,1,0,1,1,1,40,Regular,Regular,F,2,Sindicatos,7,28,83,69,47,5,38,4,11,46,27,12,71,87,96,1,1,1,1,0,1,0,1,0,Malo,SUJETO DE CREDITO-EVALUABLE,[2]Media_Propension,Cliente Finaciado,NO,SALESFORCE - CCL
492,deudor no comercial,Comercial,Segmento C,Segmento A,Region 2,Zona 1,0,1,0,0,1,0,0,1,0,0,1,69,Regular,Regular,F,2,Sindicatos,59,34,43,15,37,65,46,97,42,89,23,1,27,28,24,1,0,1,0,1,1,1,0,1,Bueno,NO SUJETO DE CREDITO,[1]Alta_Propension,Cliente Finaciado,SI,RED SUCURSALES
493,deudor comercial,Comercial,Segmento B,Segmento A,Region 3,Zona 1,1,1,0,1,0,1,0,0,0,0,0,20,Regular,Malo,M,2,Sociedad,23,0,42,63,90,85,58,97,66,40,30,52,79,56,38,1,0,0,0,1,1,1,1,0,Bueno,SUJETO DE CREDITO-EVALUABLE,[1]Alta_Propension,Castigado o Sin Producto,NO,VENTA CENTRALIZADA
494,Microempresas,Transporte,Segmento A,Segmento A,Region 1,Zona 3,1,1,0,1,0,0,1,0,1,0,0,60,Malo,Regular,F,1,Sociedad,25,40,47,75,76,74,96,67,11,86,99,89,68,63,98,1,0,0,0,1,1,1,0,1,Malo,SUJETO DE CREDITO-EVALUABLE,[3]Baja_Propension,Cliente Finaciado,SI,
495,deudor no comercial,Comercial,Segmento A,Segmento B,Region 2,Zona 3,1,0,0,0,0,1,0,0,1,1,1,35,Regular,Bueno,M,1,SPA,21,84,84,78,89,43,56,98,16,55,12,97,20,49,69,1,0,1,1,0,0,0,0,1,Malo,CON OBSERVACIONES-EVALUABLE,[2]Media_Propension,Castigado o Sin Producto,NO,SALESFORCE - CCL
496,deudor comercial,Comercial,Segmento B,Segmento B,Region 3,Zona 2,1,1,1,0,0,0,1,0,0,1,0,63,Regular,Bueno,F,2,Sindicatos,81,59,40,65,34,99,9,31,7,52,5,94,13,83,92,0,1,0,1,0,1,1,1,1,Bueno,SUJETO DE CREDITO-EVALUABLE,[2]Media_Propension,Cliente No Financiado,NO,SALESFORCE - CCL
497,Microempresas,Comercial,Segmento C,Segmento C,Region 3,Zona 3,0,0,0,1,1,1,0,1,1,1,1,45,Malo,Bueno,M,2,SPA,10,65,63,55,18,93,38,86,69,73,53,98,13,99,35,0,1,1,1,0,1,0,0,0,Malo,NO SUJETO DE CREDITO,[2]Media_Propension,Castigado o Sin Producto,SI,
498,deudor comercial,Turismo,Segmento B,Segmento B,Region 3,Zona 2,0,1,0,0,1,0,1,0,0,1,0,52,Regular,Malo,F,1,Sociedad,97,17,20,99,7,19,28,60,66,0,11,79,91,47,59,1,1,0,1,1,0,1,1,1,Excelente,NO SUJETO DE CREDITO,[2]Media_Propension,Cliente No Financiado,SI,RED SUCURSALES
499,deudor comercial,Turismo,Segmento A,Segmento B,Region 1,Zona 1,1,0,1,0,0,0,1,0,0,0,0,40,Bueno,Malo,M,2,Cooperativas,52,9,33,93,56,73,94,30,96,86,55,72,85,73,42,0,0,1,0,1,1,0,1,0,Bueno,CON OBSERVACIONES-EVALUABLE,[3]Baja_Propension,Castigado o Sin Producto,NO,SALESFORCE -WEB
500,deudor comercial,Transporte,Segmento B,Segmento B,Region 3,Zona 1,0,1,1,0,1,0,1,1,0,0,1,23,Regular,Malo,F,1,SPA,39,47,87,65,98,66,88,34,4,27,15,15,5,1,95,1,1,1,1,0,0,1,0,1,Excelente,CON OBSERVACIONES-EVALUABLE,[2]Media_Propension,Cliente No Financiado,NO,
501,Microempresas,Comercial,Segmento C,Segmento C,Region 2,Zona 3,1,0,1,0,0,1,0,0,0,1,0,62,Bueno,Regular,M,1,Federacion,33,0,7,35,6,27,23,56,69,25,62,34,14,54,30,1,1,1,1,0,1,0,0,1,Bueno,CON OBSERVACIONES-EVALUABLE,[3]Baja_Propension,Cliente No Financiado,SI,SALESFORCE -WEB
502,deudor no comercial,Turismo,Segmento A,Segmento B,Region 3,Zona 2,1,1,0,0,1,1,1,0,0,1,0,62,Bueno,Bueno,M,2,Sindicatos,7,3,63,91,69,42,16,87,19,38,49,8,87,4,76,0,1,0,1,1,0,0,0,0,Bueno,SUJETO DE CREDITO-EVALUABLE,[1]Alta_Propension,Cliente Finaciado,SI,
503,deudor comercial,Comercial,Segmento A,Segmento C,Region 1,Zona 3,1,1,1,1,1,1,1,1,0,0,1,61,Bueno,Bueno,F,2,Sociedad,95,30,18,68,99,57,13,10,14,88,81,62,84,16,74,1,1,1,0,1,1,0,1,0,Excelente,SUJETO DE CREDITO-EVALUABLE,[2]Media_Propension,Cliente Finaciado,SI,VENTA CENTRALIZADA
504,deudor no comercial,Turismo,Segmento A,Segmento A,Region 2,Zona 2,1,1,1,0,1,1,0,0,1,1,0,26,Bueno,Malo,F,2,Federacion,10,86,92,8,67,68,19,45,15,89,60,5,81,73,58,1,1,1,1,0,0,1,1,1,Excelente,SUJETO DE CREDITO-EVALUABLE,[1]Alta_Propension,Cliente Finaciado,SI,
505,Microempresas,Transporte,Segmento B,Segmento A,Region 1,Zona 2,1,0,1,0,0,1,1,1,0,0,0,51,Malo,Bueno,F,2,Cooperativas,12,36,46,66,95,39,74,45,10,4,60,60,4,69,15,1,1,1,1,1,0,1,1,1,Malo,NO SUJETO DE CREDITO,[2]Media_Propension,Cliente No Financiado,NO,SALESFORCE - CCL
506,deudor comercial,Comercial,Segmento C,Segmento C,Region 2,Zona 1,1,0,0,1,1,0,0,1,0,0,1,18,Bueno,Regular,M,1,SPA,90,70,79,37,4,58,28,93,51,91,81,19,68,9,94,1,0,1,0,1,1,0,1,1,Malo,CON OBSERVACIONES-EVALUABLE,[2]Media_Propension,Cliente No Financiado,NO,RED SUCURSALES
507,Microempresas,Turismo,Segmento A,Segmento C,Region 1,Zona 2,0,1,0,0,0,0,1,0,0,1,1,46,Malo,Malo,F,1,SPA,88,74,81,29,38,56,80,50,48,86,11,12,74,19,86,1,1,0,0,0,1,1,0,1,Bueno,CON OBSERVACIONES-EVALUABLE,[1]Alta_Propension,Castigado o Sin Producto,SI,VENTA CENTRALIZADA
508,deudor comercial,Comercial,Segmento A,Segmento A,Region 3,Zona 3,1,1,0,1,0,0,0,1,0,1,1,65,Regular,Regular,F,1,Sociedad,44,20,66,56,29,26,45,79,99,80,43,85,65,38,39,1,1,1,0,1,1,1,0,0,Excelente,CON OBSERVACIONES-EVALUABLE,[1]Alta_Propension,Cliente No Financiado,NO,SALESFORCE - CCL
509,deudor no comercial,Transporte,Segmento C,Segmento B,Region 2,Zona 1,1,0,0,0,0,1,0,0,1,1,1,25,Regular,Malo,F,2,SPA,49,36,84,39,93,82,56,16,75,64,65,31,43,81,47,0,0,0,0,0,0,1,1,1,Malo,NO SUJETO DE CREDITO,[3]Baja_Propension,Cliente No Financiado,NO,SALESFORCE - CCL
510,deudor comercial,Transporte,Segmento B,Segmento B,Region 2,Zona 3,1,0,1,1,1,0,0,1,1,1,0,34,Regular,Malo,M,2,Sindicatos,90,53,80,16,15,25,40,2,68,48,53,52,68,32,76,1,1,0,1,0,1,1,0,1,Bueno,CON OBSERVACIONES-EVALUABLE,[3]Baja_Propension,Cliente Finaciado,SI,RED SUCURSALES
511,deudor comercial,Comercial,Segmento C,Segmento C,Region 2,Zona 3,1,1,0,0,1,1,1,0,0,1,0,54,Malo,Bueno,F,1,Sociedad,84,47,84,6,63,78,90,41,51,50,70,73,70,58,23,0,1,1,0,1,1,0,1,1,Excelente,CON OBSERVACIONES-EVALUABLE,[3]Baja_Propension,Castigado o Sin Producto,NO,
512,deudor no comercial,Comercial,Segmento C,Segmento A,Region 1,Zona 2,1,1,1,0,1,0,0,0,1,1,0,68,Bueno,Regular,F,1,SPA,39,11,44,20,63,22,29,53,49,97,77,79,93,1,43,1,0,1,0,1,1,1,1,1,Bueno,NO SUJETO DE CREDITO,[2]Media_Propension,Castigado o Sin Producto,SI,RED SUCURSALES
513,deudor no comercial,Comercial,Segmento A,Segmento C,Region 1,Zona 3,0,1,1,1,1,0,1,1,1,1,1,65,Malo,Malo,F,2,Federacion,20,95,60,27,59,8,39,98,45,88,89,27,96,1,24,0,0,0,0,1,1,0,1,1,Bueno,SUJETO DE CREDITO-EVALUABLE,[1]Alta_Propension,Cliente Finaciado,NO,RED SUCURSALES
514,deudor comercial,Transporte,Segmento B,Segmento C,Region 2,Zona 3,1,0,0,0,1,1,1,0,1,0,0,67,Regular,Malo,M,1,Sindicatos,50,39,35,53,88,68,16,25,30,89,49,20,17,37,43,0,1,0,1,1,0,0,0,1,Bueno,CON OBSERVACIONES-EVALUABLE,[2]Media_Propension,Cliente No Financiado,NO,RED SUCURSALES
515,deudor no comercial,Comercial,Segmento B,Segmento A,Region 2,Zona 1,1,0,1,0,0,1,1,0,1,0,1,45,Malo,Malo,F,2,Sindicatos,40,84,9,33,81,31,77,84,17,46,37,68,40,28,35,0,0,1,1,0,1,1,1,0,Excelente,SUJETO DE CREDITO-EVALUABLE,[2]Media_Propension,Cliente Finaciado,SI,RED SUCURSALES
516,Microempresas,Transporte,Segmento C,Segmento C,Region 2,Zona 3,0,1,1,1,1,0,1,0,0,1,0,38,Regular,Malo,F,2,Sindicatos,68,98,91,54,81,86,98,11,41,32,5,54,67,78,46,1,1,0,0,1,1,0,0,0,Malo,SUJETO DE CREDITO-EVALUABLE,[1]Alta_Propension,Cliente No Financiado,NO,RED SUCURSALES
517,deudor no comercial,Transporte,Segmento B,Segmento A,Region 1,Zona 1,1,1,1,0,0,1,1,1,0,1,1,39,Bueno,Malo,M,1,Sociedad,98,76,25,94,80,32,41,60,78,14,84,34,33,93,23,0,1,1,1,0,1,0,1,0,Bueno,CON OBSERVACIONES-EVALUABLE,[1]Alta_Propension,Castigado o Sin Producto,SI,SALESFORCE - CCL
518,deudor comercial,Turismo,Segmento B,Segmento A,Region 3,Zona 2,1,0,0,1,0,1,0,0,1,1,0,26,Regular,Malo,M,2,Sindicatos,95,91,94,9,1,16,0,29,92,63,86,77,71,59,63,0,0,0,0,0,0,0,1,1,Malo,CON OBSERVACIONES-EVALUABLE,[3]Baja_Propension,Cliente No Financiado,NO,RED SUCURSALES
519,deudor no comercial,Turismo,Segmento A,Segmento A,Region 1,Zona 2,0,0,1,0,1,1,0,0,0,1,1,74,Regular,Bueno,F,1,Cooperativas,89,0,83,74,41,52,14,34,60,92,21,11,44,23,66,1,1,1,1,0,0,0,1,0,Malo,NO SUJETO DE CREDITO,[1]Alta_Propension,Castigado o Sin Producto,NO,VENTA CENTRALIZADA
520,deudor no comercial,Turismo,Segmento A,Segmento C,Region 3,Zona 2,1,0,1,0,0,1,1,1,0,1,0,71,Regular,Regular,M,1,Cooperativas,56,15,26,24,98,78,10,38,27,53,37,62,45,4,12,1,1,1,0,1,0,1,0,0,Excelente,SUJETO DE CREDITO-EVALUABLE,[2]Media_Propension,Castigado o Sin Producto,NO,
521,Microempresas,Comercial,Segmento A,Segmento A,Region 1,Zona 3,1,0,1,1,1,0,0,0,1,1,1,56,Bueno,Regular,F,1,Cooperativas,34,24,77,52,57,31,30,19,28,75,29,8,86,81,38,0,0,0,0,0,0,0,0,0,Bueno,NO SUJETO DE CREDITO,[2]Media_Propension,Castigado o Sin Producto,SI,SALESFORCE -WEB
522,deudor no comercial,Transporte,Segmento B,Segmento A,Region 2,Zona 3,1,1,1,0,0,0,1,0,1,0,0,31,Regular,Bueno,M,1,Cooperativas,41,98,91,89,32,85,53,46,28,72,16,73,70,14,95,0,1,1,1,0,1,0,1,1,Bueno,CON OBSERVACIONES-EVALUABLE,[3]Baja_Propension,Cliente Finaciado,NO,SALESFORCE - CCL
523,deudor no comercial,Comercial,Segmento B,Segmento A,Region 2,Zona 2,0,0,0,0,0,0,1,0,1,0,1,63,Regular,Malo,M,2,Sindicatos,55,73,16,2,96,27,32,22,90,79,71,72,32,18,11,1,0,0,1,0,0,0,0,1,Malo,SUJETO DE CREDITO-EVALUABLE,[2]Media_Propension,Cliente Finaciado,NO,RED SUCURSALES
524,Microempresas,Comercial,Segmento B,Segmento C,Region 3,Zona 1,1,1,1,1,1,0,0,0,0,1,0,68,Bueno,Regular,M,2,Sociedad,7,32,65,69,1,99,48,40,36,24,80,85,11,93,19,1,1,1,1,1,0,0,1,0,Malo,CON OBSERVACIONES-EVALUABLE,[1]Alta_Propension,Cliente Finaciado,NO,SALESFORCE - CCL
525,deudor comercial,Turismo,Segmento C,Segmento A,Region 3,Zona 1,0,1,0,1,1,1,1,0,0,0,0,21,Bueno,Malo,M,2,Sociedad,27,93,63,99,76,4,69,61,43,23,25,71,82,13,58,1,1,1,1,1,0,0,0,1,Bueno,SUJETO DE CREDITO-EVALUABLE,[3]Baja_Propension,Cliente Finaciado,NO,
526,deudor comercial,Transporte,Segmento A,Segmento B,Region 3,Zona 3,1,0,0,0,1,0,1,1,0,0,0,25,Regular,Bueno,F,2,Sindicatos,86,2,17,77,14,68,55,43,61,1,86,10,74,84,70,1,0,0,1,1,0,0,0,1,Bueno,SUJETO DE CREDITO-EVALUABLE,[1]Alta_Propension,Cliente No Financiado,SI,SALESFORCE -WEB
527,deudor comercial,Turismo,Segmento C,Segmento C,Region 3,Zona 2,1,0,0,1,0,1,0,1,0,0,1,26,Bueno,Bueno,M,1,Federacion,12,3,14,80,93,39,11,1,49,86,28,76,12,6,74,1,0,0,1,1,1,0,0,0,Malo,SUJETO DE CREDITO-EVALUABLE,[3]Baja_Propension,Cliente No Financiado,SI,VENTA CENTRALIZADA
528,deudor no comercial,Transporte,Segmento B,Segmento B,Region 1,Zona 2,0,0,0,0,0,0,0,0,0,0,0,45,Malo,Malo,M,1,Sindicatos,38,21,33,56,10,29,25,65,95,84,25,50,99,53,40,1,0,0,0,1,0,0,0,0,Excelente,NO SUJETO DE CREDITO,[1]Alta_Propension,Castigado o Sin Producto,SI,VENTA CENTRALIZADA
529,deudor comercial,Transporte,Segmento B,Segmento B,Region 2,Zona 2,1,0,0,0,1,1,0,0,1,0,1,46,Malo,Malo,M,2,Federacion,3,14,7,23,8,37,40,0,15,26,66,29,79,79,80,0,1,0,1,0,0,1,0,0,Excelente,CON OBSERVACIONES-EVALUABLE,[2]Media_Propension,Cliente No Financiado,NO,RED SUCURSALES
530,Microempresas,Transporte,Segmento C,Segmento A,Region 1,Zona 1,1,0,0,1,0,0,0,1,0,0,0,60,Bueno,Bueno,F,2,Cooperativas,82,24,41,86,85,63,50,7,18,78,5,86,0,80,76,1,1,1,0,1,0,1,0,0,Excelente,NO SUJETO DE CREDITO,[3]Baja_Propension,Cliente Finaciado,NO,
531,deudor comercial,Comercial,Segmento C,Segmento A,Region 3,Zona 3,0,1,1,1,0,0,1,1,0,1,0,68,Malo,Malo,F,1,SPA,55,12,20,64,31,89,30,71,35,84,78,59,29,87,20,1,1,0,1,1,1,1,0,1,Bueno,SUJETO DE CREDITO-EVALUABLE,[1]Alta_Propension,Cliente No Financiado,NO,SALESFORCE - CCL
532,deudor comercial,Comercial,Segmento A,Segmento C,Region 2,Zona 1,0,0,1,0,1,1,0,1,1,0,1,18,Malo,Bueno,F,1,Sindicatos,3,56,15,55,60,54,8,5,31,59,11,51,98,85,50,1,0,1,1,0,1,0,0,0,Excelente,NO SUJETO DE CREDITO,[3]Baja_Propension,Cliente Finaciado,NO,RED SUCURSALES
533,deudor comercial,Comercial,Segmento A,Segmento B,Region 2,Zona 3,1,1,1,0,1,0,0,1,1,0,0,55,Bueno,Regular,F,2,Cooperativas,55,81,4,85,56,63,49,39,62,26,49,46,50,4,26,1,1,1,1,0,1,1,0,0,Bueno,NO SUJETO DE CREDITO,[2]Media_Propension,Cliente No Financiado,SI,
534,deudor no comercial,Comercial,Segmento C,Segmento A,Region 2,Zona 3,1,0,0,0,0,1,1,0,0,0,0,19,Malo,Regular,M,1,Federacion,26,4,53,21,94,82,88,3,66,4,12,87,91,3,66,1,1,1,1,1,1,1,0,0,Bueno,NO SUJETO DE CREDITO,[3]Baja_Propension,Cliente No Financiado,SI,RED SUCURSALES
535,deudor comercial,Transporte,Segmento B,Segmento A,Region 2,Zona 1,1,0,0,1,1,0,1,1,1,0,0,37,Bueno,Malo,M,1,Cooperativas,79,69,61,24,79,62,88,2,0,52,5,8,4,60,63,1,1,0,1,0,0,1,0,1,Excelente,NO SUJETO DE CREDITO,[2]Media_Propension,Castigado o Sin Producto,NO,
536,Microempresas,Comercial,Segmento A,Segmento A,Region 3,Zona 2,1,0,0,1,0,0,1,0,0,0,0,25,Bueno,Regular,F,1,Federacion,50,11,36,3,76,10,63,25,63,21,19,17,40,1,55,0,0,0,0,0,0,0,0,0,Malo,NO SUJETO DE CREDITO,[3]Baja_Propension,Cliente No Financiado,SI,VENTA CENTRALIZADA
537,deudor no comercial,Turismo,Segmento C,Segmento B,Region 3,Zona 2,1,1,0,1,1,0,0,0,1,0,1,67,Malo,Bueno,M,2,Federacion,39,85,91,24,67,51,14,94,84,82,50,43,70,60,47,0,0,1,1,0,1,1,1,1,Bueno,NO SUJETO DE CREDITO,[1]Alta_Propension,Cliente No Financiado,SI,
538,deudor no comercial,Turismo,Segmento A,Segmento C,Region 2,Zona 3,0,0,0,0,0,1,1,0,0,1,0,22,Bueno,Regular,F,1,Cooperativas,57,42,4,48,88,23,46,31,80,73,99,49,50,67,89,1,1,1,0,1,0,1,0,0,Malo,NO SUJETO DE CREDITO,[1]Alta_Propension,Cliente Finaciado,SI,SALESFORCE - CCL
539,Microempresas,Turismo,Segmento B,Segmento A,Region 1,Zona 3,0,0,0,0,0,0,0,0,0,0,0,47,Malo,Regular,M,1,Cooperativas,59,56,26,23,44,61,10,27,96,2,35,94,38,84,50,0,1,1,0,1,1,1,1,1,Excelente,CON OBSERVACIONES-EVALUABLE,[3]Baja_Propension,Cliente No Financiado,SI,
540,deudor comercial,Comercial,Segmento C,Segmento A,Region 3,Zona 2,1,0,1,0,0,0,1,0,1,1,1,37,Bueno,Regular,M,2,Sociedad,1,30,38,92,58,56,47,33,44,92,19,29,91,0,60,0,1,1,0,1,1,1,0,0,Excelente,CON OBSERVACIONES-EVALUABLE,[1]Alta_Propension,Castigado o Sin Producto,NO,SALESFORCE - CCL
541,deudor no comercial,Transporte,Segmento B,Segmento C,Region 3,Zona 1,1,0,0,1,1,0,0,1,0,1,1,65,Malo,Bueno,F,1,Cooperativas,30,62,78,39,19,98,93,85,23,81,58,42,67,23,76,1,0,1,1,1,1,0,0,0,Bueno,NO SUJETO DE CREDITO,[1]Alta_Propension,Cliente Finaciado,NO,
542,deudor no comercial,Transporte,Segmento C,Segmento A,Region 3,Zona 1,0,1,1,0,1,0,1,1,1,0,0,64,Regular,Bueno,F,1,Sindicatos,9,80,15,50,29,13,58,53,60,20,48,79,14,43,48,0,1,1,1,0,0,1,1,0,Excelente,CON OBSERVACIONES-EVALUABLE,[2]Media_Propension,Cliente Finaciado,NO,SALESFORCE -WEB
543,deudor no comercial,Transporte,Segmento C,Segmento A,Region 1,Zona 3,1,1,0,0,0,0,0,1,0,0,0,18,Regular,Regular,F,2,Sociedad,71,45,24,89,36,61,50,66,91,41,97,27,49,4,76,1,1,0,0,0,1,0,1,1,Malo,SUJETO DE CREDITO-EVALUABLE,[2]Media_Propension,Cliente No Financiado,NO,RED SUCURSALES
544,deudor comercial,Transporte,Segmento B,Segmento B,Region 2,Zona 3,1,0,1,1,0,1,1,0,1,1,0,37,Bueno,Bueno,F,1,Sociedad,4,68,83,28,45,95,53,48,0,92,28,14,94,48,9,0,0,1,0,0,1,1,0,0,Bueno,NO SUJETO DE CREDITO,[1]Alta_Propension,Castigado o Sin Producto,NO,VENTA CENTRALIZADA
545,Microempresas,Transporte,Segmento A,Segmento C,Region 2,Zona 3,0,1,1,1,0,0,1,1,1,1,1,60,Malo,Regular,M,1,Cooperativas,3,66,55,32,19,72,15,42,89,53,95,7,14,44,3,0,1,0,0,0,1,1,0,0,Excelente,CON OBSERVACIONES-EVALUABLE,[2]Media_Propension,Castigado o Sin Producto,SI,RED SUCURSALES
546,Microempresas,Comercial,Segmento B,Segmento C,Region 3,Zona 3,1,1,0,1,1,0,0,0,0,0,0,33,Bueno,Malo,M,1,Cooperativas,27,60,84,58,21,63,96,59,26,33,43,1,78,79,28,1,1,1,1,1,1,1,0,0,Bueno,NO SUJETO DE CREDITO,[3]Baja_Propension,Castigado o Sin Producto,NO,VENTA CENTRALIZADA
547,deudor no comercial,Comercial,Segmento A,Segmento A,Region 3,Zona 3,1,0,1,0,1,0,0,1,0,0,1,19,Bueno,Malo,F,2,SPA,31,57,18,21,18,15,80,14,74,77,16,90,83,80,9,0,1,0,1,0,0,1,1,0,Excelente,NO SUJETO DE CREDITO,[3]Baja_Propension,Cliente No Financiado,SI,
548,deudor no comercial,Comercial,Segmento A,Segmento A,Region 1,Zona 3,0,0,0,1,1,1,1,0,1,1,1,59,Bueno,Regular,M,1,Sociedad,56,23,15,92,47,7,93,35,47,10,24,22,42,79,30,0,0,1,1,0,1,1,0,0,Excelente,SUJETO DE CREDITO-EVALUABLE,[3]Baja_Propension,Cliente Finaciado,SI,VENTA CENTRALIZADA
549,deudor no comercial,Comercial,Segmento A,Segmento C,Region 1,Zona 3,0,0,1,1,1,1,1,1,1,0,0,73,Bueno,Regular,F,2,SPA,17,54,16,62,42,64,30,93,52,87,24,79,78,51,35,1,0,0,0,0,1,0,0,1,Malo,CON OBSERVACIONES-EVALUABLE,[1]Alta_Propension,Cliente No Financiado,NO,RED SUCURSALES
550,deudor comercial,Turismo,Segmento C,Segmento A,Region 3,Zona 1,0,1,1,0,0,0,0,0,0,1,1,60,Malo,Bueno,M,2,Sociedad,68,60,86,20,85,40,80,1,6,83,51,68,19,10,93,1,1,0,1,0,1,1,0,1,Excelente,CON OBSERVACIONES-EVALUABLE,[2]Media_Propension,Castigado o Sin Producto,SI,
551,deudor no comercial,Comercial,Segmento A,Segmento B,Region 2,Zona 3,1,1,1,1,0,1,0,0,0,1,1,54,Malo,Malo,M,2,Sindicatos,2,68,19,11,40,50,49,62,58,0,7,24,63,68,86,1,1,0,0,1,0,0,0,0,Excelente,CON OBSERVACIONES-EVALUABLE,[1]Alta_Propension,Cliente No Financiado,NO,VENTA CENTRALIZADA
552,deudor no comercial,Turismo,Segmento C,Segmento A,Region 3,Zona 3,0,1,1,1,1,1,1,0,1,0,0,57,Malo,Malo,M,1,Federacion,90,46,57,57,20,60,69,30,28,95,35,85,22,76,34,0,0,0,0,1,0,0,1,0,Excelente,SUJETO DE CREDITO-EVALUABLE,[1]Alta_Propension,Cliente Finaciado,SI,
553,deudor comercial,Turismo,Segmento B,Segmento B,Region 1,Zona 1,0,1,0,1,1,1,0,1,1,1,0,72,Malo,Bueno,M,2,Cooperativas,18,28,6,43,54,12,22,18,78,2,77,16,2,93,74,1,0,1,0,0,1,0,1,1,Bueno,SUJETO DE CREDITO-EVALUABLE,[1]Alta_Propension,Cliente Finaciado,SI,RED SUCURSALES
554,deudor no comercial,Transporte,Segmento C,Segmento A,Region 2,Zona 3,1,0,1,0,0,1,0,0,0,0,0,37,Malo,Malo,F,1,Federacion,37,44,79,98,31,4,43,70,5,53,92,93,54,75,90,0,1,1,1,1,1,0,1,1,Excelente,SUJETO DE CREDITO-EVALUABLE,[3]Baja_Propension,Cliente No Financiado,SI,
555,Microempresas,Turismo,Segmento A,Segmento B,Region 1,Zona 2,0,0,0,1,0,0,1,0,1,0,0,43,Regular,Regular,M,2,Sociedad,65,7,77,72,66,10,87,19,39,94,90,16,52,19,77,1,0,1,1,1,1,0,1,1,Malo,CON OBSERVACIONES-EVALUABLE,[3]Baja_Propension,Castigado o Sin Producto,SI,SALESFORCE - CCL
556,deudor comercial,Turismo,Segmento A,Segmento C,Region 1,Zona 1,0,0,0,1,0,0,0,1,1,0,0,40,Malo,Bueno,F,2,Sociedad,26,77,32,93,42,31,37,90,79,72,25,83,25,88,6,1,0,1,0,1,1,1,1,0,Bueno,SUJETO DE CREDITO-EVALUABLE,[2]Media_Propension,Cliente Finaciado,SI,
557,deudor no comercial,Comercial,Segmento A,Segmento A,Region 1,Zona 3,0,0,1,0,0,1,1,1,0,0,0,18,Bueno,Regular,M,2,Cooperativas,36,23,51,81,90,52,30,41,67,55,77,4,65,33,71,0,0,1,0,1,1,0,0,0,Bueno,SUJETO DE CREDITO-EVALUABLE,[2]Media_Propension,Cliente No Financiado,SI,RED SUCURSALES
558,deudor comercial,Transporte,Segmento A,Segmento C,Region 2,Zona 3,1,0,0,1,0,1,0,0,1,0,1,58,Regular,Malo,M,2,Federacion,37,95,7,7,47,62,10,71,66,52,95,9,19,44,8,0,0,1,1,0,0,0,1,0,Excelente,CON OBSERVACIONES-EVALUABLE,[1]Alta_Propension,Castigado o Sin Producto,SI,VENTA CENTRALIZADA
559,deudor no comercial,Transporte,Segmento A,Segmento C,Region 3,Zona 3,0,1,0,1,0,0,1,0,0,1,0,31,Bueno,Bueno,M,1,SPA,43,90,31,60,58,2,69,30,74,35,15,31,94,99,62,1,1,1,1,0,1,0,0,0,Excelente,CON OBSERVACIONES-EVALUABLE,[2]Media_Propension,Castigado o Sin Producto,NO,SALESFORCE -WEB
560,deudor comercial,Turismo,Segmento C,Segmento B,Region 1,Zona 3,1,0,0,1,0,0,0,0,1,0,0,73,Malo,Regular,F,1,Federacion,66,27,71,1,67,61,24,27,91,85,2,99,89,41,22,1,1,0,1,0,0,0,1,1,Bueno,NO SUJETO DE CREDITO,[1]Alta_Propension,Cliente No Financiado,NO,VENTA CENTRALIZADA
561,deudor no comercial,Comercial,Segmento C,Segmento C,Region 1,Zona 1,1,0,0,1,0,0,1,0,1,0,1,59,Malo,Malo,M,1,Sindicatos,77,47,89,3,17,49,10,1,15,60,29,97,7,40,13,0,1,1,0,1,1,1,1,0,Malo,SUJETO DE CREDITO-EVALUABLE,[2]Media_Propension,Cliente Finaciado,SI,SALESFORCE - CCL
562,deudor comercial,Transporte,Segmento A,Segmento A,Region 1,Zona 3,0,0,0,1,1,1,0,1,0,0,1,60,Bueno,Bueno,M,2,Cooperativas,92,71,16,87,43,81,89,81,48,23,64,33,50,31,57,0,1,0,1,1,0,1,0,0,Excelente,SUJETO DE CREDITO-EVALUABLE,[3]Baja_Propension,Castigado o Sin Producto,SI,VENTA CENTRALIZADA
563,deudor no comercial,Turismo,Segmento B,Segmento C,Region 3,Zona 2,1,0,0,1,1,1,1,1,0,1,1,59,Regular,Bueno,F,1,Federacion,89,1,0,43,48,9,98,41,98,96,18,84,98,90,80,0,0,1,0,0,1,0,0,0,Excelente,CON OBSERVACIONES-EVALUABLE,[1]Alta_Propension,Cliente Finaciado,NO,VENTA CENTRALIZADA
564,deudor no comercial,Transporte,Segmento B,Segmento A,Region 1,Zona 2,1,1,1,1,0,0,1,0,0,1,1,22,Malo,Bueno,F,2,Cooperativas,12,82,1,59,24,17,91,88,58,22,50,80,22,10,6,1,1,0,0,1,1,1,0,0,Malo,NO SUJETO DE CREDITO,[1]Alta_Propension,Cliente Finaciado,NO,SALESFORCE -WEB
565,Microempresas,Comercial,Segmento B,Segmento C,Region 1,Zona 2,1,1,0,1,1,1,1,1,1,1,0,53,Malo,Regular,M,1,Federacion,90,83,12,55,2,75,40,85,27,61,60,19,19,28,54,0,1,0,1,0,1,1,1,0,Bueno,SUJETO DE CREDITO-EVALUABLE,[2]Media_Propension,Cliente No Financiado,NO,SALESFORCE -WEB
566,Microempresas,Turismo,Segmento C,Segmento A,Region 3,Zona 3,0,1,0,1,0,1,1,0,0,0,0,46,Malo,Malo,F,2,Sindicatos,58,52,73,44,11,5,98,95,2,73,60,22,40,63,25,1,0,0,0,0,1,0,1,0,Malo,SUJETO DE CREDITO-EVALUABLE,[2]Media_Propension,Cliente Finaciado,NO,
567,deudor no comercial,Transporte,Segmento B,Segmento A,Region 2,Zona 2,0,0,0,0,0,0,1,0,0,0,0,49,Bueno,Regular,M,2,Federacion,90,87,74,97,34,92,77,90,88,46,39,1,15,28,98,0,1,1,1,0,1,0,1,0,Bueno,NO SUJETO DE CREDITO,[2]Media_Propension,Castigado o Sin Producto,SI,SALESFORCE -WEB
568,deudor no comercial,Comercial,Segmento C,Segmento C,Region 1,Zona 2,1,0,1,0,1,1,0,1,0,1,0,62,Malo,Malo,M,2,Sociedad,63,44,10,40,19,80,88,48,22,0,8,36,46,42,25,0,0,0,0,1,0,0,0,1,Bueno,SUJETO DE CREDITO-EVALUABLE,[1]Alta_Propension,Cliente Finaciado,SI,VENTA CENTRALIZADA
569,deudor comercial,Comercial,Segmento B,Segmento A,Region 1,Zona 3,0,0,0,1,0,1,0,1,1,1,0,46,Malo,Malo,F,2,Sociedad,31,5,90,33,3,79,26,65,84,43,92,83,75,10,89,0,0,0,1,1,1,1,1,0,Excelente,SUJETO DE CREDITO-EVALUABLE,[1]Alta_Propension,Castigado o Sin Producto,SI,SALESFORCE -WEB
570,deudor no comercial,Comercial,Segmento C,Segmento C,Region 3,Zona 1,0,0,0,1,0,1,0,0,1,0,1,30,Malo,Bueno,F,2,Sindicatos,75,10,84,85,25,3,54,74,12,97,10,87,8,91,22,0,1,1,0,0,1,0,1,0,Excelente,CON OBSERVACIONES-EVALUABLE,[2]Media_Propension,Cliente Finaciado,SI,VENTA CENTRALIZADA
571,deudor comercial,Transporte,Segmento A,Segmento A,Region 1,Zona 1,1,1,1,0,1,0,0,0,1,1,1,60,Malo,Regular,F,2,Sindicatos,46,50,19,19,41,74,58,1,8,77,51,70,82,21,89,1,0,1,0,1,1,0,1,1,Excelente,CON OBSERVACIONES-EVALUABLE,[3]Baja_Propension,Cliente Finaciado,SI,SALESFORCE - CCL
572,Microempresas,Turismo,Segmento C,Segmento B,Region 2,Zona 2,0,0,1,0,1,0,0,0,1,1,0,45,Regular,Regular,F,2,Federacion,66,86,99,7,63,65,84,45,49,27,50,82,16,71,28,1,1,1,1,1,1,1,0,1,Bueno,NO SUJETO DE CREDITO,[2]Media_Propension,Cliente No Financiado,NO,RED SUCURSALES
573,Microempresas,Comercial,Segmento C,Segmento C,Region 1,Zona 1,0,1,1,1,1,0,1,1,0,0,0,51,Regular,Regular,M,1,Sindicatos,29,71,16,84,77,31,63,30,56,34,65,84,3,78,16,0,0,1,0,1,1,0,0,0,Malo,NO SUJETO DE CREDITO,[1]Alta_Propension,Cliente No Financiado,NO,
574,deudor comercial,Turismo,Segmento A,Segmento A,Region 2,Zona 2,1,0,0,1,0,1,1,0,1,0,1,69,Malo,Regular,M,2,Sindicatos,7,49,30,94,22,23,23,81,88,73,41,98,46,7,0,0,0,0,0,0,1,0,1,0,Bueno,SUJETO DE CREDITO-EVALUABLE,[2]Media_Propension,Cliente Finaciado,NO,
575,deudor comercial,Turismo,Segmento B,Segmento B,Region 1,Zona 2,0,0,1,0,1,0,0,1,1,1,1,55,Bueno,Regular,M,2,Sindicatos,34,72,63,12,63,37,39,81,68,14,85,68,8,95,95,1,0,1,0,0,1,1,1,0,Malo,SUJETO DE CREDITO-EVALUABLE,[2]Media_Propension,Cliente Finaciado,NO,RED SUCURSALES
576,deudor no comercial,Transporte,Segmento B,Segmento A,Region 3,Zona 3,1,1,0,0,0,0,1,0,1,0,1,74,Malo,Malo,F,2,Sindicatos,62,37,12,88,78,38,86,49,74,36,39,47,97,70,41,0,1,0,1,0,1,1,1,0,Bueno,NO SUJETO DE CREDITO,[2]Media_Propension,Castigado o Sin Producto,NO,SALESFORCE -WEB
577,deudor comercial,Turismo,Segmento C,Segmento B,Region 3,Zona 1,0,1,0,1,0,0,0,1,0,0,1,31,Malo,Malo,M,1,Cooperativas,72,2,20,57,39,46,48,16,65,63,82,89,68,93,95,0,0,1,0,0,1,0,1,0,Malo,SUJETO DE CREDITO-EVALUABLE,[3]Baja_Propension,Cliente No Financiado,SI,SALESFORCE - CCL
578,deudor no comercial,Transporte,Segmento A,Segmento B,Region 1,Zona 3,0,1,0,0,1,1,0,1,1,0,1,29,Regular,Bueno,F,2,Sindicatos,53,4,92,40,31,64,78,63,93,96,54,12,59,69,92,1,1,0,0,1,0,1,0,0,Bueno,NO SUJETO DE CREDITO,[1]Alta_Propension,Cliente Finaciado,NO,RED SUCURSALES
579,deudor no comercial,Turismo,Segmento C,Segmento B,Region 2,Zona 3,0,0,1,1,0,1,1,0,0,1,1,56,Malo,Malo,M,1,Cooperativas,76,25,86,33,7,42,44,38,1,94,56,20,52,45,43,0,1,1,0,0,1,1,1,0,Bueno,CON OBSERVACIONES-EVALUABLE,[2]Media_Propension,Cliente No Financiado,SI,SALESFORCE - CCL
580,deudor no comercial,Comercial,Segmento A,Segmento C,Region 3,Zona 3,0,0,0,0,1,1,0,0,1,1,1,30,Malo,Bueno,F,2,Cooperativas,97,89,52,90,99,78,5,55,77,51,13,45,34,52,23,0,0,0,1,0,1,0,0,0,Malo,CON OBSERVACIONES-EVALUABLE,[3]Baja_Propension,Cliente No Financiado,SI,SALESFORCE - CCL
581,deudor no comercial,Transporte,Segmento C,Segmento C,Region 2,Zona 3,0,0,0,1,0,1,1,1,1,1,1,62,Malo,Regular,M,1,SPA,7,55,69,59,83,55,17,26,76,78,19,60,89,35,33,0,1,1,1,0,0,1,1,0,Excelente,SUJETO DE CREDITO-EVALUABLE,[3]Baja_Propension,Castigado o Sin Producto,SI,SALESFORCE -WEB
582,deudor no comercial,Transporte,Segmento A,Segmento C,Region 1,Zona 2,1,1,0,0,0,1,1,0,0,0,1,64,Bueno,Malo,F,2,SPA,83,11,16,32,22,94,63,0,9,96,86,88,75,32,68,1,1,0,0,1,0,1,1,0,Malo,NO SUJETO DE CREDITO,[3]Baja_Propension,Cliente Finaciado,NO,RED SUCURSALES
583,Microempresas,Turismo,Segmento C,Segmento A,Region 2,Zona 1,1,1,1,1,1,0,1,0,0,0,1,45,Malo,Bueno,M,1,SPA,17,96,88,88,58,64,82,68,44,17,9,39,54,39,53,0,0,0,1,1,1,0,1,1,Excelente,NO SUJETO DE CREDITO,[2]Media_Propension,Cliente No Financiado,NO,SALESFORCE -WEB
584,Microempresas,Transporte,Segmento B,Segmento C,Region 2,Zona 1,0,1,0,1,0,0,1,0,0,0,1,41,Bueno,Bueno,M,1,Federacion,90,15,8,59,78,62,56,65,98,18,91,27,96,28,37,1,1,0,1,1,1,1,0,1,Malo,NO SUJETO DE CREDITO,[1]Alta_Propension,Castigado o Sin Producto,SI,
585,deudor no comercial,Turismo,Segmento A,Segmento C,Region 2,Zona 2,1,1,1,1,1,0,0,0,1,0,1,69,Malo,Regular,F,1,Sociedad,66,16,48,60,14,99,16,22,13,58,24,69,6,69,80,0,1,0,1,0,1,0,0,0,Bueno,SUJETO DE CREDITO-EVALUABLE,[3]Baja_Propension,Cliente No Financiado,SI,VENTA CENTRALIZADA
586,deudor no comercial,Comercial,Segmento C,Segmento A,Region 3,Zona 2,1,0,1,1,0,0,0,1,0,1,1,71,Malo,Bueno,M,2,SPA,34,37,79,61,33,30,50,66,28,25,12,40,4,22,8,0,1,1,0,1,0,0,0,0,Malo,NO SUJETO DE CREDITO,[1]Alta_Propension,Castigado o Sin Producto,NO,SALESFORCE -WEB
587,Microempresas,Comercial,Segmento A,Segmento C,Region 2,Zona 3,0,0,1,0,0,1,0,0,0,1,1,49,Regular,Regular,F,1,Sindicatos,92,19,67,74,91,9,17,99,3,11,25,44,21,52,17,1,1,0,1,0,1,0,1,1,Bueno,CON OBSERVACIONES-EVALUABLE,[3]Baja_Propension,Castigado o Sin Producto,NO,
588,deudor comercial,Transporte,Segmento C,Segmento B,Region 1,Zona 2,0,1,0,0,1,1,1,0,0,0,0,32,Bueno,Malo,M,2,SPA,88,58,15,65,20,1,81,42,89,69,74,68,14,64,1,0,1,1,1,1,0,1,0,0,Bueno,NO SUJETO DE CREDITO,[3]Baja_Propension,Cliente Finaciado,NO,VENTA CENTRALIZADA
589,deudor no comercial,Transporte,Segmento A,Segmento A,Region 2,Zona 3,0,0,1,1,1,0,0,0,0,1,1,56,Regular,Malo,M,1,Sociedad,64,92,46,62,30,87,79,41,90,29,5,67,26,51,24,1,1,1,1,0,0,0,0,1,Excelente,NO SUJETO DE CREDITO,[3]Baja_Propension,Cliente Finaciado,NO,SALESFORCE - CCL
590,Microempresas,Turismo,Segmento C,Segmento A,Region 2,Zona 2,1,1,0,0,0,0,0,1,1,1,1,62,Regular,Bueno,F,1,Sociedad,13,59,91,53,4,89,20,37,86,6,28,83,76,66,58,0,1,0,0,1,0,1,0,0,Malo,CON OBSERVACIONES-EVALUABLE,[3]Baja_Propension,Cliente Finaciado,SI,SALESFORCE -WEB
591,deudor comercial,Turismo,Segmento C,Segmento B,Region 2,Zona 1,0,0,1,1,0,0,0,0,1,0,0,24,Regular,Regular,F,2,Sindicatos,14,50,91,29,94,44,72,26,4,4,46,47,63,96,96,1,0,1,1,1,1,0,1,0,Malo,NO SUJETO DE CREDITO,[1]Alta_Propension,Cliente Finaciado,NO,SALESFORCE - CCL
592,deudor no comercial,Comercial,Segmento C,Segmento B,Region 2,Zona 3,1,0,0,1,1,1,1,1,1,1,1,70,Malo,Bueno,M,2,Sociedad,69,15,93,96,8,84,34,13,5,79,81,17,98,58,82,1,1,1,1,0,1,1,1,0,Excelente,NO SUJETO DE CREDITO,[1]Alta_Propension,Cliente No Financiado,SI,RED SUCURSALES
593,deudor no comercial,Transporte,Segmento B,Segmento A,Region 2,Zona 3,1,1,0,1,1,0,0,0,1,0,1,22,Malo,Malo,F,1,Cooperativas,2,52,99,11,9,41,83,39,44,21,2,35,14,38,66,0,0,0,1,0,0,0,1,1,Bueno,NO SUJETO DE CREDITO,[1]Alta_Propension,Cliente No Financiado,NO,SALESFORCE -WEB
594,deudor no comercial,Transporte,Segmento B,Segmento C,Region 3,Zona 3,1,0,0,0,1,0,1,0,0,1,0,64,Malo,Regular,M,2,Cooperativas,68,68,87,51,69,21,31,49,19,10,29,21,38,91,61,1,1,1,1,0,0,1,1,1,Excelente,SUJETO DE CREDITO-EVALUABLE,[2]Media_Propension,Cliente No Financiado,SI,VENTA CENTRALIZADA
595,deudor no comercial,Comercial,Segmento B,Segmento A,Region 3,Zona 2,1,1,0,1,1,1,0,1,0,1,1,21,Malo,Bueno,M,2,Sociedad,89,9,95,51,23,69,39,66,4,71,25,97,47,86,77,1,1,0,1,1,1,1,1,1,Bueno,SUJETO DE CREDITO-EVALUABLE,[1]Alta_Propension,Castigado o Sin Producto,SI,VENTA CENTRALIZADA
596,deudor comercial,Turismo,Segmento B,Segmento A,Region 2,Zona 2,0,1,1,1,0,1,0,1,0,0,0,44,Malo,Bueno,M,1,Sociedad,81,24,4,90,8,89,6,92,8,81,41,4,36,15,6,1,1,0,0,0,0,1,1,0,Excelente,CON OBSERVACIONES-EVALUABLE,[3]Baja_Propension,Cliente Finaciado,NO,SALESFORCE -WEB
597,Microempresas,Turismo,Segmento A,Segmento A,Region 3,Zona 2,0,1,0,0,0,0,0,1,0,0,1,72,Malo,Bueno,M,2,Federacion,87,12,19,20,33,23,64,78,2,90,93,13,39,73,84,0,1,1,1,1,1,1,0,0,Excelente,SUJETO DE CREDITO-EVALUABLE,[3]Baja_Propension,Cliente Finaciado,SI,
598,deudor no comercial,Comercial,Segmento B,Segmento B,Region 2,Zona 3,0,1,1,0,0,0,1,1,0,1,0,50,Malo,Malo,M,2,SPA,17,0,55,86,28,20,84,62,62,8,61,42,84,97,4,1,0,0,0,0,1,0,1,1,Excelente,SUJETO DE CREDITO-EVALUABLE,[2]Media_Propension,Cliente No Financiado,SI,SALESFORCE -WEB
599,deudor no comercial,Transporte,Segmento B,Segmento A,Region 1,Zona 3,1,1,0,1,0,0,0,0,1,1,1,60,Regular,Regular,F,1,Sociedad,13,15,85,32,37,80,60,26,58,82,19,57,37,70,94,0,1,0,1,0,1,0,1,0,Excelente,CON OBSERVACIONES-EVALUABLE,[1]Alta_Propension,Cliente Finaciado,NO,SALESFORCE -WEB
600,deudor no comercial,Turismo,Segmento C,Segmento C,Region 3,Zona 1,1,0,0,1,0,1,1,1,0,0,1,54,Bueno,Bueno,F,2,Sindicatos,24,49,5,35,96,89,79,0,32,74,7,72,40,79,49,0,1,0,1,1,0,1,0,0,Malo,SUJETO DE CREDITO-EVALUABLE,[3]Baja_Propension,Cliente No Financiado,NO,SALESFORCE - CCL
601,Microempresas,Transporte,Segmento B,Segmento B,Region 1,Zona 1,1,1,0,1,1,1,0,1,1,1,0,52,Malo,Regular,F,1,Federacion,78,0,4,97,19,71,19,43,43,85,63,36,93,9,93,1,1,0,0,0,0,0,1,1,Bueno,NO SUJETO DE CREDITO,[2]Media_Propension,Cliente No Financiado,SI,SALESFORCE -WEB
602,deudor comercial,Comercial,Segmento C,Segmento B,Region 2,Zona 2,1,1,1,1,1,0,1,0,1,1,1,53,Malo,Bueno,F,1,Cooperativas,96,14,0,79,44,22,86,34,99,46,42,43,88,24,94,0,0,0,0,0,0,0,1,0,Bueno,SUJETO DE CREDITO-EVALUABLE,[2]Media_Propension,Castigado o Sin Producto,NO,
603,deudor comercial,Turismo,Segmento A,Segmento A,Region 1,Zona 1,1,0,1,0,0,1,1,1,1,1,1,50,Bueno,Malo,F,2,Federacion,56,99,45,70,32,92,53,86,62,65,35,62,95,38,62,1,0,0,1,0,1,0,0,1,Excelente,NO SUJETO DE CREDITO,[2]Media_Propension,Castigado o Sin Producto,NO,RED SUCURSALES
604,Microempresas,Transporte,Segmento B,Segmento A,Region 1,Zona 3,1,0,1,1,1,1,0,0,1,0,0,66,Bueno,Bueno,M,1,Sindicatos,87,32,91,92,47,6,22,42,55,9,2,17,22,52,86,1,1,1,1,1,1,1,1,0,Bueno,SUJETO DE CREDITO-EVALUABLE,[2]Media_Propension,Cliente Finaciado,NO,SALESFORCE - CCL
605,deudor no comercial,Comercial,Segmento A,Segmento A,Region 1,Zona 2,0,1,0,0,1,1,0,1,0,0,1,49,Bueno,Bueno,M,2,Federacion,14,55,64,2,95,80,91,79,30,1,53,82,5,9,28,1,0,1,0,0,0,1,0,1,Excelente,SUJETO DE CREDITO-EVALUABLE,[3]Baja_Propension,Cliente No Financiado,SI,SALESFORCE - CCL
606,deudor no comercial,Comercial,Segmento A,Segmento B,Region 3,Zona 2,1,0,0,0,1,1,0,0,0,1,1,72,Regular,Malo,M,2,Cooperativas,37,70,78,21,10,51,85,91,27,54,75,44,26,75,30,0,1,0,0,1,1,1,1,0,Excelente,CON OBSERVACIONES-EVALUABLE,[3]Baja_Propension,Cliente No Financiado,SI,
607,Microempresas,Transporte,Segmento B,Segmento B,Region 3,Zona 1,0,1,0,1,1,1,1,1,1,1,1,25,Regular,Bueno,M,1,Federacion,56,60,19,59,7,52,25,55,4,66,9,53,38,71,76,1,1,0,0,0,0,1,1,0,Excelente,CON OBSERVACIONES-EVALUABLE,[3]Baja_Propension,Cliente No Financiado,SI,VENTA CENTRALIZADA
608,deudor comercial,Transporte,Segmento C,Segmento A,Region 3,Zona 3,1,0,1,1,0,0,0,0,0,1,0,18,Bueno,Malo,M,2,Cooperativas,87,88,80,22,82,2,15,89,35,37,28,94,34,56,56,0,0,0,1,1,0,0,1,0,Excelente,CON OBSERVACIONES-EVALUABLE,[1]Alta_Propension,Castigado o Sin Producto,SI,VENTA CENTRALIZADA
609,deudor no comercial,Transporte,Segmento C,Segmento B,Region 3,Zona 1,1,1,0,0,0,0,0,0,0,1,0,45,Malo,Bueno,M,1,Sociedad,33,51,78,78,96,43,50,4,49,42,43,2,35,84,97,0,1,1,0,1,0,0,0,0,Excelente,SUJETO DE CREDITO-EVALUABLE,[3]Baja_Propension,Cliente No Financiado,NO,
610,deudor no comercial,Comercial,Segmento C,Segmento A,Region 3,Zona 1,1,1,0,0,0,0,1,0,1,0,1,34,Malo,Regular,M,1,SPA,0,76,33,35,22,23,84,95,95,58,42,32,52,92,42,1,1,1,0,1,0,1,0,1,Bueno,CON OBSERVACIONES-EVALUABLE,[3]Baja_Propension,Castigado o Sin Producto,NO,SALESFORCE -WEB
611,Microempresas,Transporte,Segmento B,Segmento C,Region 1,Zona 2,1,1,0,1,0,0,0,1,0,0,1,29,Malo,Malo,M,1,SPA,45,99,0,12,79,83,55,21,58,30,74,30,46,9,26,0,1,1,1,1,1,1,0,1,Malo,SUJETO DE CREDITO-EVALUABLE,[1]Alta_Propension,Cliente No Financiado,NO,SALESFORCE -WEB
612,deudor comercial,Comercial,Segmento C,Segmento B,Region 3,Zona 3,1,0,1,1,0,0,0,1,0,0,1,71,Regular,Bueno,F,1,Federacion,61,46,84,90,37,41,44,15,33,37,34,71,28,68,5,1,1,1,1,1,1,0,1,1,Malo,SUJETO DE CREDITO-EVALUABLE,[3]Baja_Propension,Cliente No Financiado,NO,VENTA CENTRALIZADA
613,deudor comercial,Transporte,Segmento A,Segmento B,Region 1,Zona 2,0,1,1,1,1,0,0,0,1,0,1,59,Malo,Regular,M,1,Sindicatos,89,11,99,68,82,62,1,46,27,5,21,50,23,5,46,1,1,1,0,0,0,1,0,1,Excelente,NO SUJETO DE CREDITO,[1]Alta_Propension,Cliente Finaciado,SI,SALESFORCE -WEB
614,deudor no comercial,Comercial,Segmento C,Segmento C,Region 3,Zona 2,1,0,0,0,1,1,0,0,1,0,0,44,Bueno,Bueno,M,1,SPA,83,96,27,22,0,28,61,70,86,96,25,82,75,83,76,0,1,1,0,0,0,1,0,1,Malo,CON OBSERVACIONES-EVALUABLE,[2]Media_Propension,Cliente Finaciado,SI,SALESFORCE - CCL
615,deudor comercial,Transporte,Segmento B,Segmento B,Region 2,Zona 2,1,0,0,0,1,1,0,0,0,1,0,38,Bueno,Bueno,M,2,Federacion,70,47,78,1,19,80,82,12,5,62,62,37,6,3,87,0,0,0,1,0,1,0,0,0,Bueno,NO SUJETO DE CREDITO,[1]Alta_Propension,Cliente Finaciado,NO,RED SUCURSALES
616,Microempresas,Transporte,Segmento A,Segmento B,Region 2,Zona 1,0,0,1,1,0,0,0,0,0,0,0,39,Regular,Regular,F,1,Sindicatos,44,30,5,67,77,86,70,1,56,0,48,54,59,30,99,0,1,0,1,1,1,1,0,0,Malo,NO SUJETO DE CREDITO,[2]Media_Propension,Castigado o Sin Producto,NO,
617,deudor comercial,Comercial,Segmento B,Segmento B,Region 2,Zona 3,1,0,1,1,1,1,1,0,1,1,0,43,Malo,Regular,F,1,Federacion,95,65,67,10,97,98,53,12,37,20,16,60,16,89,40,0,1,1,1,1,0,0,1,0,Excelente,SUJETO DE CREDITO-EVALUABLE,[1]Alta_Propension,Cliente Finaciado,SI,
618,Microempresas,Turismo,Segmento C,Segmento B,Region 2,Zona 3,0,0,1,1,0,0,0,1,0,1,1,47,Regular,Malo,M,2,Cooperativas,32,28,51,71,58,21,34,87,97,18,91,53,42,78,35,1,0,1,0,1,1,0,1,1,Excelente,NO SUJETO DE CREDITO,[1]Alta_Propension,Cliente Finaciado,NO,SALESFORCE -WEB
619,Microempresas,Comercial,Segmento C,Segmento A,Region 1,Zona 1,1,1,1,0,0,0,1,1,1,0,1,34,Bueno,Malo,F,2,SPA,48,22,34,53,57,77,2,75,74,65,48,9,29,34,51,0,1,0,1,1,0,1,0,0,Malo,SUJETO DE CREDITO-EVALUABLE,[3]Baja_Propension,Cliente Finaciado,SI,RED SUCURSALES
620,deudor comercial,Comercial,Segmento B,Segmento B,Region 3,Zona 3,0,1,0,0,1,1,0,0,1,0,1,64,Regular,Bueno,M,2,Federacion,52,10,67,79,61,22,69,11,83,43,30,41,3,36,82,1,0,0,0,1,1,0,0,0,Malo,SUJETO DE CREDITO-EVALUABLE,[1]Alta_Propension,Cliente Finaciado,SI,
621,deudor no comercial,Transporte,Segmento A,Segmento A,Region 2,Zona 1,1,1,1,1,1,1,1,1,1,1,0,36,Regular,Malo,F,1,Sindicatos,82,74,65,4,4,26,69,2,52,93,28,94,56,28,86,0,1,1,0,1,1,1,0,1,Bueno,CON OBSERVACIONES-EVALUABLE,[1]Alta_Propension,Cliente No Financiado,SI,SALESFORCE -WEB
622,deudor no comercial,Comercial,Segmento C,Segmento A,Region 2,Zona 1,0,0,0,1,1,1,1,1,1,0,0,19,Malo,Regular,M,2,Cooperativas,14,70,13,66,92,75,31,96,32,45,98,71,8,92,23,0,1,0,1,0,1,0,0,0,Malo,CON OBSERVACIONES-EVALUABLE,[1]Alta_Propension,Castigado o Sin Producto,SI,RED SUCURSALES
623,deudor no comercial,Turismo,Segmento A,Segmento A,Region 2,Zona 1,1,0,0,1,0,0,1,0,1,0,0,54,Malo,Malo,M,2,SPA,11,88,4,64,58,4,50,78,41,47,16,67,97,48,97,0,0,1,1,0,1,0,0,1,Excelente,CON OBSERVACIONES-EVALUABLE,[2]Media_Propension,Castigado o Sin Producto,NO,SALESFORCE - CCL
624,deudor comercial,Comercial,Segmento A,Segmento A,Region 1,Zona 2,0,0,1,0,0,1,0,0,1,0,1,66,Regular,Bueno,M,1,Sociedad,63,4,23,82,49,14,9,43,56,9,85,23,30,31,30,1,0,0,0,1,0,0,1,1,Bueno,SUJETO DE CREDITO-EVALUABLE,[1]Alta_Propension,Cliente No Financiado,SI,SALESFORCE - CCL
625,deudor comercial,Turismo,Segmento A,Segmento B,Region 3,Zona 3,0,1,0,0,0,0,1,0,0,0,0,22,Malo,Malo,F,1,SPA,90,51,40,94,17,26,30,87,84,67,61,9,45,85,17,1,0,0,0,1,0,0,0,0,Excelente,SUJETO DE CREDITO-EVALUABLE,[2]Media_Propension,Castigado o Sin Producto,SI,SALESFORCE -WEB
626,deudor comercial,Turismo,Segmento A,Segmento B,Region 3,Zona 2,1,0,0,0,1,0,0,1,0,1,1,56,Bueno,Regular,M,1,Sindicatos,99,33,59,65,42,48,2,9,28,12,71,97,31,79,85,0,0,1,1,1,0,0,0,1,Excelente,SUJETO DE CREDITO-EVALUABLE,[2]Media_Propension,Cliente Finaciado,SI,VENTA CENTRALIZADA
627,deudor no comercial,Transporte,Segmento A,Segmento B,Region 3,Zona 2,1,1,0,1,1,1,0,1,1,1,1,68,Bueno,Regular,M,1,Sociedad,36,33,8,51,73,18,29,43,32,77,86,50,9,15,56,1,0,0,0,1,1,1,0,0,Malo,CON OBSERVACIONES-EVALUABLE,[3]Baja_Propension,Cliente Finaciado,NO,
628,deudor comercial,Turismo,Segmento A,Segmento C,Region 2,Zona 3,0,0,0,0,0,1,0,1,1,1,1,62,Malo,Malo,F,2,Sindicatos,18,6,56,92,99,56,65,55,40,67,68,17,86,99,70,1,1,1,1,1,0,1,0,0,Bueno,CON OBSERVACIONES-EVALUABLE,[1]Alta_Propension,Castigado o Sin Producto,SI,SALESFORCE - CCL
629,Microempresas,Turismo,Segmento A,Segmento C,Region 3,Zona 3,0,0,0,1,1,0,1,0,0,0,1,69,Regular,Malo,M,1,Sociedad,92,87,32,24,37,50,90,91,52,23,23,48,71,99,62,0,1,1,1,1,1,0,1,0,Excelente,NO SUJETO DE CREDITO,[1]Alta_Propension,Castigado o Sin Producto,SI,
630,deudor no comercial,Turismo,Segmento C,Segmento B,Region 3,Zona 3,1,0,0,1,1,0,0,0,1,0,1,56,Bueno,Bueno,M,2,Cooperativas,39,15,29,71,80,3,39,28,31,18,71,57,78,78,68,1,1,1,0,0,0,0,0,1,Malo,CON OBSERVACIONES-EVALUABLE,[1]Alta_Propension,Cliente Finaciado,SI,VENTA CENTRALIZADA
631,Microempresas,Comercial,Segmento A,Segmento B,Region 1,Zona 1,1,1,0,1,1,0,0,0,1,0,0,65,Malo,Malo,M,1,Cooperativas,15,81,45,63,24,86,0,51,42,55,15,54,5,99,92,1,0,0,1,1,0,1,1,1,Malo,CON OBSERVACIONES-EVALUABLE,[2]Media_Propension,Cliente No Financiado,NO,
632,deudor comercial,Comercial,Segmento B,Segmento A,Region 3,Zona 1,1,1,0,1,0,1,1,0,1,1,1,64,Bueno,Malo,M,1,SPA,76,63,37,57,0,39,1,4,37,39,88,56,47,70,2,1,0,1,0,0,0,1,1,1,Excelente,NO SUJETO DE CREDITO,[2]Media_Propension,Castigado o Sin Producto,SI,SALESFORCE - CCL
633,deudor no comercial,Transporte,Segmento B,Segmento B,Region 3,Zona 2,0,0,0,1,0,0,0,0,1,0,1,73,Regular,Regular,F,2,Sindicatos,23,16,9,62,22,96,74,55,92,68,75,13,13,56,90,0,0,0,0,1,0,1,0,0,Bueno,CON OBSERVACIONES-EVALUABLE,[2]Media_Propension,Castigado o Sin Producto,SI,SALESFORCE - CCL
634,Microempresas,Transporte,Segmento A,Segmento A,Region 3,Zona 2,1,1,1,1,1,0,1,0,1,0,0,61,Bueno,Regular,M,1,SPA,4,1,70,49,65,61,64,74,91,54,32,47,17,70,54,0,0,1,1,0,0,1,1,1,Malo,NO SUJETO DE CREDITO,[2]Media_Propension,Cliente No Financiado,SI,
635,Microempresas,Comercial,Segmento B,Segmento B,Region 2,Zona 3,0,0,0,0,0,0,1,0,0,0,1,38,Bueno,Bueno,F,1,SPA,11,61,17,36,64,25,12,1,37,0,13,23,38,88,85,0,0,0,1,0,1,1,0,1,Malo,CON OBSERVACIONES-EVALUABLE,[3]Baja_Propension,Castigado o Sin Producto,NO,VENTA CENTRALIZADA
636,deudor no comercial,Comercial,Segmento C,Segmento C,Region 1,Zona 3,1,1,0,1,1,0,0,1,0,0,1,71,Malo,Bueno,F,2,SPA,71,54,30,59,38,7,73,36,39,56,22,22,29,38,92,0,0,0,1,0,0,0,1,1,Bueno,SUJETO DE CREDITO-EVALUABLE,[2]Media_Propension,Cliente Finaciado,NO,SALESFORCE -WEB
637,Microempresas,Transporte,Segmento C,Segmento B,Region 1,Zona 1,1,1,0,1,1,0,0,1,0,0,1,44,Regular,Malo,M,1,Cooperativas,38,38,90,85,66,44,46,75,20,78,68,44,61,0,85,1,0,0,1,0,0,0,1,1,Bueno,SUJETO DE CREDITO-EVALUABLE,[3]Baja_Propension,Castigado o Sin Producto,NO,RED SUCURSALES
638,Microempresas,Turismo,Segmento C,Segmento C,Region 2,Zona 3,1,1,0,0,1,0,1,0,0,1,1,42,Regular,Regular,F,1,SPA,85,85,56,72,75,12,1,37,60,23,17,36,10,2,41,0,1,1,0,0,0,1,1,1,Malo,CON OBSERVACIONES-EVALUABLE,[1]Alta_Propension,Cliente No Financiado,SI,
639,Microempresas,Comercial,Segmento B,Segmento B,Region 1,Zona 3,0,0,1,1,1,1,1,1,0,1,1,55,Bueno,Malo,M,2,Federacion,77,5,48,32,29,45,90,81,83,15,99,63,94,49,1,1,0,1,0,0,0,1,0,1,Bueno,SUJETO DE CREDITO-EVALUABLE,[2]Media_Propension,Castigado o Sin Producto,NO,RED SUCURSALES
640,deudor no comercial,Comercial,Segmento C,Segmento C,Region 1,Zona 3,0,1,1,1,0,0,1,0,0,0,0,23,Bueno,Regular,M,2,Sociedad,78,61,13,14,5,4,90,38,47,1,73,10,70,65,53,1,0,0,0,0,1,1,1,0,Bueno,SUJETO DE CREDITO-EVALUABLE,[1]Alta_Propension,Castigado o Sin Producto,NO,SALESFORCE -WEB
641,deudor no comercial,Transporte,Segmento B,Segmento B,Region 3,Zona 3,1,0,1,0,0,1,0,0,1,0,0,58,Bueno,Malo,M,2,Federacion,10,23,41,27,47,53,72,90,18,89,78,96,21,78,72,1,1,0,1,0,1,1,1,0,Bueno,NO SUJETO DE CREDITO,[3]Baja_Propension,Castigado o Sin Producto,SI,
642,deudor comercial,Comercial,Segmento C,Segmento A,Region 1,Zona 3,0,1,0,0,0,0,1,1,1,0,0,49,Regular,Regular,M,2,Cooperativas,44,83,14,68,40,83,15,58,66,92,73,38,32,4,76,1,1,1,1,0,1,0,1,0,Bueno,CON OBSERVACIONES-EVALUABLE,[2]Media_Propension,Cliente Finaciado,SI,VENTA CENTRALIZADA
643,Microempresas,Turismo,Segmento A,Segmento C,Region 2,Zona 2,1,1,0,0,1,1,1,0,0,1,0,25,Regular,Regular,F,2,Cooperativas,92,78,75,19,21,41,22,67,94,33,55,33,1,40,74,1,1,0,0,0,1,1,0,0,Malo,NO SUJETO DE CREDITO,[2]Media_Propension,Cliente No Financiado,SI,SALESFORCE -WEB
644,deudor comercial,Transporte,Segmento B,Segmento B,Region 3,Zona 2,1,0,1,1,0,0,0,1,1,1,1,59,Regular,Regular,M,1,Federacion,94,44,85,97,91,87,13,16,78,14,21,38,68,60,44,1,1,0,1,0,0,1,1,0,Bueno,NO SUJETO DE CREDITO,[2]Media_Propension,Cliente No Financiado,NO,VENTA CENTRALIZADA
645,deudor comercial,Turismo,Segmento C,Segmento A,Region 3,Zona 1,0,0,0,1,0,1,1,0,0,1,0,23,Bueno,Regular,M,1,SPA,29,42,19,51,43,9,39,1,43,85,79,47,67,82,37,1,0,0,0,1,1,1,1,1,Excelente,SUJETO DE CREDITO-EVALUABLE,[1]Alta_Propension,Cliente Finaciado,SI,
646,deudor no comercial,Comercial,Segmento C,Segmento B,Region 1,Zona 3,0,0,1,0,1,1,1,0,1,0,1,39,Regular,Malo,M,2,Sociedad,76,39,21,73,66,63,83,46,74,88,5,43,87,2,35,0,0,0,0,1,0,0,1,1,Excelente,NO SUJETO DE CREDITO,[3]Baja_Propension,Castigado o Sin Producto,SI,SALESFORCE - CCL
647,deudor no comercial,Transporte,Segmento A,Segmento A,Region 2,Zona 3,1,0,1,1,0,0,0,0,1,1,0,55,Bueno,Regular,F,1,SPA,91,27,98,52,65,34,17,31,62,58,38,40,65,1,64,1,1,0,1,1,0,1,0,1,Bueno,NO SUJETO DE CREDITO,[3]Baja_Propension,Cliente Finaciado,NO,SALESFORCE -WEB
648,deudor no comercial,Comercial,Segmento A,Segmento C,Region 1,Zona 3,1,1,1,0,0,0,0,0,0,1,1,44,Bueno,Malo,M,2,Sociedad,85,5,33,15,17,32,53,40,22,81,63,42,57,51,4,1,1,1,1,1,1,0,1,0,Excelente,CON OBSERVACIONES-EVALUABLE,[2]Media_Propension,Cliente No Financiado,SI,SALESFORCE - CCL
649,deudor comercial,Turismo,Segmento A,Segmento A,Region 1,Zona 1,1,0,0,1,1,0,1,0,1,0,0,70,Bueno,Regular,M,1,Federacion,57,17,66,31,84,59,78,35,58,2,20,56,29,67,47,0,1,0,1,1,1,1,0,1,Excelente,CON OBSERVACIONES-EVALUABLE,[3]Baja_Propension,Cliente No Financiado,NO,RED SUCURSALES
650,deudor no comercial,Turismo,Segmento B,Segmento C,Region 1,Zona 3,0,1,0,0,1,0,1,1,0,0,1,60,Regular,Regular,F,1,SPA,17,62,94,50,18,67,28,50,57,31,68,41,1,82,43,0,0,1,0,0,1,1,0,1,Excelente,CON OBSERVACIONES-EVALUABLE,[2]Media_Propension,Cliente Finaciado,SI,SALESFORCE - CCL
651,Microempresas,Comercial,Segmento A,Segmento B,Region 3,Zona 1,0,0,0,0,1,0,1,0,0,0,0,68,Malo,Bueno,F,2,Cooperativas,60,90,13,22,73,3,29,75,90,41,63,11,7,22,32,1,0,1,1,0,0,0,1,0,Excelente,SUJETO DE CREDITO-EVALUABLE,[3]Baja_Propension,Cliente No Financiado,SI,SALESFORCE - CCL
652,Microempresas,Transporte,Segmento C,Segmento A,Region 3,Zona 3,0,1,0,0,0,0,1,1,1,1,1,32,Malo,Bueno,F,2,Sindicatos,29,84,9,34,37,39,82,74,59,67,1,24,97,1,54,0,1,0,1,0,1,0,0,0,Bueno,NO SUJETO DE CREDITO,[2]Media_Propension,Cliente No Financiado,SI,SALESFORCE -WEB
653,Microempresas,Comercial,Segmento C,Segmento A,Region 1,Zona 2,1,0,1,0,1,1,0,0,1,0,1,48,Malo,Bueno,M,2,Cooperativas,57,11,84,9,29,83,67,79,13,77,99,34,23,77,18,1,1,1,1,0,1,0,1,0,Excelente,CON OBSERVACIONES-EVALUABLE,[3]Baja_Propension,Cliente Finaciado,SI,SALESFORCE -WEB
654,deudor comercial,Transporte,Segmento C,Segmento C,Region 1,Zona 2,0,0,1,1,1,1,0,0,0,1,0,44,Regular,Bueno,F,2,Federacion,22,44,62,99,7,22,60,75,44,29,15,29,81,24,70,1,1,0,1,1,0,0,1,1,Bueno,SUJETO DE CREDITO-EVALUABLE,[3]Baja_Propension,Cliente No Financiado,SI,VENTA CENTRALIZADA
655,Microempresas,Turismo,Segmento C,Segmento B,Region 1,Zona 2,1,0,0,1,1,1,0,1,0,0,1,71,Regular,Bueno,M,2,Sociedad,44,22,23,63,99,35,45,93,30,82,20,86,2,9,21,1,1,1,0,0,0,1,0,1,Excelente,CON OBSERVACIONES-EVALUABLE,[2]Media_Propension,Cliente Finaciado,SI,SALESFORCE -WEB
656,Microempresas,Transporte,Segmento C,Segmento A,Region 3,Zona 3,0,1,0,1,0,0,1,0,0,0,1,66,Bueno,Malo,F,2,Federacion,69,1,5,71,14,58,6,47,39,73,70,65,6,13,95,0,1,0,0,1,1,0,1,0,Malo,CON OBSERVACIONES-EVALUABLE,[3]Baja_Propension,Cliente No Financiado,SI,
657,Microempresas,Comercial,Segmento A,Segmento B,Region 2,Zona 3,1,0,0,1,0,0,1,1,1,1,1,21,Regular,Malo,M,2,Federacion,71,55,66,99,89,48,6,68,31,5,27,42,23,11,12,1,1,1,0,0,1,0,0,1,Malo,SUJETO DE CREDITO-EVALUABLE,[3]Baja_Propension,Cliente No Financiado,NO,SALESFORCE -WEB
658,deudor comercial,Turismo,Segmento C,Segmento C,Region 3,Zona 2,0,1,0,0,0,0,1,0,1,1,0,69,Regular,Bueno,M,2,Cooperativas,37,50,36,66,23,45,28,39,64,85,61,28,95,81,24,0,0,1,1,1,1,1,1,0,Malo,NO SUJETO DE CREDITO,[3]Baja_Propension,Cliente Finaciado,NO,VENTA CENTRALIZADA
659,Microempresas,Transporte,Segmento C,Segmento A,Region 3,Zona 3,1,1,0,0,1,0,0,0,0,1,1,28,Bueno,Regular,M,2,Federacion,78,20,18,28,43,79,91,61,76,42,13,92,93,81,52,1,0,1,1,1,1,0,1,0,Malo,CON OBSERVACIONES-EVALUABLE,[1]Alta_Propension,Castigado o Sin Producto,SI,
660,deudor comercial,Comercial,Segmento B,Segmento C,Region 3,Zona 2,0,1,1,1,0,1,1,0,1,0,1,36,Bueno,Bueno,F,1,SPA,72,52,92,38,76,87,64,35,6,57,4,66,59,78,68,0,0,0,1,1,1,0,0,1,Malo,SUJETO DE CREDITO-EVALUABLE,[1]Alta_Propension,Castigado o Sin Producto,SI,
661,deudor no comercial,Turismo,Segmento C,Segmento C,Region 3,Zona 2,0,1,1,1,1,0,0,1,1,1,0,27,Bueno,Bueno,F,1,Sindicatos,75,26,0,12,42,64,51,46,23,73,95,22,71,63,39,0,1,1,1,1,1,1,1,1,Bueno,SUJETO DE CREDITO-EVALUABLE,[2]Media_Propension,Castigado o Sin Producto,NO,SALESFORCE - CCL
662,Microempresas,Transporte,Segmento B,Segmento A,Region 3,Zona 3,1,1,0,0,0,0,0,1,0,0,0,50,Malo,Bueno,M,2,Sindicatos,96,37,72,1,64,21,68,90,53,0,52,48,51,40,67,0,1,1,0,1,1,1,1,0,Malo,CON OBSERVACIONES-EVALUABLE,[3]Baja_Propension,Castigado o Sin Producto,NO,
663,deudor comercial,Comercial,Segmento B,Segmento A,Region 2,Zona 2,1,1,1,1,0,0,1,1,0,1,1,59,Regular,Regular,F,1,Cooperativas,9,54,54,64,27,57,92,72,98,85,37,33,25,33,56,0,1,1,1,1,1,1,0,0,Bueno,SUJETO DE CREDITO-EVALUABLE,[2]Media_Propension,Cliente No Financiado,NO,VENTA CENTRALIZADA
664,Microempresas,Transporte,Segmento B,Segmento C,Region 2,Zona 1,0,0,1,0,0,0,1,1,0,0,0,52,Bueno,Regular,M,2,Sociedad,63,24,63,71,48,11,30,72,42,16,44,75,25,12,91,0,1,0,1,1,0,0,1,0,Bueno,NO SUJETO DE CREDITO,[3]Baja_Propension,Cliente Finaciado,NO,SALESFORCE - CCL
665,deudor no comercial,Turismo,Segmento B,Segmento A,Region 3,Zona 1,0,1,0,0,1,0,0,1,1,0,1,74,Regular,Regular,F,1,Sindicatos,95,8,26,78,6,64,15,57,54,81,5,49,43,94,14,0,0,1,0,0,0,0,0,0,Bueno,CON OBSERVACIONES-EVALUABLE,[2]Media_Propension,Cliente Finaciado,NO,SALESFORCE - CCL
666,Microempresas,Turismo,Segmento B,Segmento A,Region 2,Zona 2,0,1,1,0,1,0,1,1,0,1,0,26,Malo,Bueno,M,2,Cooperativas,35,27,95,63,76,72,27,90,96,68,69,0,56,93,97,1,1,1,0,1,1,0,1,1,Bueno,NO SUJETO DE CREDITO,[3]Baja_Propension,Cliente Finaciado,NO,VENTA CENTRALIZADA
667,deudor no comercial,Comercial,Segmento A,Segmento C,Region 2,Zona 1,1,1,1,0,1,1,1,1,1,1,1,32,Bueno,Regular,M,2,Sociedad,16,94,37,37,31,64,1,65,6,78,75,57,25,3,75,0,0,1,0,1,0,0,1,0,Malo,CON OBSERVACIONES-EVALUABLE,[2]Media_Propension,Cliente Finaciado,SI,VENTA CENTRALIZADA
668,Microempresas,Comercial,Segmento C,Segmento C,Region 3,Zona 1,1,0,1,0,1,1,0,0,1,0,1,31,Malo,Bueno,F,1,Sindicatos,31,59,74,70,66,11,89,33,40,79,79,24,1,41,94,0,0,0,0,0,0,0,1,0,Excelente,CON OBSERVACIONES-EVALUABLE,[1]Alta_Propension,Castigado o Sin Producto,SI,RED SUCURSALES
669,deudor no comercial,Transporte,Segmento B,Segmento C,Region 1,Zona 1,0,1,1,0,0,1,0,1,1,1,1,22,Regular,Bueno,M,1,SPA,69,66,12,67,99,41,23,53,91,87,18,71,19,49,41,1,0,1,0,0,0,0,1,1,Bueno,NO SUJETO DE CREDITO,[3]Baja_Propension,Cliente No Financiado,SI,SALESFORCE -WEB
670,Microempresas,Turismo,Segmento B,Segmento C,Region 1,Zona 2,1,1,1,0,0,1,0,0,1,1,0,63,Malo,Regular,M,1,Sociedad,50,28,52,41,61,14,41,2,11,90,77,1,18,9,84,1,1,0,0,0,1,0,0,0,Bueno,NO SUJETO DE CREDITO,[1]Alta_Propension,Cliente Finaciado,SI,RED SUCURSALES
671,Microempresas,Transporte,Segmento B,Segmento C,Region 2,Zona 2,1,1,1,1,1,1,1,1,0,0,1,43,Regular,Malo,F,2,Federacion,36,65,65,45,37,60,41,56,46,29,78,65,50,29,39,0,1,1,0,0,0,1,0,1,Malo,NO SUJETO DE CREDITO,[1]Alta_Propension,Castigado o Sin Producto,SI,SALESFORCE -WEB
672,deudor no comercial,Turismo,Segmento A,Segmento A,Region 2,Zona 3,1,0,1,0,0,0,1,1,1,0,1,63,Bueno,Bueno,F,2,Federacion,26,96,37,59,54,0,8,75,33,69,49,2,50,62,52,1,0,0,1,0,0,0,0,0,Excelente,NO SUJETO DE CREDITO,[2]Media_Propension,Cliente No Financiado,NO,SALESFORCE -WEB
673,deudor comercial,Comercial,Segmento A,Segmento B,Region 3,Zona 3,0,1,0,1,0,1,1,0,1,1,1,24,Regular,Regular,M,1,Sindicatos,96,25,63,23,18,90,69,53,39,32,86,36,38,56,68,1,1,1,0,0,1,0,1,0,Bueno,SUJETO DE CREDITO-EVALUABLE,[1]Alta_Propension,Castigado o Sin Producto,NO,
674,Microempresas,Comercial,Segmento A,Segmento B,Region 1,Zona 3,0,0,0,0,1,1,0,0,0,0,0,60,Bueno,Regular,F,2,SPA,1,46,89,53,6,72,10,62,46,79,27,82,50,67,20,1,0,0,1,0,0,1,1,1,Malo,SUJETO DE CREDITO-EVALUABLE,[1]Alta_Propension,Cliente Finaciado,NO,
675,deudor comercial,Transporte,Segmento A,Segmento B,Region 3,Zona 3,0,0,1,1,1,1,0,0,1,1,1,58,Bueno,Regular,F,1,Sociedad,47,14,68,47,22,55,18,88,78,24,91,80,59,34,30,0,1,0,1,0,0,0,1,0,Bueno,NO SUJETO DE CREDITO,[3]Baja_Propension,Cliente Finaciado,NO,RED SUCURSALES
676,Microempresas,Turismo,Segmento C,Segmento C,Region 3,Zona 1,1,1,1,1,0,0,1,1,0,1,0,26,Bueno,Bueno,M,1,Sociedad,29,41,49,99,51,72,4,63,77,92,71,2,41,83,82,1,0,1,1,0,1,0,1,0,Excelente,SUJETO DE CREDITO-EVALUABLE,[1]Alta_Propension,Castigado o Sin Producto,SI,SALESFORCE - CCL
677,Microempresas,Transporte,Segmento A,Segmento B,Region 2,Zona 3,1,1,0,0,0,1,1,0,1,0,1,34,Regular,Malo,M,2,Sociedad,77,67,33,80,42,35,90,72,57,67,79,64,88,89,27,1,1,0,0,1,1,0,0,0,Bueno,CON OBSERVACIONES-EVALUABLE,[2]Media_Propension,Castigado o Sin Producto,NO,
678,deudor comercial,Transporte,Segmento A,Segmento B,Region 2,Zona 3,0,1,1,0,1,0,1,1,0,1,0,53,Bueno,Regular,F,1,SPA,75,90,62,8,15,59,49,84,98,75,40,49,49,79,94,0,0,1,0,1,0,1,0,1,Malo,NO SUJETO DE CREDITO,[2]Media_Propension,Castigado o Sin Producto,NO,SALESFORCE -WEB
679,deudor no comercial,Transporte,Segmento C,Segmento A,Region 1,Zona 1,0,1,1,1,1,0,0,0,0,0,0,70,Malo,Regular,F,2,Sociedad,39,34,28,51,34,46,0,26,51,71,99,91,5,26,31,1,0,1,0,0,0,1,1,1,Malo,NO SUJETO DE CREDITO,[1]Alta_Propension,Castigado o Sin Producto,NO,RED SUCURSALES
680,Microempresas,Transporte,Segmento A,Segmento B,Region 3,Zona 3,0,0,0,1,0,1,0,1,1,0,1,33,Regular,Bueno,M,1,Federacion,59,82,44,42,4,84,76,69,15,87,76,13,65,68,89,1,1,1,0,1,1,0,0,0,Malo,SUJETO DE CREDITO-EVALUABLE,[3]Baja_Propension,Cliente No Financiado,SI,
681,deudor no comercial,Comercial,Segmento C,Segmento A,Region 2,Zona 2,1,0,0,0,1,0,0,0,1,0,1,48,Malo,Regular,F,2,Cooperativas,48,4,70,16,42,34,6,85,48,51,51,94,78,82,64,0,1,0,0,0,1,1,0,1,Malo,SUJETO DE CREDITO-EVALUABLE,[2]Media_Propension,Cliente No Financiado,NO,VENTA CENTRALIZADA
682,Microempresas,Comercial,Segmento C,Segmento B,Region 1,Zona 1,1,0,0,1,1,0,1,1,0,0,0,55,Malo,Malo,F,2,SPA,74,80,74,68,75,54,8,61,48,73,25,32,12,62,82,1,1,0,0,1,0,0,1,1,Malo,CON OBSERVACIONES-EVALUABLE,[3]Baja_Propension,Cliente No Financiado,NO,RED SUCURSALES
683,deudor comercial,Comercial,Segmento A,Segmento B,Region 1,Zona 3,0,0,1,1,1,0,1,1,0,0,1,44,Malo,Bueno,M,2,Federacion,96,12,0,41,1,80,30,64,8,39,84,57,3,76,85,0,0,1,1,0,1,1,1,0,Bueno,SUJETO DE CREDITO-EVALUABLE,[2]Media_Propension,Castigado o Sin Producto,SI,VENTA CENTRALIZADA
684,deudor comercial,Transporte,Segmento C,Segmento B,Region 2,Zona 2,0,1,1,0,1,1,0,0,0,1,0,36,Bueno,Regular,F,1,Sociedad,46,29,78,53,78,13,99,88,95,51,5,6,79,36,63,0,0,1,0,1,0,1,0,0,Bueno,SUJETO DE CREDITO-EVALUABLE,[3]Baja_Propension,Cliente Finaciado,SI,SALESFORCE - CCL
685,deudor no comercial,Turismo,Segmento C,Segmento A,Region 1,Zona 3,1,0,1,1,0,1,0,0,0,1,1,53,Regular,Regular,F,1,Federacion,20,90,75,15,94,7,99,20,38,82,19,55,37,36,41,0,0,1,1,0,1,1,1,0,Bueno,NO SUJETO DE CREDITO,[1]Alta_Propension,Cliente No Financiado,NO,
686,deudor no comercial,Comercial,Segmento B,Segmento C,Region 2,Zona 2,0,0,1,1,0,0,0,0,1,0,0,62,Bueno,Bueno,M,1,Sociedad,25,33,95,30,70,96,74,62,84,92,90,50,4,98,27,1,1,0,1,0,0,0,1,0,Excelente,SUJETO DE CREDITO-EVALUABLE,[3]Baja_Propension,Castigado o Sin Producto,SI,SALESFORCE -WEB
687,deudor comercial,Transporte,Segmento C,Segmento B,Region 3,Zona 2,0,0,0,1,1,0,0,1,1,0,0,41,Regular,Regular,M,1,SPA,70,58,23,7,99,80,94,37,10,28,19,43,21,78,11,1,0,0,1,1,1,1,0,1,Excelente,NO SUJETO DE CREDITO,[1]Alta_Propension,Cliente Finaciado,NO,SALESFORCE -WEB
688,deudor no comercial,Comercial,Segmento B,Segmento A,Region 2,Zona 2,1,1,0,0,1,0,0,1,1,1,1,59,Regular,Regular,F,2,SPA,77,52,72,51,97,92,20,32,16,17,41,39,81,57,83,1,1,1,1,1,0,0,0,1,Bueno,SUJETO DE CREDITO-EVALUABLE,[1]Alta_Propension,Castigado o Sin Producto,SI,VENTA CENTRALIZADA
689,deudor no comercial,Turismo,Segmento B,Segmento A,Region 3,Zona 3,0,0,0,1,0,0,1,1,0,0,0,52,Bueno,Regular,F,2,Cooperativas,81,30,8,75,83,33,26,51,79,74,90,6,39,75,22,0,1,1,0,0,0,0,0,1,Bueno,CON OBSERVACIONES-EVALUABLE,[2]Media_Propension,Cliente Finaciado,SI,VENTA CENTRALIZADA
690,deudor comercial,Transporte,Segmento B,Segmento C,Region 2,Zona 2,1,0,0,0,0,1,1,0,1,1,1,38,Malo,Malo,F,1,SPA,36,95,46,43,22,80,53,41,19,17,29,29,60,57,85,0,0,1,1,1,0,1,1,0,Malo,CON OBSERVACIONES-EVALUABLE,[3]Baja_Propension,Cliente No Financiado,NO,VENTA CENTRALIZADA
691,deudor comercial,Transporte,Segmento A,Segmento A,Region 1,Zona 3,1,0,1,0,1,1,1,1,0,0,1,74,Bueno,Malo,F,1,Cooperativas,64,61,23,30,59,50,74,89,23,77,9,21,6,38,43,0,0,0,1,1,0,1,1,1,Excelente,CON OBSERVACIONES-EVALUABLE,[3]Baja_Propension,Castigado o Sin Producto,NO,RED SUCURSALES
692,Microempresas,Comercial,Segmento A,Segmento B,Region 2,Zona 1,1,0,0,0,0,1,0,1,1,0,1,44,Bueno,Malo,M,1,Sindicatos,43,97,29,34,31,90,94,41,3,52,1,16,70,0,12,0,0,1,0,0,0,1,1,0,Bueno,NO SUJETO DE CREDITO,[2]Media_Propension,Cliente No Financiado,SI,SALESFORCE -WEB
693,Microempresas,Comercial,Segmento A,Segmento A,Region 2,Zona 3,1,1,0,0,1,0,0,1,1,1,0,52,Bueno,Regular,F,2,Cooperativas,81,15,85,2,43,40,48,65,49,76,37,55,82,12,6,1,0,0,0,1,1,0,1,1,Malo,CON OBSERVACIONES-EVALUABLE,[1]Alta_Propension,Castigado o Sin Producto,NO,SALESFORCE - CCL
694,Microempresas,Comercial,Segmento B,Segmento C,Region 1,Zona 1,1,1,1,0,1,1,0,0,0,1,1,54,Malo,Regular,F,2,Cooperativas,82,31,33,61,0,54,23,24,91,54,28,83,96,81,34,0,0,1,0,1,0,1,1,0,Excelente,CON OBSERVACIONES-EVALUABLE,[1]Alta_Propension,Cliente No Financiado,NO,SALESFORCE -WEB
695,deudor comercial,Comercial,Segmento A,Segmento B,Region 2,Zona 2,0,0,1,1,1,0,1,0,1,0,1,19,Malo,Regular,F,2,Federacion,25,21,96,8,90,32,47,47,91,13,55,21,42,28,13,0,0,1,0,0,0,0,1,1,Bueno,CON OBSERVACIONES-EVALUABLE,[1]Alta_Propension,Castigado o Sin Producto,SI,RED SUCURSALES
696,Microempresas,Transporte,Segmento A,Segmento B,Region 1,Zona 1,1,0,0,1,1,1,0,0,0,1,0,37,Malo,Regular,M,2,Federacion,84,64,39,37,10,35,45,38,59,45,32,76,83,68,27,0,1,1,0,0,0,1,0,1,Malo,CON OBSERVACIONES-EVALUABLE,[1]Alta_Propension,Castigado o Sin Producto,SI,VENTA CENTRALIZADA
697,Microempresas,Comercial,Segmento A,Segmento A,Region 1,Zona 1,1,0,1,0,1,1,0,1,0,1,1,63,Malo,Regular,M,2,Cooperativas,64,78,42,67,30,21,32,82,2,45,31,40,16,59,65,1,0,0,1,0,0,1,1,1,Excelente,CON OBSERVACIONES-EVALUABLE,[1]Alta_Propension,Castigado o Sin Producto,NO,VENTA CENTRALIZADA
698,Microempresas,Turismo,Segmento C,Segmento B,Region 2,Zona 1,0,0,1,1,1,0,0,0,0,1,0,46,Regular,Malo,F,1,Federacion,54,83,68,67,52,51,65,16,19,3,17,46,68,64,83,1,1,1,0,0,1,1,1,0,Malo,NO SUJETO DE CREDITO,[1]Alta_Propension,Cliente No Financiado,NO,RED SUCURSALES
699,deudor comercial,Comercial,Segmento C,Segmento C,Region 2,Zona 2,1,1,0,0,1,0,1,1,1,0,0,20,Regular,Regular,F,1,SPA,90,52,0,2,43,49,85,89,80,19,46,21,52,40,13,1,0,0,1,0,1,1,0,0,Malo,SUJETO DE CREDITO-EVALUABLE,[3]Baja_Propension,Castigado o Sin Producto,NO,
700,deudor comercial,Comercial,Segmento B,Segmento B,Region 3,Zona 1,0,0,1,1,1,1,1,1,1,1,1,50,Malo,Regular,M,2,Federacion,53,9,76,77,29,70,83,94,69,52,87,16,75,41,13,0,1,1,1,0,1,0,1,1,Malo,SUJETO DE CREDITO-EVALUABLE,[1]Alta_Propension,Castigado o Sin Producto,NO,SALESFORCE -WEB
701,Microempresas,Turismo,Segmento A,Segmento B,Region 2,Zona 1,0,0,0,0,0,0,1,1,1,1,0,22,Malo,Bueno,M,1,Cooperativas,45,2,31,80,75,0,37,84,15,50,14,73,68,68,66,0,1,0,1,1,0,1,0,1,Bueno,NO SUJETO DE CREDITO,[3]Baja_Propension,Cliente Finaciado,SI,VENTA CENTRALIZADA
702,deudor comercial,Turismo,Segmento C,Segmento C,Region 1,Zona 2,1,1,0,0,1,0,1,1,0,1,1,61,Malo,Malo,M,2,SPA,2,50,42,4,93,43,49,60,46,32,69,14,74,12,51,1,0,1,1,1,1,1,0,0,Bueno,CON OBSERVACIONES-EVALUABLE,[3]Baja_Propension,Castigado o Sin Producto,SI,RED SUCURSALES
703,deudor no comercial,Turismo,Segmento A,Segmento C,Region 1,Zona 3,0,0,1,0,1,0,1,1,0,0,1,54,Malo,Regular,M,1,Sindicatos,19,14,46,10,30,56,72,51,62,26,21,8,4,30,8,0,0,0,1,1,0,1,0,1,Excelente,CON OBSERVACIONES-EVALUABLE,[2]Media_Propension,Castigado o Sin Producto,NO,RED SUCURSALES
704,deudor no comercial,Transporte,Segmento A,Segmento C,Region 1,Zona 2,1,1,1,0,1,0,1,1,1,0,0,37,Malo,Regular,M,1,Cooperativas,22,55,40,77,38,32,29,0,34,50,49,91,13,3,57,0,0,0,0,1,1,1,1,0,Bueno,SUJETO DE CREDITO-EVALUABLE,[1]Alta_Propension,Castigado o Sin Producto,NO,VENTA CENTRALIZADA
705,deudor no comercial,Transporte,Segmento B,Segmento C,Region 2,Zona 3,1,1,1,0,1,1,0,1,0,0,0,52,Malo,Malo,M,1,Sindicatos,36,68,91,31,57,89,77,41,81,85,48,47,67,80,20,1,1,1,0,1,1,1,0,0,Malo,CON OBSERVACIONES-EVALUABLE,[1]Alta_Propension,Castigado o Sin Producto,NO,VENTA CENTRALIZADA
706,Microempresas,Comercial,Segmento A,Segmento C,Region 3,Zona 3,1,0,0,0,0,1,1,1,0,0,0,39,Regular,Malo,M,2,Sindicatos,47,82,25,79,78,33,91,88,68,87,11,59,51,57,60,1,0,0,1,1,1,0,0,0,Malo,CON OBSERVACIONES-EVALUABLE,[1]Alta_Propension,Cliente Finaciado,NO,
707,Microempresas,Transporte,Segmento B,Segmento C,Region 3,Zona 1,0,0,0,0,1,1,1,1,1,1,0,42,Malo,Regular,F,2,Sociedad,84,50,64,94,58,68,53,43,69,85,58,87,44,93,36,0,1,0,1,0,1,1,1,0,Excelente,CON OBSERVACIONES-EVALUABLE,[3]Baja_Propension,Cliente Finaciado,SI,SALESFORCE - CCL
708,Microempresas,Transporte,Segmento B,Segmento A,Region 3,Zona 1,0,0,0,1,1,1,1,0,1,0,1,44,Malo,Malo,F,1,Sindicatos,73,21,34,2,7,82,37,23,36,0,24,27,14,58,78,1,1,1,1,0,0,1,1,0,Bueno,NO SUJETO DE CREDITO,[2]Media_Propension,Cliente No Financiado,SI,SALESFORCE -WEB
709,deudor comercial,Comercial,Segmento B,Segmento A,Region 1,Zona 2,1,1,1,0,0,1,1,0,0,1,0,47,Malo,Malo,F,1,Cooperativas,84,54,82,40,15,95,24,2,84,79,16,78,26,82,93,0,1,1,1,1,1,0,0,0,Bueno,CON OBSERVACIONES-EVALUABLE,[3]Baja_Propension,Castigado o Sin Producto,NO,
710,deudor no comercial,Transporte,Segmento A,Segmento B,Region 1,Zona 1,1,1,0,0,1,1,1,1,1,0,0,71,Malo,Bueno,F,2,Cooperativas,28,16,95,23,58,32,59,30,4,38,66,53,64,86,49,1,1,1,1,0,1,0,1,1,Excelente,NO SUJETO DE CREDITO,[3]Baja_Propension,Cliente No Financiado,SI,
711,deudor no comercial,Transporte,Segmento B,Segmento A,Region 1,Zona 1,1,1,0,0,1,0,0,1,0,0,1,26,Malo,Bueno,F,2,Sindicatos,83,14,47,48,44,64,63,62,39,72,83,89,5,88,71,0,0,0,1,1,1,1,0,0,Malo,SUJETO DE CREDITO-EVALUABLE,[2]Media_Propension,Cliente No Financiado,NO,SALESFORCE - CCL
712,deudor no comercial,Transporte,Segmento A,Segmento A,Region 3,Zona 1,1,0,1,1,1,0,0,1,1,1,0,37,Bueno,Malo,M,2,Cooperativas,87,13,24,49,35,98,18,59,81,77,99,16,47,20,71,1,1,1,0,0,1,1,0,1,Bueno,CON OBSERVACIONES-EVALUABLE,[1]Alta_Propension,Cliente No Financiado,NO,RED SUCURSALES
713,Microempresas,Turismo,Segmento B,Segmento C,Region 1,Zona 3,1,0,1,1,0,1,1,0,1,1,0,31,Regular,Regular,F,2,Cooperativas,75,38,89,38,59,39,65,99,84,94,26,28,17,22,98,1,0,0,0,0,1,1,1,0,Excelente,CON OBSERVACIONES-EVALUABLE,[2]Media_Propension,Cliente No Financiado,SI,SALESFORCE -WEB
714,Microempresas,Comercial,Segmento C,Segmento A,Region 3,Zona 1,0,0,0,0,1,1,1,0,1,1,1,57,Regular,Regular,F,2,SPA,28,51,63,34,21,59,69,37,35,38,46,46,24,17,34,1,0,1,0,0,0,0,0,1,Malo,CON OBSERVACIONES-EVALUABLE,[1]Alta_Propension,Cliente No Financiado,SI,SALESFORCE -WEB
715,deudor comercial,Comercial,Segmento A,Segmento B,Region 1,Zona 3,1,0,0,0,0,1,0,0,0,1,1,19,Malo,Regular,M,1,Sindicatos,3,6,33,21,19,0,83,41,26,23,41,84,93,70,92,0,0,0,1,1,0,0,0,1,Bueno,SUJETO DE CREDITO-EVALUABLE,[1]Alta_Propension,Cliente No Financiado,NO,RED SUCURSALES
716,deudor no comercial,Comercial,Segmento A,Segmento A,Region 1,Zona 1,0,1,1,1,1,0,1,0,1,1,1,19,Regular,Malo,F,1,Cooperativas,0,39,49,43,43,89,55,67,49,43,89,2,86,4,54,1,1,0,1,0,1,1,1,0,Malo,SUJETO DE CREDITO-EVALUABLE,[2]Media_Propension,Castigado o Sin Producto,NO,SALESFORCE -WEB
717,deudor no comercial,Transporte,Segmento B,Segmento C,Region 1,Zona 2,1,1,0,1,0,1,0,0,0,0,0,59,Bueno,Regular,M,2,Federacion,84,42,40,13,19,91,42,65,70,1,68,78,30,70,39,1,1,1,0,1,0,1,0,1,Malo,CON OBSERVACIONES-EVALUABLE,[1]Alta_Propension,Cliente No Financiado,NO,VENTA CENTRALIZADA
718,Microempresas,Transporte,Segmento C,Segmento C,Region 2,Zona 3,1,1,1,0,0,1,1,0,1,1,1,66,Bueno,Regular,F,2,SPA,97,78,32,0,3,50,97,34,52,60,18,28,83,53,7,1,1,1,1,1,1,1,0,1,Excelente,CON OBSERVACIONES-EVALUABLE,[2]Media_Propension,Cliente No Financiado,SI,VENTA CENTRALIZADA
719,deudor no comercial,Comercial,Segmento A,Segmento A,Region 2,Zona 3,1,1,0,0,1,0,1,1,1,0,0,46,Regular,Bueno,M,1,SPA,83,43,75,20,20,50,10,84,89,79,66,89,86,24,7,0,1,1,0,0,0,0,0,1,Malo,CON OBSERVACIONES-EVALUABLE,[3]Baja_Propension,Castigado o Sin Producto,NO,SALESFORCE - CCL
720,deudor comercial,Comercial,Segmento B,Segmento A,Region 3,Zona 3,1,1,1,0,1,0,1,1,1,1,1,38,Regular,Malo,F,1,Sindicatos,22,88,92,23,69,98,80,30,39,15,52,62,41,9,15,1,1,0,0,0,0,1,0,0,Bueno,CON OBSERVACIONES-EVALUABLE,[1]Alta_Propension,Cliente No Financiado,SI,SALESFORCE -WEB
721,deudor comercial,Transporte,Segmento B,Segmento A,Region 2,Zona 3,0,0,1,1,0,1,0,1,0,0,1,61,Bueno,Regular,F,2,Federacion,29,69,91,27,17,38,82,32,66,89,28,44,68,76,7,0,1,1,1,0,0,0,1,0,Excelente,SUJETO DE CREDITO-EVALUABLE,[3]Baja_Propension,Cliente Finaciado,SI,SALESFORCE -WEB
722,deudor comercial,Comercial,Segmento A,Segmento B,Region 3,Zona 2,1,0,1,1,0,0,1,1,1,1,0,50,Regular,Malo,M,2,Sindicatos,21,81,77,99,94,40,2,22,51,44,34,95,95,24,55,0,1,0,1,1,0,0,1,1,Bueno,NO SUJETO DE CREDITO,[2]Media_Propension,Cliente Finaciado,NO,RED SUCURSALES
723,Microempresas,Transporte,Segmento C,Segmento B,Region 3,Zona 2,1,1,1,1,0,1,0,0,0,1,0,73,Malo,Regular,F,1,Federacion,0,31,23,8,72,76,1,98,2,72,64,85,64,11,6,0,0,0,0,0,0,1,0,1,Bueno,SUJETO DE CREDITO-EVALUABLE,[1]Alta_Propension,Cliente Finaciado,NO,SALESFORCE - CCL
724,Microempresas,Comercial,Segmento A,Segmento B,Region 1,Zona 1,1,0,0,0,0,1,0,0,1,0,1,59,Malo,Bueno,M,1,Cooperativas,27,98,18,80,71,52,23,25,24,96,12,44,68,67,85,1,1,1,1,0,0,0,0,1,Malo,SUJETO DE CREDITO-EVALUABLE,[2]Media_Propension,Cliente No Financiado,SI,SALESFORCE - CCL
725,Microempresas,Transporte,Segmento C,Segmento A,Region 1,Zona 3,1,1,1,1,0,0,1,1,0,0,1,40,Bueno,Malo,M,1,Sindicatos,93,0,43,49,73,29,21,57,74,13,64,42,6,4,73,0,1,0,0,1,1,0,0,1,Malo,NO SUJETO DE CREDITO,[1]Alta_Propension,Cliente No Financiado,SI,SALESFORCE -WEB
726,deudor no comercial,Turismo,Segmento B,Segmento B,Region 2,Zona 2,1,1,0,0,1,0,0,1,0,1,0,26,Malo,Bueno,M,1,Sindicatos,56,34,83,19,57,43,9,28,67,64,13,63,31,91,15,1,0,1,1,1,0,1,0,1,Excelente,NO SUJETO DE CREDITO,[1]Alta_Propension,Cliente Finaciado,NO,
727,Microempresas,Transporte,Segmento B,Segmento C,Region 2,Zona 2,0,0,0,1,1,1,1,0,0,0,1,23,Bueno,Bueno,M,2,Cooperativas,78,89,46,52,25,64,32,48,40,61,85,92,85,84,38,1,0,0,0,0,0,1,1,0,Bueno,NO SUJETO DE CREDITO,[2]Media_Propension,Cliente Finaciado,SI,RED SUCURSALES
728,Microempresas,Comercial,Segmento B,Segmento B,Region 3,Zona 3,1,0,1,0,1,1,0,1,1,1,0,65,Regular,Malo,F,2,SPA,69,10,55,11,52,79,74,7,29,82,12,39,7,45,5,0,1,1,0,1,0,0,0,1,Malo,CON OBSERVACIONES-EVALUABLE,[1]Alta_Propension,Cliente No Financiado,NO,VENTA CENTRALIZADA
729,deudor no comercial,Transporte,Segmento A,Segmento A,Region 3,Zona 3,1,1,0,1,0,1,0,0,1,0,0,51,Malo,Malo,F,2,Federacion,61,49,12,13,31,94,39,64,78,72,86,75,27,69,94,1,1,0,0,1,0,1,0,0,Bueno,NO SUJETO DE CREDITO,[3]Baja_Propension,Cliente Finaciado,NO,SALESFORCE - CCL
730,deudor no comercial,Turismo,Segmento B,Segmento A,Region 2,Zona 3,0,0,1,0,0,1,0,1,1,0,1,39,Regular,Regular,F,1,Sociedad,91,22,80,11,56,59,65,35,39,26,86,94,11,20,11,0,0,1,0,1,1,0,1,1,Excelente,SUJETO DE CREDITO-EVALUABLE,[2]Media_Propension,Castigado o Sin Producto,SI,
731,deudor no comercial,Turismo,Segmento A,Segmento C,Region 2,Zona 2,0,0,0,1,1,1,0,1,1,0,0,64,Malo,Regular,M,2,Sociedad,97,40,76,67,2,3,70,91,67,53,75,16,87,53,62,0,1,1,1,1,1,0,0,0,Malo,SUJETO DE CREDITO-EVALUABLE,[2]Media_Propension,Cliente Finaciado,SI,VENTA CENTRALIZADA
732,deudor comercial,Transporte,Segmento A,Segmento A,Region 2,Zona 2,1,0,0,1,0,0,1,1,0,0,0,37,Regular,Regular,M,1,Cooperativas,40,87,20,99,97,21,16,0,98,3,55,6,41,65,97,0,1,0,0,1,0,0,0,0,Bueno,CON OBSERVACIONES-EVALUABLE,[1]Alta_Propension,Cliente Finaciado,NO,VENTA CENTRALIZADA
733,deudor comercial,Comercial,Segmento A,Segmento B,Region 1,Zona 3,1,0,1,1,1,1,1,1,1,0,1,69,Bueno,Bueno,M,2,SPA,25,33,19,18,30,68,37,9,62,21,34,40,87,97,70,1,1,1,0,0,0,1,0,1,Excelente,CON OBSERVACIONES-EVALUABLE,[1]Alta_Propension,Cliente No Financiado,NO,VENTA CENTRALIZADA
734,deudor no comercial,Transporte,Segmento C,Segmento B,Region 3,Zona 2,1,1,0,1,0,1,0,0,1,1,1,45,Regular,Malo,F,1,Federacion,89,89,38,17,33,35,37,63,23,96,41,77,7,34,58,0,0,1,0,0,1,1,1,1,Bueno,CON OBSERVACIONES-EVALUABLE,[1]Alta_Propension,Cliente Finaciado,NO,
735,deudor no comercial,Comercial,Segmento C,Segmento C,Region 2,Zona 2,0,1,0,1,0,0,1,0,1,1,1,28,Regular,Malo,M,2,Federacion,91,1,22,80,18,6,73,36,67,56,90,58,56,87,26,0,0,0,0,0,0,1,1,1,Excelente,CON OBSERVACIONES-EVALUABLE,[3]Baja_Propension,Castigado o Sin Producto,SI,VENTA CENTRALIZADA
736,Microempresas,Comercial,Segmento C,Segmento B,Region 2,Zona 2,0,0,0,1,0,1,1,1,1,1,0,55,Regular,Regular,M,2,Sindicatos,55,82,71,82,60,81,78,10,52,26,63,71,83,26,70,0,0,1,1,1,1,1,1,0,Bueno,SUJETO DE CREDITO-EVALUABLE,[2]Media_Propension,Castigado o Sin Producto,NO,RED SUCURSALES
737,Microempresas,Comercial,Segmento A,Segmento C,Region 3,Zona 2,0,0,0,1,0,0,1,1,0,0,1,29,Bueno,Malo,M,2,Sociedad,29,24,64,37,2,33,7,25,62,79,2,53,48,82,61,1,1,0,1,0,0,1,0,0,Malo,CON OBSERVACIONES-EVALUABLE,[1]Alta_Propension,Cliente No Financiado,NO,SALESFORCE -WEB
738,Microempresas,Comercial,Segmento C,Segmento A,Region 3,Zona 2,1,0,1,0,0,0,0,1,1,1,1,26,Bueno,Bueno,M,2,Cooperativas,67,93,93,91,37,80,61,17,38,73,59,9,3,10,12,0,0,0,1,0,0,1,1,1,Malo,CON OBSERVACIONES-EVALUABLE,[3]Baja_Propension,Castigado o Sin Producto,SI,RED SUCURSALES
739,Microempresas,Comercial,Segmento C,Segmento B,Region 1,Zona 3,1,0,1,0,0,1,1,1,1,1,0,46,Malo,Regular,M,1,Cooperativas,63,95,56,1,62,81,56,16,31,69,96,19,54,43,88,1,0,1,0,0,1,1,1,1,Excelente,CON OBSERVACIONES-EVALUABLE,[3]Baja_Propension,Cliente No Financiado,NO,RED SUCURSALES
740,deudor comercial,Comercial,Segmento C,Segmento B,Region 1,Zona 1,0,1,1,1,0,0,1,0,1,1,1,49,Bueno,Malo,M,1,Sindicatos,61,75,43,0,91,6,14,35,47,89,23,40,75,29,44,0,0,1,0,0,1,1,1,0,Bueno,NO SUJETO DE CREDITO,[2]Media_Propension,Cliente No Financiado,SI,
741,deudor comercial,Comercial,Segmento A,Segmento C,Region 2,Zona 3,0,0,0,0,1,0,1,0,0,1,1,44,Malo,Malo,F,1,Cooperativas,48,86,92,15,35,36,34,98,97,63,94,44,82,16,58,1,0,1,1,0,0,1,0,0,Malo,CON OBSERVACIONES-EVALUABLE,[3]Baja_Propension,Cliente Finaciado,NO,RED SUCURSALES
742,deudor no comercial,Transporte,Segmento B,Segmento B,Region 2,Zona 3,0,0,1,1,1,0,0,1,1,1,1,67,Malo,Malo,M,1,Cooperativas,78,10,29,69,15,52,22,93,98,71,26,53,23,17,28,0,0,0,0,1,0,1,0,1,Excelente,SUJETO DE CREDITO-EVALUABLE,[1]Alta_Propension,Cliente Finaciado,SI,RED SUCURSALES
743,deudor no comercial,Comercial,Segmento B,Segmento C,Region 2,Zona 1,1,1,1,0,1,0,0,1,1,0,0,25,Bueno,Regular,F,1,SPA,32,9,84,82,28,13,40,44,87,34,85,95,32,5,29,1,0,0,0,1,0,0,0,0,Malo,NO SUJETO DE CREDITO,[1]Alta_Propension,Cliente Finaciado,NO,SALESFORCE -WEB
744,deudor comercial,Turismo,Segmento B,Segmento C,Region 2,Zona 2,1,1,1,1,0,0,0,1,0,0,0,67,Bueno,Regular,F,2,Cooperativas,24,32,41,32,86,53,67,74,45,81,40,62,83,99,77,1,0,1,1,1,1,0,0,0,Malo,SUJETO DE CREDITO-EVALUABLE,[1]Alta_Propension,Castigado o Sin Producto,NO,
745,Microempresas,Turismo,Segmento A,Segmento B,Region 2,Zona 1,1,1,1,0,1,0,0,0,1,1,1,60,Regular,Bueno,M,2,Federacion,85,95,96,92,92,81,54,24,30,85,56,47,54,3,0,0,1,1,1,1,1,0,1,1,Excelente,SUJETO DE CREDITO-EVALUABLE,[3]Baja_Propension,Castigado o Sin Producto,NO,SALESFORCE - CCL
746,deudor no comercial,Comercial,Segmento C,Segmento A,Region 1,Zona 1,0,1,1,0,1,1,1,0,0,0,1,72,Malo,Bueno,F,1,Sociedad,75,4,49,39,32,66,93,48,89,98,48,43,41,88,25,1,0,0,1,1,0,0,0,0,Malo,NO SUJETO DE CREDITO,[3]Baja_Propension,Cliente Finaciado,SI,SALESFORCE -WEB
747,deudor no comercial,Transporte,Segmento C,Segmento A,Region 3,Zona 1,0,1,1,1,1,0,0,1,1,1,0,43,Bueno,Regular,M,1,Cooperativas,2,19,30,13,40,79,99,90,88,29,14,14,49,86,45,0,0,0,0,1,1,0,1,0,Bueno,NO SUJETO DE CREDITO,[3]Baja_Propension,Cliente No Financiado,SI,VENTA CENTRALIZADA
748,deudor no comercial,Transporte,Segmento B,Segmento A,Region 2,Zona 1,0,1,0,0,0,0,0,1,1,0,0,50,Regular,Bueno,F,1,SPA,7,18,86,13,16,67,65,3,22,61,46,41,16,19,76,0,1,0,0,0,0,1,1,0,Bueno,SUJETO DE CREDITO-EVALUABLE,[1]Alta_Propension,Cliente No Financiado,NO,
749,deudor no comercial,Comercial,Segmento A,Segmento C,Region 1,Zona 2,0,0,0,0,0,0,0,0,0,1,0,23,Bueno,Bueno,M,1,Cooperativas,3,33,5,32,25,28,28,92,66,66,71,22,30,59,21,0,0,0,1,1,1,0,0,1,Bueno,NO SUJETO DE CREDITO,[3]Baja_Propension,Cliente No Financiado,SI,VENTA CENTRALIZADA
750,deudor no comercial,Turismo,Segmento A,Segmento C,Region 2,Zona 3,0,1,1,1,0,0,1,0,0,1,0,53,Regular,Malo,F,1,Federacion,65,10,56,56,44,53,47,67,22,47,91,30,25,3,71,1,1,1,0,1,0,1,0,1,Excelente,SUJETO DE CREDITO-EVALUABLE,[3]Baja_Propension,Cliente Finaciado,SI,SALESFORCE - CCL
751,deudor comercial,Comercial,Segmento A,Segmento B,Region 1,Zona 3,0,0,0,1,0,0,1,0,1,0,1,56,Malo,Bueno,F,1,SPA,56,32,16,67,45,26,90,55,98,0,18,30,43,56,32,1,1,1,0,1,1,0,0,0,Excelente,SUJETO DE CREDITO-EVALUABLE,[3]Baja_Propension,Cliente Finaciado,NO,
752,deudor no comercial,Transporte,Segmento B,Segmento A,Region 1,Zona 2,0,0,0,0,0,0,1,0,0,1,1,62,Regular,Malo,F,1,Federacion,47,84,11,61,46,56,70,51,20,9,87,85,77,31,73,0,1,0,0,0,0,0,1,0,Malo,CON OBSERVACIONES-EVALUABLE,[3]Baja_Propension,Cliente No Financiado,NO,
753,deudor no comercial,Transporte,Segmento B,Segmento A,Region 2,Zona 3,1,1,1,1,1,0,1,0,1,0,0,36,Bueno,Regular,F,1,SPA,52,34,23,44,61,56,60,47,90,54,70,27,19,81,31,0,1,0,1,1,1,0,0,1,Malo,CON OBSERVACIONES-EVALUABLE,[2]Media_Propension,Cliente Finaciado,SI,VENTA CENTRALIZADA
754,Microempresas,Turismo,Segmento A,Segmento A,Region 3,Zona 1,0,1,0,1,1,1,1,0,0,0,1,62,Malo,Bueno,F,2,Sindicatos,70,1,42,54,78,53,54,23,13,69,87,81,28,95,25,0,0,0,0,0,1,1,0,1,Malo,SUJETO DE CREDITO-EVALUABLE,[3]Baja_Propension,Castigado o Sin Producto,SI,
755,deudor comercial,Transporte,Segmento B,Segmento A,Region 3,Zona 2,0,1,0,0,0,0,0,1,0,0,0,41,Regular,Malo,M,1,SPA,94,20,11,97,23,98,8,12,60,94,64,80,63,30,15,0,1,1,1,1,1,1,1,1,Bueno,SUJETO DE CREDITO-EVALUABLE,[1]Alta_Propension,Castigado o Sin Producto,NO,SALESFORCE -WEB
756,deudor comercial,Comercial,Segmento A,Segmento C,Region 1,Zona 3,1,1,1,0,1,0,1,1,0,1,0,40,Malo,Malo,F,1,SPA,54,51,5,19,28,56,79,56,66,36,23,9,82,30,36,0,1,0,0,0,1,0,0,0,Excelente,SUJETO DE CREDITO-EVALUABLE,[1]Alta_Propension,Cliente No Financiado,SI,SALESFORCE -WEB
757,deudor comercial,Comercial,Segmento C,Segmento A,Region 2,Zona 2,1,1,1,0,0,1,0,0,1,1,1,67,Malo,Malo,M,1,SPA,22,96,41,70,72,89,27,38,4,14,4,57,39,90,54,1,0,1,0,0,1,1,0,1,Malo,CON OBSERVACIONES-EVALUABLE,[3]Baja_Propension,Cliente No Financiado,NO,SALESFORCE -WEB
758,Microempresas,Transporte,Segmento C,Segmento C,Region 2,Zona 3,1,1,1,1,1,1,1,0,0,0,0,65,Malo,Malo,M,1,Sindicatos,18,65,80,70,14,22,45,60,32,26,26,15,98,34,4,1,0,1,0,1,1,1,1,1,Malo,NO SUJETO DE CREDITO,[2]Media_Propension,Castigado o Sin Producto,NO,RED SUCURSALES
759,Microempresas,Transporte,Segmento A,Segmento A,Region 2,Zona 3,0,0,1,0,0,1,1,0,1,1,0,25,Regular,Bueno,F,1,Sindicatos,95,73,5,63,99,49,99,4,88,52,80,26,80,79,63,0,0,0,0,1,1,0,1,1,Malo,CON OBSERVACIONES-EVALUABLE,[1]Alta_Propension,Castigado o Sin Producto,SI,SALESFORCE - CCL
760,deudor comercial,Comercial,Segmento B,Segmento A,Region 2,Zona 1,0,0,1,0,1,1,0,1,1,0,0,66,Regular,Malo,M,2,Sindicatos,63,9,21,6,68,74,91,96,83,79,24,48,58,95,22,1,1,0,1,1,0,1,1,1,Excelente,SUJETO DE CREDITO-EVALUABLE,[3]Baja_Propension,Cliente Finaciado,SI,SALESFORCE -WEB
761,deudor comercial,Turismo,Segmento A,Segmento B,Region 3,Zona 1,0,0,0,1,0,0,0,1,1,1,0,20,Malo,Bueno,M,1,SPA,16,25,28,53,19,68,46,59,37,75,62,22,15,67,27,0,0,0,1,0,1,0,0,0,Excelente,CON OBSERVACIONES-EVALUABLE,[3]Baja_Propension,Cliente No Financiado,NO,
762,Microempresas,Comercial,Segmento A,Segmento A,Region 3,Zona 1,0,0,0,1,1,0,1,1,0,0,1,71,Bueno,Malo,M,2,Federacion,60,80,24,47,79,30,84,36,61,55,10,87,1,30,84,1,0,0,0,1,1,1,0,0,Malo,SUJETO DE CREDITO-EVALUABLE,[2]Media_Propension,Cliente No Financiado,NO,RED SUCURSALES
763,deudor comercial,Transporte,Segmento B,Segmento A,Region 3,Zona 1,0,1,0,1,1,1,1,1,1,1,0,72,Bueno,Bueno,M,1,Sindicatos,4,34,22,17,28,93,40,20,71,28,71,37,79,69,64,1,1,0,1,1,1,0,1,0,Bueno,SUJETO DE CREDITO-EVALUABLE,[2]Media_Propension,Cliente Finaciado,NO,
764,Microempresas,Transporte,Segmento C,Segmento A,Region 1,Zona 2,0,0,0,0,0,0,0,0,0,0,1,55,Regular,Bueno,F,2,Sindicatos,35,73,10,34,41,74,43,24,15,42,65,65,88,63,6,0,0,0,0,1,1,0,0,1,Excelente,CON OBSERVACIONES-EVALUABLE,[1]Alta_Propension,Castigado o Sin Producto,SI,RED SUCURSALES
765,Microempresas,Transporte,Segmento C,Segmento B,Region 3,Zona 3,1,1,1,1,0,1,0,1,0,0,1,28,Malo,Regular,M,2,Sindicatos,80,96,89,14,99,5,94,3,10,91,97,69,1,70,8,0,0,0,0,0,1,1,0,1,Excelente,NO SUJETO DE CREDITO,[3]Baja_Propension,Cliente Finaciado,SI,
766,deudor no comercial,Transporte,Segmento A,Segmento A,Region 3,Zona 1,1,0,1,0,0,0,1,0,1,1,0,54,Bueno,Malo,F,1,Federacion,86,42,58,39,35,67,35,67,59,68,4,93,40,44,78,0,1,0,1,0,1,1,1,1,Excelente,CON OBSERVACIONES-EVALUABLE,[2]Media_Propension,Cliente Finaciado,NO,VENTA CENTRALIZADA
767,deudor comercial,Turismo,Segmento C,Segmento B,Region 1,Zona 3,1,0,1,0,1,0,0,0,0,0,1,35,Bueno,Malo,F,1,Sindicatos,0,24,87,12,42,23,27,2,30,45,49,87,21,25,56,0,0,1,1,1,0,1,1,0,Bueno,CON OBSERVACIONES-EVALUABLE,[3]Baja_Propension,Castigado o Sin Producto,NO,SALESFORCE -WEB
768,deudor no comercial,Comercial,Segmento A,Segmento A,Region 1,Zona 1,0,1,1,0,0,1,1,1,1,1,1,48,Regular,Bueno,M,2,Federacion,55,25,37,42,13,41,64,64,36,93,27,82,16,92,13,0,0,0,1,0,1,1,0,0,Excelente,NO SUJETO DE CREDITO,[1]Alta_Propension,Cliente No Financiado,SI,RED SUCURSALES
769,deudor no comercial,Comercial,Segmento C,Segmento C,Region 1,Zona 2,0,0,1,0,1,1,0,0,0,0,0,51,Bueno,Bueno,F,2,SPA,95,46,24,68,74,98,25,83,12,77,63,24,98,1,20,0,1,0,1,0,1,1,1,1,Excelente,NO SUJETO DE CREDITO,[1]Alta_Propension,Cliente No Financiado,SI,
770,deudor comercial,Comercial,Segmento B,Segmento B,Region 3,Zona 2,0,0,1,0,0,1,0,0,0,0,1,62,Regular,Regular,M,1,Federacion,56,14,79,53,89,4,56,99,27,71,2,80,65,52,21,1,1,0,1,1,1,0,0,0,Bueno,SUJETO DE CREDITO-EVALUABLE,[1]Alta_Propension,Castigado o Sin Producto,SI,
771,Microempresas,Turismo,Segmento C,Segmento B,Region 1,Zona 1,1,1,0,0,0,1,0,1,1,1,0,44,Regular,Malo,F,2,Federacion,57,51,58,0,76,12,64,6,88,3,64,47,86,15,89,1,0,0,1,1,0,0,0,1,Bueno,NO SUJETO DE CREDITO,[2]Media_Propension,Cliente No Financiado,SI,SALESFORCE -WEB
772,deudor no comercial,Transporte,Segmento A,Segmento B,Region 3,Zona 3,0,0,1,0,0,0,1,0,1,0,1,50,Bueno,Regular,M,2,Cooperativas,62,18,15,52,80,12,99,41,67,68,79,62,59,91,93,1,0,0,1,1,1,1,1,0,Malo,SUJETO DE CREDITO-EVALUABLE,[1]Alta_Propension,Cliente No Financiado,NO,VENTA CENTRALIZADA
773,deudor comercial,Comercial,Segmento A,Segmento C,Region 1,Zona 1,1,1,0,1,0,1,1,0,1,0,1,48,Malo,Regular,M,2,Sociedad,81,56,73,73,64,18,82,92,33,11,27,24,14,32,53,1,1,1,1,1,0,1,1,0,Malo,SUJETO DE CREDITO-EVALUABLE,[1]Alta_Propension,Cliente No Financiado,SI,SALESFORCE - CCL
774,deudor no comercial,Comercial,Segmento B,Segmento B,Region 3,Zona 1,0,1,0,0,1,0,0,1,1,1,1,62,Regular,Regular,M,1,SPA,55,96,86,1,19,11,80,0,89,47,2,21,47,83,55,1,1,0,0,0,1,0,1,1,Malo,CON OBSERVACIONES-EVALUABLE,[1]Alta_Propension,Cliente Finaciado,SI,
775,deudor comercial,Transporte,Segmento B,Segmento B,Region 2,Zona 2,1,0,0,0,1,1,1,0,0,0,0,18,Malo,Regular,M,2,Federacion,78,13,29,69,5,73,19,59,17,43,2,66,69,81,78,0,0,0,1,1,0,0,0,1,Malo,CON OBSERVACIONES-EVALUABLE,[2]Media_Propension,Cliente No Financiado,NO,RED SUCURSALES
776,deudor comercial,Turismo,Segmento B,Segmento B,Region 1,Zona 2,0,0,1,0,1,1,1,0,0,0,1,19,Regular,Regular,M,2,Cooperativas,59,70,39,76,96,96,19,66,95,44,64,78,85,45,29,1,1,0,1,1,1,1,0,0,Malo,CON OBSERVACIONES-EVALUABLE,[1]Alta_Propension,Cliente No Financiado,SI,SALESFORCE - CCL
777,Microempresas,Transporte,Segmento C,Segmento C,Region 1,Zona 1,1,1,1,1,0,1,0,0,0,0,0,28,Malo,Regular,M,1,Sindicatos,38,45,38,98,32,10,65,69,53,6,55,57,54,55,44,1,0,0,0,0,0,0,0,1,Malo,CON OBSERVACIONES-EVALUABLE,[2]Media_Propension,Castigado o Sin Producto,SI,
778,deudor comercial,Turismo,Segmento C,Segmento C,Region 3,Zona 3,1,1,0,0,0,1,0,0,0,1,0,42,Bueno,Regular,F,2,Cooperativas,25,41,90,0,46,95,75,12,3,84,99,0,83,10,6,0,0,1,1,0,1,0,0,1,Bueno,SUJETO DE CREDITO-EVALUABLE,[3]Baja_Propension,Castigado o Sin Producto,SI,SALESFORCE -WEB
779,deudor comercial,Turismo,Segmento A,Segmento B,Region 1,Zona 3,0,1,0,0,1,1,1,0,0,1,0,35,Malo,Regular,F,1,Federacion,9,21,51,34,76,83,96,44,16,67,66,26,51,35,22,1,0,0,1,1,1,0,0,1,Excelente,SUJETO DE CREDITO-EVALUABLE,[2]Media_Propension,Cliente Finaciado,SI,SALESFORCE - CCL
780,deudor comercial,Transporte,Segmento A,Segmento B,Region 3,Zona 2,0,0,0,1,0,0,0,1,1,1,1,20,Regular,Malo,F,2,SPA,13,28,81,66,87,12,41,41,98,0,6,53,15,50,44,0,0,0,1,1,1,0,1,1,Bueno,SUJETO DE CREDITO-EVALUABLE,[1]Alta_Propension,Castigado o Sin Producto,SI,
781,deudor comercial,Turismo,Segmento C,Segmento C,Region 2,Zona 2,0,0,1,0,0,1,1,0,0,1,0,44,Regular,Bueno,M,1,Federacion,31,45,98,74,25,33,94,11,4,61,50,26,19,27,35,1,1,1,0,0,0,0,1,0,Bueno,CON OBSERVACIONES-EVALUABLE,[2]Media_Propension,Cliente No Financiado,SI,VENTA CENTRALIZADA
782,Microempresas,Transporte,Segmento B,Segmento A,Region 2,Zona 3,0,1,1,1,1,1,0,1,1,1,0,23,Regular,Regular,F,1,Sindicatos,42,39,96,18,43,38,59,51,24,63,39,94,85,3,81,0,1,1,1,1,1,1,0,1,Malo,NO SUJETO DE CREDITO,[3]Baja_Propension,Cliente Finaciado,SI,RED SUCURSALES
783,Microempresas,Transporte,Segmento B,Segmento C,Region 3,Zona 1,1,0,1,1,0,0,0,1,0,1,1,62,Bueno,Bueno,M,1,SPA,8,83,12,95,10,4,31,92,44,12,72,4,74,36,69,0,1,0,1,1,1,1,1,1,Excelente,CON OBSERVACIONES-EVALUABLE,[2]Media_Propension,Cliente No Financiado,NO,SALESFORCE -WEB
784,deudor no comercial,Comercial,Segmento C,Segmento C,Region 3,Zona 1,1,0,1,0,0,0,1,0,0,0,0,18,Malo,Bueno,F,2,Federacion,87,83,71,12,7,41,45,2,73,0,97,21,21,53,38,1,0,0,1,1,1,1,0,0,Bueno,SUJETO DE CREDITO-EVALUABLE,[2]Media_Propension,Cliente No Financiado,NO,RED SUCURSALES
785,deudor comercial,Transporte,Segmento B,Segmento A,Region 3,Zona 2,0,0,1,0,0,1,0,1,1,1,1,19,Regular,Regular,F,1,Sindicatos,43,13,1,0,81,87,41,0,56,79,56,80,44,4,94,1,1,0,1,1,1,1,1,0,Excelente,SUJETO DE CREDITO-EVALUABLE,[2]Media_Propension,Castigado o Sin Producto,SI,SALESFORCE -WEB
786,deudor comercial,Comercial,Segmento C,Segmento C,Region 3,Zona 3,0,1,0,0,0,1,0,1,1,1,1,47,Bueno,Malo,F,2,Federacion,40,55,25,21,51,13,81,83,8,48,90,44,35,44,45,1,0,0,1,0,1,1,1,0,Excelente,NO SUJETO DE CREDITO,[3]Baja_Propension,Castigado o Sin Producto,SI,VENTA CENTRALIZADA
787,deudor comercial,Comercial,Segmento C,Segmento B,Region 3,Zona 3,1,0,1,0,0,1,1,1,1,1,1,68,Regular,Regular,F,1,Sociedad,77,63,74,37,31,87,68,5,16,32,3,56,64,52,2,0,0,1,0,1,0,0,1,0,Excelente,CON OBSERVACIONES-EVALUABLE,[2]Media_Propension,Castigado o Sin Producto,SI,VENTA CENTRALIZADA
788,deudor no comercial,Comercial,Segmento C,Segmento C,Region 1,Zona 3,0,1,0,0,1,1,1,0,0,0,0,19,Malo,Regular,F,2,Sindicatos,23,81,15,38,37,56,8,13,0,6,79,82,66,6,92,1,1,1,1,1,0,0,0,0,Malo,SUJETO DE CREDITO-EVALUABLE,[3]Baja_Propension,Cliente Finaciado,NO,VENTA CENTRALIZADA
789,deudor comercial,Transporte,Segmento B,Segmento B,Region 1,Zona 3,0,1,0,0,1,1,1,0,1,1,1,66,Malo,Malo,F,1,Sociedad,33,51,16,62,91,77,40,6,11,57,9,54,41,76,85,0,0,1,0,0,0,0,0,0,Excelente,NO SUJETO DE CREDITO,[1]Alta_Propension,Castigado o Sin Producto,NO,VENTA CENTRALIZADA
790,deudor no comercial,Transporte,Segmento C,Segmento B,Region 3,Zona 1,0,1,1,1,0,1,1,0,0,1,0,61,Regular,Regular,F,2,Federacion,10,7,28,86,62,12,97,85,59,39,29,51,87,97,64,1,1,0,0,1,0,0,1,0,Excelente,NO SUJETO DE CREDITO,[2]Media_Propension,Castigado o Sin Producto,SI,
791,Microempresas,Comercial,Segmento C,Segmento A,Region 2,Zona 2,0,0,1,0,1,1,0,1,0,1,1,65,Malo,Bueno,F,2,Federacion,17,74,98,85,61,72,45,47,48,63,59,54,37,96,28,0,1,1,1,1,1,1,1,1,Excelente,SUJETO DE CREDITO-EVALUABLE,[2]Media_Propension,Cliente No Financiado,NO,RED SUCURSALES
792,deudor no comercial,Turismo,Segmento B,Segmento A,Region 3,Zona 2,0,1,0,1,1,0,0,1,0,1,0,65,Regular,Regular,M,2,Sindicatos,31,45,81,71,92,26,84,68,80,89,51,64,81,72,71,0,0,0,1,0,1,0,0,0,Excelente,NO SUJETO DE CREDITO,[1]Alta_Propension,Cliente Finaciado,SI,SALESFORCE - CCL
793,deudor no comercial,Transporte,Segmento C,Segmento C,Region 1,Zona 2,0,1,0,1,0,1,0,1,1,1,0,43,Bueno,Bueno,M,1,SPA,85,18,12,29,95,90,3,75,49,4,46,5,62,97,77,0,0,0,0,0,0,0,0,1,Excelente,SUJETO DE CREDITO-EVALUABLE,[2]Media_Propension,Cliente No Financiado,SI,RED SUCURSALES
794,Microempresas,Turismo,Segmento B,Segmento B,Region 2,Zona 2,0,0,1,1,0,1,0,0,1,0,1,45,Regular,Regular,M,1,Federacion,53,27,85,41,88,86,77,89,98,57,3,48,6,95,48,0,1,1,1,0,0,0,1,1,Malo,CON OBSERVACIONES-EVALUABLE,[1]Alta_Propension,Cliente Finaciado,NO,SALESFORCE - CCL
795,deudor no comercial,Turismo,Segmento B,Segmento A,Region 3,Zona 2,0,1,1,1,1,0,0,1,0,0,0,18,Malo,Bueno,F,1,Cooperativas,21,52,64,49,88,99,5,54,85,51,65,30,35,54,43,1,1,1,1,0,1,0,1,0,Malo,SUJETO DE CREDITO-EVALUABLE,[1]Alta_Propension,Castigado o Sin Producto,NO,SALESFORCE - CCL
796,deudor no comercial,Comercial,Segmento A,Segmento B,Region 2,Zona 3,1,0,1,1,0,0,1,0,0,0,1,39,Malo,Bueno,M,1,Sindicatos,75,98,51,68,80,10,32,28,97,43,63,6,0,41,3,0,1,1,0,1,1,0,1,0,Bueno,SUJETO DE CREDITO-EVALUABLE,[3]Baja_Propension,Cliente No Financiado,SI,SALESFORCE - CCL
797,Microempresas,Turismo,Segmento C,Segmento B,Region 2,Zona 1,1,0,0,1,0,0,1,0,0,1,0,20,Bueno,Regular,F,2,Cooperativas,87,7,49,73,5,26,87,70,96,97,71,17,65,64,57,1,1,0,1,0,0,0,1,0,Malo,SUJETO DE CREDITO-EVALUABLE,[1]Alta_Propension,Cliente No Financiado,SI,
798,deudor no comercial,Turismo,Segmento C,Segmento A,Region 3,Zona 2,1,0,0,0,0,0,1,0,0,0,1,59,Bueno,Regular,F,2,Sociedad,26,79,8,65,33,63,74,31,8,90,6,57,94,92,60,0,1,1,1,1,0,0,0,1,Excelente,NO SUJETO DE CREDITO,[3]Baja_Propension,Cliente Finaciado,NO,SALESFORCE - CCL
799,Microempresas,Turismo,Segmento A,Segmento B,Region 3,Zona 2,1,0,1,0,0,1,0,0,1,1,0,55,Regular,Regular,F,1,Sindicatos,58,4,99,89,80,36,72,17,81,86,77,84,48,62,69,0,0,0,1,1,0,1,1,1,Excelente,CON OBSERVACIONES-EVALUABLE,[3]Baja_Propension,Cliente No Financiado,SI,
800,deudor no comercial,Comercial,Segmento B,Segmento A,Region 2,Zona 1,1,0,1,1,0,0,0,0,0,0,0,42,Malo,Bueno,M,2,Cooperativas,27,63,70,62,5,18,82,38,50,61,72,3,75,80,98,0,1,0,1,1,0,0,0,0,Malo,SUJETO DE CREDITO-EVALUABLE,[3]Baja_Propension,Cliente No Financiado,NO,
801,deudor no comercial,Comercial,Segmento B,Segmento B,Region 2,Zona 3,1,0,0,1,1,1,1,1,1,0,0,24,Bueno,Bueno,M,1,Sindicatos,17,15,95,38,33,20,2,7,53,72,15,39,35,0,35,0,0,0,1,1,0,1,1,0,Bueno,SUJETO DE CREDITO-EVALUABLE,[1]Alta_Propension,Cliente Finaciado,NO,RED SUCURSALES
802,deudor comercial,Turismo,Segmento B,Segmento A,Region 1,Zona 2,0,1,1,1,0,1,1,0,0,0,0,19,Bueno,Bueno,F,2,SPA,39,15,4,67,20,89,46,77,32,76,57,65,41,18,84,0,0,1,0,0,0,0,1,1,Excelente,CON OBSERVACIONES-EVALUABLE,[2]Media_Propension,Cliente Finaciado,SI,RED SUCURSALES
803,Microempresas,Comercial,Segmento B,Segmento B,Region 1,Zona 2,0,0,0,1,1,0,0,0,1,1,0,61,Malo,Bueno,M,2,Cooperativas,51,57,39,62,76,4,20,39,40,11,53,45,75,91,71,1,1,1,0,1,0,1,0,0,Excelente,NO SUJETO DE CREDITO,[2]Media_Propension,Castigado o Sin Producto,NO,SALESFORCE -WEB
804,deudor comercial,Turismo,Segmento B,Segmento C,Region 1,Zona 3,1,0,0,1,1,0,0,0,1,1,1,32,Regular,Malo,F,1,SPA,48,56,42,69,48,21,3,69,24,59,24,73,92,33,96,0,0,0,0,1,0,0,0,0,Bueno,SUJETO DE CREDITO-EVALUABLE,[1]Alta_Propension,Cliente Finaciado,NO,
805,Microempresas,Transporte,Segmento C,Segmento A,Region 1,Zona 3,1,1,1,1,1,1,0,1,0,0,0,25,Bueno,Bueno,F,2,Cooperativas,93,79,85,42,58,40,31,27,44,39,79,25,10,36,81,1,1,1,1,1,1,0,0,1,Bueno,SUJETO DE CREDITO-EVALUABLE,[2]Media_Propension,Castigado o Sin Producto,NO,RED SUCURSALES
806,deudor comercial,Comercial,Segmento C,Segmento C,Region 1,Zona 1,1,1,1,0,1,0,1,1,1,1,0,23,Regular,Bueno,F,1,SPA,25,77,81,72,4,14,10,96,28,47,38,99,93,24,99,1,1,0,1,1,1,1,0,0,Excelente,CON OBSERVACIONES-EVALUABLE,[3]Baja_Propension,Cliente No Financiado,SI,
807,deudor no comercial,Comercial,Segmento A,Segmento A,Region 2,Zona 1,1,1,1,1,1,0,1,0,1,0,0,32,Malo,Regular,M,1,SPA,67,7,34,60,48,25,66,55,69,65,91,70,48,49,51,0,0,0,0,1,0,0,0,0,Bueno,NO SUJETO DE CREDITO,[3]Baja_Propension,Castigado o Sin Producto,NO,SALESFORCE - CCL
808,deudor no comercial,Comercial,Segmento A,Segmento C,Region 3,Zona 1,0,1,1,1,1,0,0,1,1,1,0,69,Bueno,Bueno,M,1,Cooperativas,45,86,82,57,70,71,19,80,62,30,96,80,66,50,73,0,0,0,0,0,0,1,0,1,Bueno,NO SUJETO DE CREDITO,[1]Alta_Propension,Cliente No Financiado,SI,
809,deudor no comercial,Transporte,Segmento C,Segmento A,Region 3,Zona 1,0,1,0,0,1,1,1,1,0,0,0,23,Malo,Regular,F,2,Federacion,41,71,61,50,2,90,37,77,82,14,36,18,63,9,89,1,1,1,1,0,0,1,0,0,Bueno,SUJETO DE CREDITO-EVALUABLE,[3]Baja_Propension,Castigado o Sin Producto,SI,
810,deudor comercial,Comercial,Segmento B,Segmento C,Region 3,Zona 3,1,0,1,1,0,0,1,0,0,0,1,62,Malo,Bueno,M,1,Sociedad,53,46,77,84,27,12,72,5,71,86,59,40,7,20,76,0,0,1,1,0,0,1,1,0,Excelente,CON OBSERVACIONES-EVALUABLE,[2]Media_Propension,Cliente No Financiado,NO,VENTA CENTRALIZADA
811,deudor no comercial,Turismo,Segmento C,Segmento A,Region 3,Zona 3,1,1,0,1,1,1,1,0,1,1,0,38,Malo,Malo,M,1,Federacion,31,16,10,10,58,0,78,14,70,52,67,75,66,14,71,0,1,0,0,1,1,0,0,0,Excelente,CON OBSERVACIONES-EVALUABLE,[1]Alta_Propension,Cliente No Financiado,SI,VENTA CENTRALIZADA
812,deudor no comercial,Turismo,Segmento B,Segmento B,Region 3,Zona 3,0,1,1,1,0,1,1,1,1,1,0,71,Regular,Regular,M,1,Federacion,65,58,32,21,84,84,66,89,25,97,16,74,84,46,30,1,1,1,0,1,1,0,0,1,Bueno,SUJETO DE CREDITO-EVALUABLE,[2]Media_Propension,Cliente No Financiado,SI,SALESFORCE - CCL
813,deudor comercial,Turismo,Segmento A,Segmento B,Region 1,Zona 2,1,0,0,0,1,1,0,0,0,1,1,23,Bueno,Bueno,M,2,Sociedad,8,71,99,95,18,67,62,11,98,8,27,36,19,71,29,1,1,0,0,0,0,1,0,0,Malo,SUJETO DE CREDITO-EVALUABLE,[1]Alta_Propension,Castigado o Sin Producto,SI,RED SUCURSALES
814,deudor no comercial,Transporte,Segmento A,Segmento C,Region 2,Zona 2,1,0,0,0,0,1,1,1,1,0,0,69,Bueno,Malo,M,2,Sindicatos,29,8,75,67,45,74,82,63,10,64,93,54,51,1,45,0,0,0,1,1,0,1,1,0,Malo,CON OBSERVACIONES-EVALUABLE,[2]Media_Propension,Cliente Finaciado,NO,SALESFORCE - CCL
815,deudor comercial,Transporte,Segmento B,Segmento C,Region 2,Zona 2,0,0,0,0,0,0,1,1,1,0,1,48,Bueno,Regular,M,2,SPA,2,93,72,28,69,39,50,28,77,81,46,77,29,78,2,1,0,1,0,0,1,0,0,0,Bueno,SUJETO DE CREDITO-EVALUABLE,[1]Alta_Propension,Cliente No Financiado,SI,RED SUCURSALES
816,deudor no comercial,Comercial,Segmento A,Segmento A,Region 1,Zona 2,0,0,1,1,0,1,1,1,0,1,1,65,Regular,Malo,M,2,Sindicatos,4,71,12,94,28,4,56,22,1,78,5,47,57,78,65,1,1,1,1,1,1,1,1,1,Excelente,CON OBSERVACIONES-EVALUABLE,[1]Alta_Propension,Cliente No Financiado,SI,SALESFORCE -WEB
817,Microempresas,Turismo,Segmento C,Segmento A,Region 3,Zona 1,1,0,0,1,0,1,0,1,0,1,1,46,Malo,Bueno,M,1,SPA,68,20,7,17,1,67,33,44,15,87,71,21,58,72,93,1,0,1,1,0,0,1,0,0,Excelente,NO SUJETO DE CREDITO,[1]Alta_Propension,Castigado o Sin Producto,NO,RED SUCURSALES
818,deudor comercial,Comercial,Segmento A,Segmento C,Region 1,Zona 3,1,1,1,1,0,0,1,0,1,1,1,34,Regular,Regular,M,2,SPA,23,31,42,14,98,25,82,47,65,57,33,77,72,6,25,0,0,0,1,0,0,0,1,1,Excelente,SUJETO DE CREDITO-EVALUABLE,[2]Media_Propension,Cliente No Financiado,NO,SALESFORCE -WEB
819,deudor no comercial,Turismo,Segmento A,Segmento C,Region 3,Zona 1,0,1,1,0,0,0,0,0,1,0,1,40,Regular,Regular,M,2,Cooperativas,78,8,70,18,52,99,23,9,21,45,68,32,72,99,9,1,1,1,1,1,0,0,0,0,Malo,CON OBSERVACIONES-EVALUABLE,[3]Baja_Propension,Cliente Finaciado,NO,SALESFORCE -WEB
820,Microempresas,Transporte,Segmento C,Segmento C,Region 1,Zona 3,0,0,1,0,1,0,1,1,1,1,1,74,Regular,Regular,F,1,Federacion,54,51,22,78,48,66,96,77,55,6,8,21,62,52,80,1,0,1,1,1,1,0,1,0,Bueno,CON OBSERVACIONES-EVALUABLE,[2]Media_Propension,Cliente Finaciado,NO,VENTA CENTRALIZADA
821,deudor no comercial,Transporte,Segmento C,Segmento C,Region 1,Zona 2,0,1,1,1,0,0,0,0,0,1,1,62,Regular,Malo,F,1,SPA,18,68,39,74,83,36,66,91,81,56,8,15,50,6,77,0,0,1,1,0,1,0,1,0,Excelente,NO SUJETO DE CREDITO,[1]Alta_Propension,Cliente Finaciado,SI,VENTA CENTRALIZADA
822,Microempresas,Comercial,Segmento A,Segmento C,Region 2,Zona 1,1,1,1,1,0,0,0,1,0,1,1,38,Bueno,Regular,M,2,Federacion,9,83,16,73,93,34,56,42,91,81,99,20,27,59,89,1,1,0,1,0,1,0,0,1,Excelente,CON OBSERVACIONES-EVALUABLE,[3]Baja_Propension,Castigado o Sin Producto,NO,SALESFORCE - CCL
823,deudor no comercial,Comercial,Segmento A,Segmento C,Region 2,Zona 1,0,1,1,1,0,1,1,1,1,0,0,44,Bueno,Regular,F,1,Federacion,33,50,8,37,58,68,91,79,20,17,75,75,79,47,94,0,0,0,0,0,1,0,1,0,Excelente,NO SUJETO DE CREDITO,[1]Alta_Propension,Castigado o Sin Producto,SI,SALESFORCE - CCL
824,Microempresas,Comercial,Segmento B,Segmento C,Region 3,Zona 3,1,1,0,1,1,1,0,1,0,1,1,45,Regular,Regular,M,2,Sindicatos,31,29,8,52,52,42,86,72,46,85,32,22,1,30,21,0,0,1,0,1,0,0,0,0,Bueno,CON OBSERVACIONES-EVALUABLE,[3]Baja_Propension,Castigado o Sin Producto,SI,SALESFORCE -WEB
825,Microempresas,Comercial,Segmento B,Segmento A,Region 3,Zona 2,1,0,0,0,0,0,0,0,0,1,0,65,Malo,Regular,M,1,Federacion,29,48,22,77,31,96,35,17,55,19,63,98,22,3,8,1,0,0,1,0,0,0,1,0,Excelente,SUJETO DE CREDITO-EVALUABLE,[3]Baja_Propension,Castigado o Sin Producto,SI,RED SUCURSALES
826,deudor no comercial,Turismo,Segmento C,Segmento B,Region 1,Zona 3,1,0,1,1,1,1,1,1,1,1,1,57,Regular,Malo,F,1,Sociedad,43,14,40,57,95,46,6,87,55,35,54,9,64,25,15,0,1,0,1,1,0,0,0,1,Malo,SUJETO DE CREDITO-EVALUABLE,[1]Alta_Propension,Cliente No Financiado,NO,RED SUCURSALES
827,Microempresas,Turismo,Segmento A,Segmento C,Region 3,Zona 2,0,0,0,1,0,0,0,0,1,0,1,18,Malo,Regular,M,2,Sociedad,60,95,9,20,10,23,28,37,66,89,36,65,65,40,85,1,0,0,1,0,1,0,0,0,Bueno,NO SUJETO DE CREDITO,[2]Media_Propension,Castigado o Sin Producto,SI,VENTA CENTRALIZADA
828,deudor comercial,Transporte,Segmento C,Segmento B,Region 2,Zona 1,0,1,0,1,0,1,0,1,1,0,0,43,Bueno,Malo,F,2,Sindicatos,51,14,66,39,5,56,88,39,64,16,18,19,42,60,99,1,1,0,1,0,1,0,0,0,Excelente,CON OBSERVACIONES-EVALUABLE,[1]Alta_Propension,Castigado o Sin Producto,SI,SALESFORCE - CCL
829,deudor comercial,Transporte,Segmento C,Segmento B,Region 1,Zona 2,1,1,1,1,1,0,0,1,0,0,0,58,Regular,Bueno,F,2,Sindicatos,9,17,37,21,0,24,67,23,92,27,49,20,73,7,0,0,0,0,0,1,0,1,0,0,Bueno,CON OBSERVACIONES-EVALUABLE,[2]Media_Propension,Cliente Finaciado,SI,VENTA CENTRALIZADA
830,deudor comercial,Turismo,Segmento B,Segmento C,Region 3,Zona 2,0,1,1,1,1,1,0,0,1,1,0,56,Bueno,Malo,M,1,Sindicatos,16,41,36,1,93,22,40,96,36,85,16,83,52,45,51,0,0,1,1,1,1,1,1,1,Malo,NO SUJETO DE CREDITO,[2]Media_Propension,Cliente Finaciado,NO,SALESFORCE -WEB
831,Microempresas,Transporte,Segmento A,Segmento B,Region 1,Zona 1,1,0,0,0,0,0,1,1,1,1,1,50,Regular,Malo,M,2,SPA,31,7,91,0,40,79,81,51,92,19,41,48,57,0,55,0,0,0,0,0,1,0,0,0,Excelente,SUJETO DE CREDITO-EVALUABLE,[2]Media_Propension,Cliente No Financiado,NO,RED SUCURSALES
832,deudor comercial,Comercial,Segmento B,Segmento C,Region 2,Zona 1,0,1,1,0,1,1,0,0,0,0,0,67,Bueno,Regular,F,1,Sindicatos,67,45,86,24,83,81,51,35,25,16,93,31,14,95,99,0,1,0,0,1,0,0,1,1,Malo,SUJETO DE CREDITO-EVALUABLE,[2]Media_Propension,Cliente No Financiado,NO,SALESFORCE - CCL
833,Microempresas,Transporte,Segmento A,Segmento B,Region 1,Zona 3,0,1,1,1,1,0,1,1,1,1,0,35,Malo,Malo,M,1,Sociedad,67,15,79,41,51,86,11,78,3,34,91,19,87,27,12,1,1,1,1,1,0,1,0,0,Malo,CON OBSERVACIONES-EVALUABLE,[1]Alta_Propension,Castigado o Sin Producto,NO,SALESFORCE -WEB
834,Microempresas,Comercial,Segmento A,Segmento C,Region 1,Zona 2,0,1,0,1,0,1,0,0,0,0,0,30,Malo,Regular,M,1,Sociedad,48,78,93,24,98,22,1,83,28,62,12,23,40,80,28,1,0,0,1,0,1,0,1,0,Excelente,SUJETO DE CREDITO-EVALUABLE,[2]Media_Propension,Cliente No Financiado,SI,SALESFORCE - CCL
835,deudor comercial,Transporte,Segmento B,Segmento A,Region 1,Zona 3,0,0,0,1,1,1,1,0,0,1,0,38,Bueno,Bueno,F,1,Cooperativas,12,32,4,72,83,56,17,9,44,26,89,79,8,4,1,1,0,0,1,0,0,0,0,0,Malo,NO SUJETO DE CREDITO,[1]Alta_Propension,Cliente No Financiado,SI,
836,Microempresas,Transporte,Segmento B,Segmento B,Region 3,Zona 3,1,0,0,1,1,0,1,1,1,1,1,54,Bueno,Bueno,M,1,Cooperativas,4,36,48,3,5,76,71,26,37,12,65,31,75,62,62,1,0,1,1,0,0,0,0,1,Bueno,NO SUJETO DE CREDITO,[2]Media_Propension,Cliente No Financiado,SI,SALESFORCE -WEB
837,deudor no comercial,Comercial,Segmento B,Segmento A,Region 2,Zona 2,1,0,1,1,1,0,1,0,1,1,1,35,Malo,Bueno,F,1,Federacion,35,45,59,53,44,91,38,38,16,45,37,96,88,26,60,0,0,0,0,0,1,1,0,0,Bueno,SUJETO DE CREDITO-EVALUABLE,[1]Alta_Propension,Castigado o Sin Producto,NO,SALESFORCE -WEB
838,Microempresas,Comercial,Segmento C,Segmento A,Region 1,Zona 2,0,0,0,0,1,0,1,1,1,0,1,62,Bueno,Malo,M,1,Sindicatos,1,66,16,87,92,16,44,12,76,12,37,35,20,77,49,1,1,0,0,1,0,1,1,1,Excelente,SUJETO DE CREDITO-EVALUABLE,[2]Media_Propension,Cliente Finaciado,SI,
839,Microempresas,Transporte,Segmento A,Segmento B,Region 1,Zona 2,0,1,0,0,0,0,1,1,0,1,1,30,Regular,Malo,M,2,Sindicatos,54,51,9,30,44,6,15,67,41,8,79,11,5,61,16,1,1,1,1,0,0,1,1,1,Bueno,CON OBSERVACIONES-EVALUABLE,[1]Alta_Propension,Castigado o Sin Producto,SI,RED SUCURSALES
840,deudor no comercial,Comercial,Segmento C,Segmento B,Region 3,Zona 1,1,1,1,1,0,0,0,1,1,0,1,50,Regular,Malo,M,2,Cooperativas,64,97,97,8,12,10,13,58,80,90,16,56,5,67,48,1,1,0,1,1,0,1,0,0,Bueno,CON OBSERVACIONES-EVALUABLE,[2]Media_Propension,Cliente No Financiado,SI,RED SUCURSALES
841,deudor comercial,Comercial,Segmento B,Segmento A,Region 2,Zona 3,0,1,0,1,1,0,0,1,0,1,1,45,Regular,Malo,F,2,Sociedad,72,41,65,48,93,31,47,97,88,80,90,16,48,55,96,0,1,0,0,1,0,0,0,1,Malo,SUJETO DE CREDITO-EVALUABLE,[3]Baja_Propension,Cliente Finaciado,NO,SALESFORCE - CCL
842,deudor comercial,Turismo,Segmento B,Segmento A,Region 1,Zona 1,0,0,0,0,1,0,1,1,0,0,1,42,Regular,Malo,F,1,Sindicatos,70,7,25,49,12,77,71,17,78,27,67,36,3,92,1,1,0,1,1,0,0,0,1,1,Malo,SUJETO DE CREDITO-EVALUABLE,[1]Alta_Propension,Cliente No Financiado,SI,SALESFORCE - CCL
843,Microempresas,Transporte,Segmento B,Segmento B,Region 3,Zona 2,0,0,1,0,0,0,1,0,1,1,1,43,Malo,Bueno,F,1,SPA,73,40,7,74,43,34,77,21,42,64,83,0,31,81,59,1,0,1,1,0,1,0,1,0,Bueno,CON OBSERVACIONES-EVALUABLE,[3]Baja_Propension,Cliente Finaciado,SI,
844,deudor comercial,Transporte,Segmento A,Segmento A,Region 1,Zona 1,0,0,0,1,1,0,0,0,1,0,1,20,Bueno,Regular,M,1,Federacion,6,82,1,22,36,37,44,37,44,44,87,77,13,91,83,0,1,0,1,0,1,0,0,1,Malo,CON OBSERVACIONES-EVALUABLE,[3]Baja_Propension,Castigado o Sin Producto,SI,VENTA CENTRALIZADA
845,deudor comercial,Transporte,Segmento C,Segmento B,Region 2,Zona 2,1,1,0,0,0,0,0,1,0,0,1,54,Regular,Regular,F,2,Cooperativas,92,34,92,46,58,52,79,28,45,86,85,65,78,99,19,1,1,1,0,1,1,0,0,1,Bueno,SUJETO DE CREDITO-EVALUABLE,[1]Alta_Propension,Cliente No Financiado,SI,SALESFORCE -WEB
846,deudor no comercial,Comercial,Segmento A,Segmento A,Region 2,Zona 2,0,0,0,1,1,1,1,1,0,1,1,56,Regular,Bueno,F,2,Sociedad,63,33,50,32,89,60,93,12,96,13,82,9,23,12,10,1,0,1,1,0,0,1,1,0,Excelente,SUJETO DE CREDITO-EVALUABLE,[2]Media_Propension,Castigado o Sin Producto,SI,RED SUCURSALES
847,deudor comercial,Comercial,Segmento C,Segmento C,Region 3,Zona 2,0,0,1,1,0,1,1,0,1,1,0,48,Malo,Malo,M,2,Sindicatos,48,4,37,10,56,22,92,12,73,34,25,94,96,30,35,0,1,0,1,0,0,1,0,1,Bueno,SUJETO DE CREDITO-EVALUABLE,[3]Baja_Propension,Cliente No Financiado,SI,RED SUCURSALES
848,Microempresas,Comercial,Segmento C,Segmento B,Region 2,Zona 3,0,0,1,1,1,1,1,1,0,1,0,47,Bueno,Bueno,M,1,Sociedad,50,7,96,70,71,91,30,41,37,63,53,65,23,44,51,0,0,1,1,1,0,0,1,0,Malo,CON OBSERVACIONES-EVALUABLE,[1]Alta_Propension,Cliente No Financiado,NO,SALESFORCE - CCL
849,Microempresas,Turismo,Segmento A,Segmento B,Region 3,Zona 2,1,1,1,0,1,0,1,0,1,0,1,59,Regular,Bueno,M,1,Sociedad,36,92,36,6,83,24,91,62,56,60,67,94,64,46,97,1,1,1,1,0,1,0,0,0,Excelente,CON OBSERVACIONES-EVALUABLE,[1]Alta_Propension,Castigado o Sin Producto,SI,
850,deudor comercial,Comercial,Segmento B,Segmento B,Region 3,Zona 2,1,1,1,1,0,0,1,1,0,0,1,50,Bueno,Bueno,M,1,Sindicatos,29,76,18,37,95,83,75,33,35,71,15,57,23,52,83,1,1,1,1,0,1,1,0,0,Bueno,SUJETO DE CREDITO-EVALUABLE,[1]Alta_Propension,Castigado o Sin Producto,NO,SALESFORCE -WEB
851,deudor no comercial,Comercial,Segmento B,Segmento C,Region 1,Zona 3,0,1,1,0,0,1,1,0,1,1,1,39,Malo,Bueno,F,1,Sociedad,1,0,70,29,71,44,0,63,39,87,53,64,70,47,35,0,1,0,0,1,0,0,0,1,Excelente,CON OBSERVACIONES-EVALUABLE,[1]Alta_Propension,Castigado o Sin Producto,NO,VENTA CENTRALIZADA
852,deudor no comercial,Turismo,Segmento C,Segmento C,Region 1,Zona 3,0,1,1,0,1,0,0,1,0,0,0,23,Bueno,Regular,M,2,Sociedad,60,47,96,56,89,82,73,81,70,41,57,35,84,89,93,0,1,0,0,1,0,0,1,0,Bueno,NO SUJETO DE CREDITO,[1]Alta_Propension,Cliente No Financiado,NO,SALESFORCE -WEB
853,deudor comercial,Comercial,Segmento B,Segmento A,Region 2,Zona 1,0,0,0,1,0,0,1,0,0,0,0,22,Bueno,Malo,M,2,Sociedad,85,93,39,80,50,81,4,64,75,39,79,4,51,31,5,0,0,1,0,0,0,0,0,1,Bueno,CON OBSERVACIONES-EVALUABLE,[2]Media_Propension,Cliente Finaciado,NO,SALESFORCE -WEB
854,deudor comercial,Transporte,Segmento C,Segmento A,Region 2,Zona 1,0,0,1,0,0,1,1,0,1,0,1,40,Regular,Regular,M,2,SPA,35,55,49,6,56,40,43,98,87,19,44,86,88,59,39,0,1,0,1,1,0,1,1,1,Excelente,NO SUJETO DE CREDITO,[1]Alta_Propension,Cliente Finaciado,SI,RED SUCURSALES
855,Microempresas,Transporte,Segmento C,Segmento A,Region 1,Zona 3,1,0,1,1,1,1,1,0,0,1,0,56,Regular,Malo,F,1,SPA,88,27,57,10,18,60,68,47,61,45,63,94,21,49,72,0,1,1,1,0,0,1,1,0,Malo,NO SUJETO DE CREDITO,[2]Media_Propension,Cliente No Financiado,NO,SALESFORCE -WEB
856,deudor comercial,Transporte,Segmento A,Segmento A,Region 1,Zona 1,0,0,1,1,1,1,0,1,0,1,1,61,Malo,Malo,F,2,Sociedad,90,38,80,41,98,79,77,27,50,26,35,19,28,89,18,0,0,1,0,1,1,1,0,1,Malo,SUJETO DE CREDITO-EVALUABLE,[2]Media_Propension,Cliente No Financiado,SI,SALESFORCE -WEB
857,deudor no comercial,Comercial,Segmento C,Segmento C,Region 2,Zona 2,1,1,0,0,1,1,1,0,0,0,1,31,Bueno,Regular,F,1,SPA,42,21,23,79,61,72,56,38,83,17,64,62,27,25,53,1,1,1,0,0,0,0,1,1,Excelente,CON OBSERVACIONES-EVALUABLE,[3]Baja_Propension,Cliente No Financiado,SI,RED SUCURSALES
858,deudor no comercial,Turismo,Segmento B,Segmento C,Region 1,Zona 1,1,0,1,0,0,0,0,0,0,0,1,23,Malo,Bueno,M,2,Federacion,73,19,66,35,37,67,1,86,42,43,6,98,84,80,8,0,1,0,0,1,0,0,0,0,Excelente,SUJETO DE CREDITO-EVALUABLE,[1]Alta_Propension,Castigado o Sin Producto,SI,VENTA CENTRALIZADA
859,Microempresas,Turismo,Segmento B,Segmento B,Region 3,Zona 1,0,0,1,0,0,0,0,0,1,1,1,54,Regular,Bueno,M,2,SPA,26,63,78,20,71,38,92,53,6,73,13,46,6,22,75,0,0,1,0,1,1,0,0,1,Bueno,SUJETO DE CREDITO-EVALUABLE,[3]Baja_Propension,Cliente No Financiado,SI,SALESFORCE - CCL
860,deudor comercial,Turismo,Segmento C,Segmento A,Region 3,Zona 2,0,0,1,0,0,1,0,1,1,0,1,25,Bueno,Regular,F,1,Federacion,45,5,76,66,25,80,5,3,28,36,77,43,49,78,89,0,0,1,0,1,0,0,1,0,Bueno,NO SUJETO DE CREDITO,[1]Alta_Propension,Castigado o Sin Producto,SI,RED SUCURSALES
861,deudor no comercial,Transporte,Segmento B,Segmento A,Region 1,Zona 1,0,1,1,1,1,0,0,1,1,1,1,45,Bueno,Regular,M,2,Sociedad,91,45,4,7,9,35,76,32,49,43,41,77,50,28,20,1,0,1,0,1,1,0,0,0,Excelente,NO SUJETO DE CREDITO,[1]Alta_Propension,Cliente Finaciado,NO,RED SUCURSALES
862,Microempresas,Comercial,Segmento C,Segmento A,Region 3,Zona 2,1,0,1,1,1,1,0,1,1,0,1,38,Malo,Regular,F,2,Sindicatos,27,3,4,71,44,51,35,64,34,64,21,97,41,71,34,0,1,1,0,0,0,0,0,1,Excelente,CON OBSERVACIONES-EVALUABLE,[2]Media_Propension,Cliente Finaciado,SI,RED SUCURSALES
863,deudor comercial,Turismo,Segmento B,Segmento B,Region 1,Zona 3,0,0,1,0,1,0,1,0,1,0,1,43,Bueno,Bueno,M,1,Sociedad,76,98,13,49,95,49,25,84,7,77,27,49,9,84,80,0,1,0,0,0,0,1,1,0,Bueno,CON OBSERVACIONES-EVALUABLE,[3]Baja_Propension,Cliente No Financiado,NO,SALESFORCE -WEB
864,Microempresas,Turismo,Segmento A,Segmento C,Region 1,Zona 3,0,1,1,0,1,1,1,0,0,1,0,47,Bueno,Malo,F,2,Sindicatos,35,3,10,57,24,33,97,48,50,80,56,73,97,11,13,0,0,1,1,0,1,1,0,1,Excelente,CON OBSERVACIONES-EVALUABLE,[3]Baja_Propension,Cliente Finaciado,NO,VENTA CENTRALIZADA
865,deudor comercial,Comercial,Segmento B,Segmento A,Region 1,Zona 1,0,0,0,0,0,0,0,0,1,0,0,60,Malo,Malo,M,2,SPA,42,28,14,43,99,57,22,24,68,40,66,84,94,73,11,1,0,1,1,1,0,1,1,1,Excelente,NO SUJETO DE CREDITO,[3]Baja_Propension,Cliente Finaciado,NO,VENTA CENTRALIZADA
866,Microempresas,Turismo,Segmento A,Segmento A,Region 1,Zona 1,1,0,1,1,1,0,1,0,0,1,1,31,Regular,Bueno,M,1,Sindicatos,65,14,34,26,33,76,53,35,0,91,4,10,60,10,0,1,0,1,0,1,1,1,0,1,Bueno,CON OBSERVACIONES-EVALUABLE,[2]Media_Propension,Cliente No Financiado,NO,RED SUCURSALES
867,deudor no comercial,Turismo,Segmento C,Segmento B,Region 3,Zona 2,0,0,1,0,0,0,0,1,1,1,1,24,Bueno,Bueno,F,2,SPA,62,1,51,80,14,52,5,61,96,36,32,28,83,0,79,1,0,1,0,1,1,0,0,0,Excelente,CON OBSERVACIONES-EVALUABLE,[1]Alta_Propension,Cliente No Financiado,NO,SALESFORCE -WEB
868,deudor comercial,Transporte,Segmento B,Segmento C,Region 1,Zona 2,1,0,0,1,1,0,1,0,0,1,0,50,Regular,Bueno,M,2,SPA,20,53,72,52,84,66,65,47,67,80,65,31,77,80,14,0,1,1,1,1,0,0,0,1,Malo,NO SUJETO DE CREDITO,[1]Alta_Propension,Cliente No Financiado,NO,
869,deudor no comercial,Comercial,Segmento B,Segmento C,Region 2,Zona 1,1,0,0,0,0,0,0,1,0,0,0,50,Malo,Malo,F,2,SPA,55,42,29,70,68,78,19,50,79,50,24,86,20,1,31,0,0,1,1,0,1,1,0,0,Excelente,NO SUJETO DE CREDITO,[1]Alta_Propension,Castigado o Sin Producto,NO,VENTA CENTRALIZADA
870,Microempresas,Turismo,Segmento A,Segmento A,Region 3,Zona 1,1,1,1,0,0,0,1,1,0,0,0,54,Regular,Bueno,F,2,SPA,23,11,96,96,31,34,40,50,46,18,72,54,91,15,17,0,0,1,0,0,0,0,0,0,Excelente,SUJETO DE CREDITO-EVALUABLE,[3]Baja_Propension,Cliente Finaciado,SI,VENTA CENTRALIZADA
871,Microempresas,Transporte,Segmento A,Segmento C,Region 1,Zona 2,1,0,1,0,1,1,0,0,1,1,0,57,Bueno,Bueno,M,1,Federacion,51,83,45,97,7,26,21,48,17,92,33,82,79,74,27,0,1,1,1,1,1,1,1,0,Bueno,CON OBSERVACIONES-EVALUABLE,[2]Media_Propension,Cliente No Financiado,NO,SALESFORCE - CCL
872,Microempresas,Transporte,Segmento C,Segmento C,Region 2,Zona 2,0,1,0,0,1,0,0,1,0,0,0,32,Malo,Malo,F,2,Federacion,45,79,99,39,89,68,82,79,83,90,35,91,73,84,4,0,1,0,1,0,1,0,1,0,Malo,SUJETO DE CREDITO-EVALUABLE,[1]Alta_Propension,Cliente Finaciado,SI,RED SUCURSALES
873,deudor comercial,Comercial,Segmento A,Segmento C,Region 3,Zona 1,1,1,0,1,0,0,0,0,0,1,0,35,Bueno,Bueno,M,2,Cooperativas,15,89,83,95,6,71,53,21,12,28,13,49,53,59,1,1,1,0,1,0,0,1,1,0,Malo,NO SUJETO DE CREDITO,[1]Alta_Propension,Castigado o Sin Producto,NO,VENTA CENTRALIZADA
874,deudor no comercial,Turismo,Segmento B,Segmento C,Region 2,Zona 3,1,1,0,1,1,1,0,0,0,0,1,41,Bueno,Regular,M,2,Sociedad,71,13,83,7,56,66,41,10,51,80,57,78,82,31,61,1,0,0,0,1,0,0,1,1,Bueno,CON OBSERVACIONES-EVALUABLE,[2]Media_Propension,Castigado o Sin Producto,NO,VENTA CENTRALIZADA
875,deudor comercial,Transporte,Segmento B,Segmento C,Region 3,Zona 2,1,1,1,0,0,0,1,0,0,0,0,49,Bueno,Bueno,M,2,Cooperativas,63,65,92,23,56,58,48,5,4,99,88,7,7,65,71,1,0,0,0,0,0,1,1,1,Bueno,CON OBSERVACIONES-EVALUABLE,[2]Media_Propension,Cliente No Financiado,SI,SALESFORCE -WEB
876,deudor comercial,Transporte,Segmento A,Segmento A,Region 3,Zona 3,0,0,0,1,1,0,1,1,1,1,1,63,Bueno,Malo,F,2,Sociedad,60,13,75,11,46,41,60,29,89,60,12,63,53,90,37,1,1,1,0,0,1,0,0,1,Excelente,NO SUJETO DE CREDITO,[2]Media_Propension,Castigado o Sin Producto,SI,RED SUCURSALES
877,deudor comercial,Comercial,Segmento C,Segmento B,Region 2,Zona 1,0,0,1,1,0,0,1,0,1,0,0,33,Malo,Regular,F,2,Cooperativas,63,38,30,85,9,53,46,93,69,0,33,63,15,3,98,0,1,0,1,0,1,0,1,0,Excelente,NO SUJETO DE CREDITO,[2]Media_Propension,Cliente Finaciado,NO,SALESFORCE - CCL
878,deudor no comercial,Turismo,Segmento B,Segmento C,Region 2,Zona 1,0,1,0,1,1,0,0,0,1,0,0,66,Malo,Regular,M,1,Cooperativas,56,36,14,61,18,35,66,54,47,91,7,66,68,41,51,1,1,1,0,0,1,1,0,0,Excelente,SUJETO DE CREDITO-EVALUABLE,[3]Baja_Propension,Cliente No Financiado,NO,SALESFORCE - CCL
879,deudor comercial,Turismo,Segmento C,Segmento C,Region 3,Zona 1,1,0,0,1,1,0,1,0,0,1,0,55,Bueno,Bueno,M,1,SPA,95,87,42,50,81,13,6,94,40,87,94,76,79,18,63,0,1,1,1,1,1,1,0,0,Malo,CON OBSERVACIONES-EVALUABLE,[3]Baja_Propension,Castigado o Sin Producto,NO,SALESFORCE - CCL
880,deudor no comercial,Turismo,Segmento A,Segmento B,Region 2,Zona 2,1,0,1,0,0,0,0,0,0,1,0,63,Regular,Bueno,M,1,Sindicatos,35,16,22,90,7,32,17,18,71,99,70,47,98,2,72,1,0,0,1,0,1,0,0,1,Malo,SUJETO DE CREDITO-EVALUABLE,[3]Baja_Propension,Cliente Finaciado,SI,
881,deudor no comercial,Turismo,Segmento A,Segmento B,Region 3,Zona 1,1,0,0,1,1,0,1,0,0,0,0,69,Malo,Bueno,F,1,Federacion,86,77,31,23,2,68,88,72,81,89,78,10,61,75,21,0,1,1,0,0,0,0,0,1,Bueno,CON OBSERVACIONES-EVALUABLE,[2]Media_Propension,Cliente No Financiado,SI,SALESFORCE -WEB
882,Microempresas,Transporte,Segmento B,Segmento B,Region 2,Zona 2,1,1,0,1,1,0,0,0,1,0,0,38,Bueno,Malo,M,2,Sindicatos,87,82,65,45,27,25,5,50,15,75,62,55,62,77,50,0,0,1,1,0,1,1,1,1,Bueno,CON OBSERVACIONES-EVALUABLE,[1]Alta_Propension,Cliente No Financiado,SI,SALESFORCE - CCL
883,Microempresas,Transporte,Segmento C,Segmento C,Region 2,Zona 3,0,1,1,1,0,0,0,0,0,1,0,62,Bueno,Bueno,M,1,Sociedad,28,24,98,32,59,69,90,50,84,77,83,92,52,65,49,0,0,0,1,1,0,0,0,1,Bueno,NO SUJETO DE CREDITO,[2]Media_Propension,Castigado o Sin Producto,SI,SALESFORCE -WEB
884,deudor comercial,Turismo,Segmento A,Segmento A,Region 2,Zona 1,0,1,1,1,1,1,0,1,0,0,1,43,Regular,Regular,F,1,Sociedad,76,36,88,94,90,70,97,94,31,79,84,11,60,20,47,1,1,0,1,1,0,0,1,0,Excelente,NO SUJETO DE CREDITO,[3]Baja_Propension,Castigado o Sin Producto,SI,
885,deudor comercial,Turismo,Segmento B,Segmento A,Region 3,Zona 1,0,0,0,0,1,1,0,0,0,1,1,65,Bueno,Bueno,M,2,Federacion,37,8,27,57,75,83,75,38,53,56,65,4,97,2,33,1,1,1,0,0,1,1,1,1,Bueno,NO SUJETO DE CREDITO,[2]Media_Propension,Castigado o Sin Producto,NO,SALESFORCE -WEB
886,deudor no comercial,Transporte,Segmento A,Segmento A,Region 1,Zona 2,0,1,1,0,1,0,1,1,1,0,0,28,Regular,Malo,M,2,Federacion,54,73,96,85,18,3,37,99,36,87,98,74,0,85,51,1,0,1,0,1,1,1,0,1,Malo,NO SUJETO DE CREDITO,[3]Baja_Propension,Castigado o Sin Producto,NO,SALESFORCE -WEB
887,deudor comercial,Turismo,Segmento B,Segmento B,Region 2,Zona 1,1,1,0,1,1,1,0,1,1,1,0,31,Bueno,Malo,M,1,SPA,94,81,17,98,85,30,99,88,65,91,59,38,74,52,57,0,0,0,0,0,1,0,0,0,Bueno,NO SUJETO DE CREDITO,[2]Media_Propension,Castigado o Sin Producto,NO,
888,deudor no comercial,Comercial,Segmento B,Segmento B,Region 2,Zona 3,1,1,1,0,0,1,1,1,1,0,1,25,Malo,Malo,M,2,Cooperativas,75,27,29,36,26,38,18,41,95,42,32,3,7,95,29,0,0,0,0,0,0,1,1,1,Bueno,SUJETO DE CREDITO-EVALUABLE,[3]Baja_Propension,Cliente No Financiado,NO,SALESFORCE -WEB
889,deudor comercial,Comercial,Segmento C,Segmento C,Region 3,Zona 2,0,1,0,1,0,0,0,1,0,1,0,24,Malo,Regular,F,2,Sociedad,48,79,64,76,60,80,93,26,40,57,91,92,95,37,93,0,1,1,1,1,0,0,1,1,Excelente,SUJETO DE CREDITO-EVALUABLE,[3]Baja_Propension,Cliente Finaciado,SI,RED SUCURSALES
890,deudor no comercial,Transporte,Segmento B,Segmento B,Region 3,Zona 2,1,1,1,1,0,0,0,1,1,0,0,31,Regular,Malo,F,2,SPA,27,77,93,44,81,71,29,39,39,23,61,37,11,82,29,1,1,1,0,1,1,0,1,1,Excelente,NO SUJETO DE CREDITO,[1]Alta_Propension,Cliente No Financiado,SI,RED SUCURSALES
891,Microempresas,Transporte,Segmento B,Segmento C,Region 2,Zona 1,1,1,0,0,1,0,1,1,1,1,0,64,Malo,Bueno,F,1,Cooperativas,27,52,49,74,29,24,77,89,18,32,44,84,29,74,48,0,0,1,1,1,1,1,0,1,Malo,SUJETO DE CREDITO-EVALUABLE,[3]Baja_Propension,Cliente No Financiado,SI,SALESFORCE -WEB
892,deudor comercial,Comercial,Segmento B,Segmento B,Region 3,Zona 1,0,1,1,1,1,1,0,0,0,0,1,36,Regular,Regular,M,2,Sindicatos,21,6,15,40,75,47,86,23,10,92,70,44,8,58,31,0,0,1,0,0,1,1,1,1,Excelente,NO SUJETO DE CREDITO,[1]Alta_Propension,Castigado o Sin Producto,SI,SALESFORCE -WEB
893,deudor comercial,Turismo,Segmento C,Segmento C,Region 3,Zona 3,1,1,0,0,1,0,0,1,1,1,1,56,Malo,Malo,M,2,Sindicatos,93,44,44,15,9,1,22,50,58,0,38,22,45,34,78,0,0,0,1,0,1,1,0,1,Bueno,SUJETO DE CREDITO-EVALUABLE,[3]Baja_Propension,Cliente Finaciado,NO,
894,Microempresas,Turismo,Segmento C,Segmento B,Region 1,Zona 2,0,0,1,0,0,1,1,0,0,1,0,29,Bueno,Malo,M,1,Cooperativas,54,30,14,28,82,27,16,35,38,44,18,1,63,2,4,0,0,0,0,1,1,0,0,0,Malo,NO SUJETO DE CREDITO,[3]Baja_Propension,Cliente No Financiado,SI,SALESFORCE -WEB
895,deudor comercial,Turismo,Segmento C,Segmento C,Region 2,Zona 3,1,1,1,0,0,1,0,1,0,0,1,65,Regular,Bueno,F,1,Sociedad,38,64,0,61,2,7,18,2,43,40,69,11,23,76,42,1,0,0,1,0,0,0,1,0,Malo,CON OBSERVACIONES-EVALUABLE,[2]Media_Propension,Cliente Finaciado,SI,RED SUCURSALES
896,deudor no comercial,Turismo,Segmento A,Segmento C,Region 1,Zona 1,0,0,1,0,0,1,1,0,1,1,1,72,Malo,Regular,M,2,Sindicatos,62,30,6,33,20,14,44,87,70,13,54,60,49,24,82,1,0,1,1,1,0,1,0,0,Bueno,SUJETO DE CREDITO-EVALUABLE,[2]Media_Propension,Castigado o Sin Producto,SI,
897,deudor no comercial,Transporte,Segmento B,Segmento A,Region 2,Zona 2,0,1,0,1,1,1,0,1,1,0,1,28,Regular,Regular,F,1,Cooperativas,88,27,49,9,87,62,42,86,96,55,87,31,31,42,27,1,1,0,0,0,1,0,0,1,Bueno,SUJETO DE CREDITO-EVALUABLE,[3]Baja_Propension,Cliente No Financiado,NO,SALESFORCE -WEB
898,deudor comercial,Turismo,Segmento C,Segmento C,Region 2,Zona 2,1,1,1,1,1,1,0,0,0,0,1,30,Malo,Malo,F,1,Sociedad,59,56,7,45,59,98,51,47,56,4,76,58,19,13,6,1,0,0,1,0,1,0,1,0,Excelente,SUJETO DE CREDITO-EVALUABLE,[3]Baja_Propension,Castigado o Sin Producto,NO,SALESFORCE - CCL
899,Microempresas,Transporte,Segmento B,Segmento B,Region 2,Zona 1,1,1,0,1,0,0,1,1,0,0,0,65,Malo,Regular,F,2,Sindicatos,66,69,87,64,92,86,0,23,32,62,45,17,2,27,41,0,0,0,1,0,0,0,0,0,Excelente,NO SUJETO DE CREDITO,[2]Media_Propension,Cliente Finaciado,NO,RED SUCURSALES
900,deudor no comercial,Comercial,Segmento A,Segmento A,Region 1,Zona 3,0,1,1,0,0,0,0,1,0,1,1,61,Malo,Regular,F,2,Cooperativas,89,17,37,26,57,69,41,2,38,47,77,53,26,81,78,1,0,0,1,0,0,0,1,0,Bueno,CON OBSERVACIONES-EVALUABLE,[3]Baja_Propension,Cliente No Financiado,NO,SALESFORCE -WEB
901,deudor comercial,Transporte,Segmento C,Segmento C,Region 2,Zona 3,1,1,0,0,1,0,0,0,0,0,0,21,Regular,Regular,F,1,Sindicatos,19,11,28,95,72,74,21,56,54,9,33,1,66,23,10,1,1,0,0,1,0,0,0,1,Bueno,CON OBSERVACIONES-EVALUABLE,[2]Media_Propension,Cliente No Financiado,NO,RED SUCURSALES
902,deudor comercial,Comercial,Segmento C,Segmento C,Region 2,Zona 3,0,0,1,1,1,0,0,0,1,0,0,37,Regular,Regular,F,2,Sindicatos,81,21,13,30,31,74,17,91,93,92,75,12,68,8,27,1,0,1,0,0,1,0,0,1,Bueno,CON OBSERVACIONES-EVALUABLE,[3]Baja_Propension,Cliente Finaciado,NO,RED SUCURSALES
903,deudor comercial,Transporte,Segmento A,Segmento B,Region 1,Zona 1,0,1,1,0,0,1,1,1,1,1,1,54,Regular,Regular,F,1,Federacion,18,60,94,87,99,22,34,89,34,74,68,40,87,53,27,1,0,0,0,0,0,1,0,1,Bueno,CON OBSERVACIONES-EVALUABLE,[1]Alta_Propension,Cliente Finaciado,NO,
904,deudor comercial,Comercial,Segmento C,Segmento B,Region 2,Zona 1,1,1,0,0,1,0,1,1,1,0,1,57,Bueno,Malo,M,2,Cooperativas,56,39,45,26,11,41,98,18,71,15,10,5,42,80,87,0,1,0,0,1,0,0,1,0,Malo,CON OBSERVACIONES-EVALUABLE,[3]Baja_Propension,Castigado o Sin Producto,NO,VENTA CENTRALIZADA
905,Microempresas,Comercial,Segmento C,Segmento C,Region 2,Zona 2,1,1,0,1,1,1,1,0,1,0,1,64,Bueno,Malo,M,1,Federacion,63,29,38,97,34,92,91,23,46,93,79,78,3,97,23,0,1,0,0,1,1,0,0,0,Excelente,CON OBSERVACIONES-EVALUABLE,[2]Media_Propension,Cliente Finaciado,SI,VENTA CENTRALIZADA
906,deudor comercial,Comercial,Segmento B,Segmento A,Region 1,Zona 1,1,1,0,1,0,1,1,0,0,0,1,58,Regular,Regular,M,1,Federacion,79,85,40,90,28,54,2,23,20,35,29,62,33,53,27,1,1,1,1,0,1,1,1,0,Bueno,CON OBSERVACIONES-EVALUABLE,[3]Baja_Propension,Cliente No Financiado,SI,VENTA CENTRALIZADA
907,deudor no comercial,Transporte,Segmento B,Segmento C,Region 1,Zona 3,1,0,1,0,0,0,1,0,1,0,1,29,Malo,Malo,F,1,Federacion,56,2,62,8,34,40,83,25,54,5,78,55,72,22,49,0,0,1,1,0,0,0,0,0,Excelente,NO SUJETO DE CREDITO,[2]Media_Propension,Cliente Finaciado,NO,SALESFORCE - CCL
908,deudor no comercial,Transporte,Segmento A,Segmento C,Region 3,Zona 1,1,0,0,0,1,0,0,1,1,0,0,29,Regular,Bueno,M,2,Sociedad,93,26,7,83,76,61,20,46,2,5,77,30,90,71,9,1,1,1,1,1,0,1,1,1,Bueno,NO SUJETO DE CREDITO,[2]Media_Propension,Cliente No Financiado,NO,RED SUCURSALES
909,deudor no comercial,Turismo,Segmento A,Segmento C,Region 2,Zona 2,1,1,1,0,0,0,1,1,0,1,1,45,Malo,Bueno,F,1,Sindicatos,79,92,46,47,23,25,32,18,59,20,16,87,31,91,41,0,0,1,1,0,1,0,1,0,Excelente,CON OBSERVACIONES-EVALUABLE,[3]Baja_Propension,Cliente Finaciado,NO,RED SUCURSALES
910,Microempresas,Comercial,Segmento A,Segmento B,Region 2,Zona 1,1,0,0,0,1,1,0,1,1,0,0,53,Malo,Regular,F,2,Sociedad,1,65,90,3,68,57,99,0,26,93,2,12,9,14,92,0,0,1,0,1,0,0,0,1,Bueno,SUJETO DE CREDITO-EVALUABLE,[3]Baja_Propension,Cliente Finaciado,SI,SALESFORCE -WEB
911,deudor no comercial,Transporte,Segmento C,Segmento A,Region 1,Zona 3,1,1,0,0,0,1,0,0,1,0,1,44,Bueno,Bueno,M,2,Federacion,42,40,22,19,27,75,57,71,96,29,39,16,83,91,4,1,1,1,1,1,0,0,1,0,Excelente,SUJETO DE CREDITO-EVALUABLE,[1]Alta_Propension,Cliente No Financiado,SI,RED SUCURSALES
912,deudor comercial,Transporte,Segmento C,Segmento C,Region 2,Zona 2,0,0,1,0,0,1,0,1,0,0,0,64,Regular,Bueno,M,1,Sindicatos,22,28,90,2,92,38,6,48,43,41,55,4,26,33,49,0,1,0,0,1,0,0,1,1,Excelente,SUJETO DE CREDITO-EVALUABLE,[3]Baja_Propension,Castigado o Sin Producto,SI,SALESFORCE - CCL
913,Microempresas,Transporte,Segmento A,Segmento A,Region 1,Zona 2,0,1,0,0,0,1,0,0,1,1,0,57,Regular,Bueno,M,1,Federacion,28,35,47,11,20,12,27,30,46,1,12,16,37,16,70,1,0,1,1,1,1,0,0,1,Excelente,SUJETO DE CREDITO-EVALUABLE,[2]Media_Propension,Castigado o Sin Producto,NO,RED SUCURSALES
914,deudor no comercial,Turismo,Segmento C,Segmento C,Region 3,Zona 2,1,0,1,0,1,1,0,0,0,0,1,69,Malo,Bueno,F,2,Federacion,55,19,76,21,89,63,42,54,61,89,14,64,8,0,42,0,0,0,1,0,0,0,1,0,Excelente,NO SUJETO DE CREDITO,[2]Media_Propension,Cliente No Financiado,SI,SALESFORCE -WEB
915,deudor no comercial,Turismo,Segmento B,Segmento A,Region 1,Zona 1,1,1,0,0,1,0,0,0,0,1,0,24,Malo,Regular,F,1,Cooperativas,6,21,10,27,37,20,99,44,88,47,59,7,57,6,41,0,1,0,0,1,1,0,1,0,Malo,NO SUJETO DE CREDITO,[1]Alta_Propension,Cliente No Financiado,SI,SALESFORCE -WEB
916,Microempresas,Turismo,Segmento B,Segmento A,Region 3,Zona 3,0,1,1,0,0,1,1,1,0,1,1,59,Malo,Bueno,F,2,Sindicatos,84,49,52,10,9,31,16,12,41,3,56,19,30,73,56,0,0,1,1,1,1,0,0,0,Malo,CON OBSERVACIONES-EVALUABLE,[3]Baja_Propension,Castigado o Sin Producto,SI,
917,deudor no comercial,Transporte,Segmento A,Segmento A,Region 2,Zona 1,0,1,0,0,0,1,1,0,0,1,0,68,Bueno,Malo,M,2,Sindicatos,80,11,65,42,39,37,83,85,2,78,48,30,53,70,59,0,1,0,0,0,0,0,1,1,Bueno,NO SUJETO DE CREDITO,[3]Baja_Propension,Castigado o Sin Producto,SI,
918,Microempresas,Turismo,Segmento B,Segmento A,Region 3,Zona 3,0,1,0,0,0,0,1,0,1,1,1,35,Bueno,Regular,M,1,Cooperativas,24,39,0,24,58,7,14,29,80,20,86,3,55,91,77,0,1,0,1,1,0,0,0,0,Malo,CON OBSERVACIONES-EVALUABLE,[1]Alta_Propension,Cliente No Financiado,SI,
919,deudor no comercial,Turismo,Segmento A,Segmento C,Region 3,Zona 2,1,0,0,0,0,0,1,0,0,1,0,26,Regular,Bueno,F,1,SPA,83,47,30,77,47,89,65,2,37,86,43,97,9,7,65,1,0,0,0,0,0,1,0,1,Bueno,SUJETO DE CREDITO-EVALUABLE,[2]Media_Propension,Cliente No Financiado,NO,SALESFORCE - CCL
920,Microempresas,Comercial,Segmento B,Segmento B,Region 1,Zona 1,0,0,1,1,0,1,1,1,1,0,1,48,Regular,Bueno,F,2,Cooperativas,8,87,10,19,81,55,66,34,39,26,18,75,69,38,10,0,0,0,1,0,0,0,1,1,Excelente,NO SUJETO DE CREDITO,[2]Media_Propension,Castigado o Sin Producto,SI,VENTA CENTRALIZADA
921,deudor no comercial,Turismo,Segmento A,Segmento C,Region 1,Zona 3,1,1,0,0,0,0,1,0,0,1,0,31,Regular,Regular,M,2,Cooperativas,27,78,58,56,90,67,5,11,63,80,15,28,84,13,77,0,1,1,1,0,0,1,1,0,Malo,NO SUJETO DE CREDITO,[3]Baja_Propension,Cliente No Financiado,NO,VENTA CENTRALIZADA
922,Microempresas,Transporte,Segmento C,Segmento A,Region 2,Zona 1,0,0,1,1,1,0,1,1,1,0,1,18,Bueno,Malo,M,1,Sindicatos,64,93,21,59,67,52,38,28,14,46,53,2,82,17,31,0,1,0,1,0,0,0,0,1,Bueno,NO SUJETO DE CREDITO,[1]Alta_Propension,Castigado o Sin Producto,SI,RED SUCURSALES
923,deudor no comercial,Comercial,Segmento B,Segmento C,Region 2,Zona 2,1,1,1,1,0,0,0,0,1,1,1,48,Regular,Malo,F,2,Cooperativas,29,31,7,85,31,88,89,27,38,65,1,48,52,93,66,1,1,0,1,0,1,1,0,0,Bueno,NO SUJETO DE CREDITO,[1]Alta_Propension,Cliente Finaciado,NO,RED SUCURSALES
924,deudor no comercial,Transporte,Segmento B,Segmento B,Region 1,Zona 3,1,0,1,1,0,0,1,0,0,1,1,55,Regular,Malo,M,2,SPA,46,80,75,82,46,31,56,94,29,20,29,69,23,94,90,1,0,0,0,0,0,1,0,0,Excelente,NO SUJETO DE CREDITO,[3]Baja_Propension,Castigado o Sin Producto,SI,SALESFORCE -WEB
925,deudor comercial,Turismo,Segmento B,Segmento B,Region 3,Zona 1,1,0,0,0,1,1,1,0,0,1,0,68,Bueno,Bueno,M,2,SPA,94,99,17,2,0,46,56,13,90,41,78,53,29,33,57,1,1,0,0,0,1,0,1,0,Excelente,SUJETO DE CREDITO-EVALUABLE,[1]Alta_Propension,Cliente Finaciado,NO,SALESFORCE - CCL
926,deudor no comercial,Comercial,Segmento C,Segmento A,Region 3,Zona 3,0,1,0,1,0,0,0,1,0,0,0,36,Malo,Bueno,M,1,SPA,73,92,94,6,39,17,98,92,70,30,85,24,42,12,57,0,0,0,0,0,1,1,1,1,Excelente,CON OBSERVACIONES-EVALUABLE,[3]Baja_Propension,Castigado o Sin Producto,SI,
927,deudor no comercial,Transporte,Segmento A,Segmento A,Region 1,Zona 1,1,1,1,1,0,0,1,0,1,1,1,49,Bueno,Bueno,M,2,Federacion,59,21,26,5,27,82,85,59,10,99,22,17,16,22,4,0,1,1,1,0,0,1,0,0,Malo,CON OBSERVACIONES-EVALUABLE,[1]Alta_Propension,Cliente Finaciado,NO,SALESFORCE - CCL
928,Microempresas,Comercial,Segmento B,Segmento B,Region 3,Zona 2,1,0,0,0,1,1,1,1,0,0,1,35,Bueno,Malo,F,1,SPA,5,58,12,52,90,35,16,86,78,76,3,5,5,80,50,0,1,0,1,0,0,0,0,1,Bueno,CON OBSERVACIONES-EVALUABLE,[3]Baja_Propension,Cliente Finaciado,SI,RED SUCURSALES
929,deudor no comercial,Transporte,Segmento C,Segmento C,Region 2,Zona 1,1,0,1,0,1,0,1,1,1,1,1,60,Bueno,Malo,F,2,Federacion,86,91,90,34,45,19,76,48,28,18,99,94,91,23,7,0,0,1,0,1,1,0,1,1,Malo,NO SUJETO DE CREDITO,[3]Baja_Propension,Cliente Finaciado,NO,VENTA CENTRALIZADA
930,Microempresas,Turismo,Segmento C,Segmento C,Region 3,Zona 3,1,1,0,0,1,0,1,0,1,1,1,56,Regular,Malo,M,1,SPA,21,76,91,77,94,52,88,13,11,5,87,69,68,30,22,0,1,1,1,0,0,0,1,1,Malo,SUJETO DE CREDITO-EVALUABLE,[3]Baja_Propension,Cliente No Financiado,NO,RED SUCURSALES
931,deudor no comercial,Turismo,Segmento C,Segmento B,Region 1,Zona 3,1,0,1,0,0,0,1,1,1,0,1,26,Regular,Regular,M,2,Federacion,95,70,71,18,54,5,97,90,11,82,4,39,9,60,28,1,1,0,1,1,1,1,0,0,Excelente,CON OBSERVACIONES-EVALUABLE,[1]Alta_Propension,Cliente Finaciado,NO,VENTA CENTRALIZADA
932,Microempresas,Comercial,Segmento B,Segmento B,Region 3,Zona 1,0,1,0,1,1,0,0,1,1,0,0,34,Bueno,Bueno,M,2,Cooperativas,17,89,24,95,82,33,99,81,31,30,98,39,96,81,5,0,0,0,1,0,1,1,1,1,Malo,CON OBSERVACIONES-EVALUABLE,[1]Alta_Propension,Cliente No Financiado,NO,SALESFORCE - CCL
933,deudor comercial,Transporte,Segmento C,Segmento B,Region 3,Zona 2,1,0,0,0,0,1,1,0,0,0,1,23,Malo,Bueno,F,2,Sindicatos,66,16,19,73,15,31,59,81,98,97,24,79,82,31,88,1,1,1,1,0,0,1,1,1,Bueno,SUJETO DE CREDITO-EVALUABLE,[3]Baja_Propension,Cliente Finaciado,SI,VENTA CENTRALIZADA
934,deudor comercial,Comercial,Segmento A,Segmento C,Region 2,Zona 2,1,0,0,1,1,0,1,1,0,0,0,47,Bueno,Bueno,M,2,Federacion,10,81,81,96,48,1,19,14,14,13,11,87,5,33,32,1,0,1,0,0,0,1,0,0,Excelente,SUJETO DE CREDITO-EVALUABLE,[1]Alta_Propension,Cliente No Financiado,NO,SALESFORCE - CCL
935,Microempresas,Turismo,Segmento A,Segmento A,Region 3,Zona 3,0,1,1,0,0,1,1,0,0,1,0,60,Malo,Regular,M,1,Cooperativas,64,78,26,9,99,24,19,17,37,7,62,61,87,40,74,0,1,1,0,0,0,0,0,1,Malo,CON OBSERVACIONES-EVALUABLE,[3]Baja_Propension,Cliente No Financiado,NO,RED SUCURSALES
936,Microempresas,Transporte,Segmento A,Segmento C,Region 3,Zona 1,0,1,1,1,0,1,1,0,0,1,0,56,Bueno,Bueno,F,1,Sociedad,2,46,70,62,66,88,40,20,35,90,80,87,59,93,67,1,0,1,1,0,0,0,1,1,Malo,SUJETO DE CREDITO-EVALUABLE,[2]Media_Propension,Cliente Finaciado,NO,
937,deudor no comercial,Turismo,Segmento C,Segmento B,Region 3,Zona 2,0,1,1,1,1,0,0,0,0,1,1,47,Bueno,Regular,F,2,Federacion,64,21,50,83,20,45,12,54,6,7,2,75,3,79,60,0,1,0,1,1,1,1,1,0,Excelente,SUJETO DE CREDITO-EVALUABLE,[3]Baja_Propension,Cliente No Financiado,SI,VENTA CENTRALIZADA
938,deudor comercial,Turismo,Segmento B,Segmento A,Region 1,Zona 1,1,0,1,1,1,0,1,0,1,0,0,50,Bueno,Regular,F,1,Cooperativas,34,16,79,61,64,26,16,68,89,77,44,22,13,93,46,1,1,0,0,0,0,1,0,0,Malo,SUJETO DE CREDITO-EVALUABLE,[3]Baja_Propension,Cliente No Financiado,NO,
939,deudor no comercial,Transporte,Segmento C,Segmento A,Region 1,Zona 1,0,1,1,1,1,1,1,1,1,0,1,48,Malo,Regular,M,2,Sindicatos,11,65,8,20,3,60,89,10,99,54,77,71,15,21,4,0,1,1,0,0,0,1,1,1,Malo,SUJETO DE CREDITO-EVALUABLE,[2]Media_Propension,Cliente Finaciado,NO,SALESFORCE -WEB
940,Microempresas,Turismo,Segmento B,Segmento C,Region 3,Zona 2,0,1,1,0,1,0,0,1,0,1,1,37,Bueno,Malo,M,2,Sociedad,36,78,7,74,51,67,93,78,44,57,28,32,35,49,69,1,1,0,0,0,1,0,0,1,Excelente,CON OBSERVACIONES-EVALUABLE,[2]Media_Propension,Cliente Finaciado,NO,SALESFORCE -WEB
941,deudor comercial,Transporte,Segmento C,Segmento C,Region 2,Zona 3,0,0,0,1,1,0,1,1,1,1,0,32,Regular,Malo,F,1,Cooperativas,39,25,71,34,2,70,9,97,6,21,12,3,92,35,87,1,1,0,1,1,1,1,1,0,Excelente,CON OBSERVACIONES-EVALUABLE,[2]Media_Propension,Cliente No Financiado,SI,
942,deudor comercial,Transporte,Segmento C,Segmento C,Region 1,Zona 3,1,1,0,1,1,1,0,1,0,1,1,36,Bueno,Malo,F,1,SPA,51,3,45,66,91,79,38,50,46,58,66,11,55,24,23,0,1,1,1,0,0,1,1,1,Malo,NO SUJETO DE CREDITO,[2]Media_Propension,Cliente No Financiado,SI,SALESFORCE - CCL
943,deudor no comercial,Turismo,Segmento B,Segmento A,Region 3,Zona 3,0,1,0,0,0,1,1,0,0,0,0,29,Malo,Bueno,F,1,Federacion,24,57,48,66,66,56,40,33,70,58,70,35,95,6,42,1,0,0,1,0,0,0,1,1,Malo,SUJETO DE CREDITO-EVALUABLE,[3]Baja_Propension,Cliente Finaciado,SI,
944,Microempresas,Turismo,Segmento B,Segmento C,Region 3,Zona 2,0,0,1,0,0,1,1,1,1,1,0,21,Regular,Bueno,F,2,Federacion,8,87,46,30,86,59,13,80,31,21,82,4,79,12,92,1,1,0,1,0,1,1,1,0,Bueno,SUJETO DE CREDITO-EVALUABLE,[3]Baja_Propension,Cliente No Financiado,NO,SALESFORCE -WEB
945,Microempresas,Transporte,Segmento C,Segmento A,Region 3,Zona 3,0,1,1,1,1,0,1,1,0,1,1,65,Malo,Malo,F,2,Sindicatos,65,85,44,35,70,5,8,54,15,26,62,84,48,21,91,1,1,1,1,0,0,1,1,1,Bueno,NO SUJETO DE CREDITO,[2]Media_Propension,Castigado o Sin Producto,SI,VENTA CENTRALIZADA
946,deudor comercial,Comercial,Segmento A,Segmento A,Region 1,Zona 3,0,0,1,1,1,1,1,1,1,0,0,45,Bueno,Bueno,F,2,SPA,69,21,33,24,52,93,84,62,96,32,89,5,58,49,28,0,1,1,1,1,0,1,0,1,Malo,NO SUJETO DE CREDITO,[3]Baja_Propension,Castigado o Sin Producto,NO,VENTA CENTRALIZADA
947,deudor no comercial,Transporte,Segmento C,Segmento A,Region 1,Zona 3,0,0,1,1,0,1,0,0,0,0,1,21,Bueno,Regular,M,1,Cooperativas,82,81,16,60,58,59,17,0,56,41,94,39,72,50,3,1,0,0,0,1,0,0,0,0,Malo,SUJETO DE CREDITO-EVALUABLE,[3]Baja_Propension,Cliente Finaciado,NO,SALESFORCE -WEB
948,deudor comercial,Turismo,Segmento C,Segmento B,Region 2,Zona 3,0,0,1,0,1,0,1,1,0,0,0,72,Malo,Bueno,F,2,SPA,21,82,6,34,59,14,12,12,50,40,58,43,33,69,14,0,1,1,1,0,1,1,0,1,Bueno,NO SUJETO DE CREDITO,[3]Baja_Propension,Cliente No Financiado,SI,
949,deudor comercial,Transporte,Segmento A,Segmento A,Region 1,Zona 2,1,1,0,1,1,1,1,0,0,0,1,39,Malo,Malo,F,2,Cooperativas,41,2,22,76,3,75,45,65,25,88,73,6,22,8,80,0,0,0,1,0,1,1,1,0,Malo,SUJETO DE CREDITO-EVALUABLE,[1]Alta_Propension,Cliente Finaciado,NO,RED SUCURSALES
950,Microempresas,Turismo,Segmento C,Segmento C,Region 1,Zona 1,0,0,0,1,1,0,1,0,0,1,0,33,Malo,Bueno,F,1,Cooperativas,90,86,80,75,48,6,25,61,7,4,92,86,0,29,20,1,0,0,0,1,0,0,0,1,Malo,SUJETO DE CREDITO-EVALUABLE,[3]Baja_Propension,Castigado o Sin Producto,NO,SALESFORCE -WEB
951,deudor comercial,Comercial,Segmento A,Segmento A,Region 1,Zona 1,1,1,0,0,1,0,0,1,0,1,1,43,Malo,Malo,M,1,Cooperativas,76,15,32,0,9,75,25,70,0,83,13,36,2,52,29,0,1,0,1,1,1,0,1,0,Malo,CON OBSERVACIONES-EVALUABLE,[2]Media_Propension,Castigado o Sin Producto,NO,SALESFORCE - CCL
952,deudor comercial,Turismo,Segmento C,Segmento B,Region 1,Zona 3,0,0,0,1,0,0,0,1,1,1,0,25,Malo,Malo,F,1,Sindicatos,19,23,22,15,96,89,31,15,18,48,31,54,75,51,81,0,0,1,1,1,0,0,1,0,Excelente,CON OBSERVACIONES-EVALUABLE,[1]Alta_Propension,Cliente No Financiado,NO,VENTA CENTRALIZADA
953,deudor comercial,Transporte,Segmento C,Segmento A,Region 1,Zona 3,0,0,1,1,0,0,0,1,1,0,0,48,Regular,Malo,F,1,SPA,87,29,17,81,0,36,35,26,13,40,70,80,71,5,13,1,0,1,1,1,1,1,1,0,Bueno,CON OBSERVACIONES-EVALUABLE,[1]Alta_Propension,Cliente No Financiado,NO,SALESFORCE -WEB
954,deudor no comercial,Turismo,Segmento C,Segmento B,Region 2,Zona 2,1,1,0,1,0,0,1,1,0,0,1,41,Regular,Malo,F,2,SPA,47,45,80,62,5,90,21,51,19,11,27,91,91,84,70,1,1,0,0,0,0,1,0,0,Malo,CON OBSERVACIONES-EVALUABLE,[3]Baja_Propension,Cliente No Financiado,NO,SALESFORCE - CCL
955,deudor comercial,Transporte,Segmento A,Segmento B,Region 3,Zona 3,1,1,0,1,0,1,0,0,1,1,1,46,Regular,Bueno,M,1,Sindicatos,22,35,74,52,12,85,78,87,45,65,4,21,37,93,11,1,0,1,1,0,1,0,1,0,Malo,SUJETO DE CREDITO-EVALUABLE,[2]Media_Propension,Castigado o Sin Producto,NO,VENTA CENTRALIZADA
956,deudor no comercial,Transporte,Segmento B,Segmento C,Region 1,Zona 2,1,0,1,1,0,1,1,0,0,1,0,46,Malo,Bueno,F,2,Federacion,57,54,34,4,66,66,38,89,64,81,0,17,15,43,45,1,1,0,1,0,1,0,0,0,Bueno,SUJETO DE CREDITO-EVALUABLE,[2]Media_Propension,Castigado o Sin Producto,SI,RED SUCURSALES
957,Microempresas,Turismo,Segmento C,Segmento A,Region 2,Zona 2,0,0,0,1,1,1,0,0,0,1,1,73,Malo,Regular,F,1,Sociedad,23,16,43,11,78,97,62,67,64,78,89,95,52,61,43,1,0,0,0,1,0,1,0,1,Bueno,NO SUJETO DE CREDITO,[2]Media_Propension,Cliente Finaciado,SI,SALESFORCE -WEB
958,deudor comercial,Turismo,Segmento B,Segmento A,Region 2,Zona 3,1,0,1,0,0,0,1,0,1,0,1,38,Malo,Malo,M,1,Cooperativas,7,84,52,72,94,47,4,39,26,90,45,67,3,71,98,1,0,0,0,0,1,1,0,1,Bueno,SUJETO DE CREDITO-EVALUABLE,[3]Baja_Propension,Cliente Finaciado,NO,SALESFORCE -WEB
959,deudor no comercial,Comercial,Segmento A,Segmento C,Region 1,Zona 2,0,0,0,0,1,1,1,1,1,0,1,53,Bueno,Regular,M,2,Cooperativas,98,83,67,21,43,87,97,92,91,80,67,6,79,63,37,1,0,1,0,1,1,0,0,0,Malo,SUJETO DE CREDITO-EVALUABLE,[2]Media_Propension,Cliente No Financiado,NO,VENTA CENTRALIZADA
960,deudor comercial,Transporte,Segmento A,Segmento B,Region 2,Zona 3,1,1,0,1,0,1,1,1,1,1,0,35,Bueno,Regular,M,1,Sindicatos,88,45,84,46,96,25,71,20,22,93,89,18,27,84,73,0,1,1,1,1,1,0,0,1,Excelente,NO SUJETO DE CREDITO,[1]Alta_Propension,Cliente No Financiado,SI,SALESFORCE - CCL
961,deudor no comercial,Turismo,Segmento A,Segmento B,Region 2,Zona 2,0,1,1,0,0,1,1,0,0,1,0,54,Malo,Malo,F,2,SPA,19,24,52,32,14,87,84,47,97,43,75,36,93,70,32,0,0,1,0,0,1,1,1,1,Bueno,SUJETO DE CREDITO-EVALUABLE,[3]Baja_Propension,Cliente No Financiado,SI,RED SUCURSALES
962,Microempresas,Comercial,Segmento B,Segmento C,Region 2,Zona 3,1,0,1,0,0,0,0,0,1,0,0,64,Regular,Bueno,F,1,Cooperativas,10,72,6,66,98,31,46,95,59,8,72,33,11,23,55,0,0,1,0,0,0,0,0,0,Bueno,NO SUJETO DE CREDITO,[2]Media_Propension,Cliente No Financiado,SI,SALESFORCE - CCL
963,deudor no comercial,Turismo,Segmento A,Segmento A,Region 2,Zona 1,0,1,1,1,1,1,1,0,1,1,0,65,Malo,Malo,M,1,Sindicatos,80,37,81,52,18,70,19,1,58,6,26,40,27,79,25,0,1,1,0,1,1,0,1,1,Malo,SUJETO DE CREDITO-EVALUABLE,[2]Media_Propension,Cliente No Financiado,SI,VENTA CENTRALIZADA
964,deudor no comercial,Comercial,Segmento C,Segmento A,Region 2,Zona 1,1,1,0,1,1,0,1,0,0,0,1,33,Regular,Malo,F,1,SPA,54,98,85,7,63,48,54,1,53,81,93,49,63,12,79,1,1,1,1,1,1,1,1,1,Bueno,CON OBSERVACIONES-EVALUABLE,[2]Media_Propension,Castigado o Sin Producto,NO,VENTA CENTRALIZADA
965,Microempresas,Comercial,Segmento C,Segmento A,Region 1,Zona 2,1,0,1,0,0,0,1,1,0,1,0,40,Regular,Bueno,F,2,Federacion,57,80,64,52,86,40,54,68,33,83,50,63,54,92,31,0,0,1,0,1,1,1,1,0,Excelente,CON OBSERVACIONES-EVALUABLE,[1]Alta_Propension,Cliente No Financiado,SI,SALESFORCE -WEB
966,deudor no comercial,Transporte,Segmento B,Segmento C,Region 3,Zona 3,0,1,0,1,0,1,0,1,0,1,1,28,Malo,Bueno,F,2,Sindicatos,2,25,77,16,52,87,39,41,48,81,99,45,44,52,83,0,1,0,1,0,1,1,1,1,Excelente,CON OBSERVACIONES-EVALUABLE,[2]Media_Propension,Cliente No Financiado,SI,VENTA CENTRALIZADA
967,deudor comercial,Comercial,Segmento C,Segmento A,Region 3,Zona 3,1,0,0,0,0,0,1,0,1,0,0,64,Bueno,Malo,F,2,Sindicatos,29,3,44,41,42,45,12,47,70,40,84,20,12,60,15,1,0,1,1,1,1,1,1,1,Excelente,NO SUJETO DE CREDITO,[3]Baja_Propension,Castigado o Sin Producto,NO,RED SUCURSALES
968,deudor no comercial,Turismo,Segmento A,Segmento B,Region 3,Zona 2,1,0,0,0,0,1,0,1,0,0,1,53,Regular,Regular,F,1,Federacion,19,4,44,2,83,18,46,69,46,17,95,64,9,72,84,0,1,1,1,1,0,0,0,1,Excelente,NO SUJETO DE CREDITO,[2]Media_Propension,Cliente Finaciado,SI,
969,deudor comercial,Turismo,Segmento B,Segmento C,Region 2,Zona 3,0,1,0,0,1,0,1,1,1,0,0,45,Bueno,Bueno,F,1,Federacion,18,63,50,49,25,60,20,37,99,65,57,46,16,55,97,1,0,0,1,1,0,1,1,1,Bueno,SUJETO DE CREDITO-EVALUABLE,[2]Media_Propension,Castigado o Sin Producto,SI,VENTA CENTRALIZADA
970,deudor no comercial,Turismo,Segmento A,Segmento B,Region 2,Zona 1,0,0,0,1,0,0,1,1,1,0,0,25,Malo,Regular,F,1,Federacion,0,86,33,76,1,74,52,38,75,31,79,16,25,54,72,0,0,0,0,1,0,0,0,0,Malo,SUJETO DE CREDITO-EVALUABLE,[1]Alta_Propension,Castigado o Sin Producto,NO,VENTA CENTRALIZADA
971,Microempresas,Turismo,Segmento B,Segmento B,Region 2,Zona 1,0,1,1,0,1,1,0,0,0,1,0,24,Malo,Regular,F,2,Federacion,93,83,3,11,96,10,82,45,82,57,94,4,49,43,75,1,1,0,0,1,1,1,1,1,Excelente,SUJETO DE CREDITO-EVALUABLE,[1]Alta_Propension,Cliente Finaciado,NO,SALESFORCE -WEB
972,deudor comercial,Transporte,Segmento B,Segmento A,Region 3,Zona 2,0,0,0,0,1,1,1,1,1,1,1,29,Bueno,Regular,F,2,Sindicatos,22,93,63,49,4,51,45,92,10,83,86,57,70,9,54,1,0,0,0,1,1,1,0,0,Excelente,SUJETO DE CREDITO-EVALUABLE,[1]Alta_Propension,Cliente No Financiado,NO,VENTA CENTRALIZADA
973,deudor comercial,Transporte,Segmento C,Segmento A,Region 3,Zona 1,0,0,0,1,0,0,0,1,0,1,1,24,Bueno,Regular,M,2,Sindicatos,37,3,34,55,58,1,1,11,16,98,21,77,12,42,7,1,1,0,0,1,1,0,1,0,Malo,SUJETO DE CREDITO-EVALUABLE,[2]Media_Propension,Castigado o Sin Producto,SI,RED SUCURSALES
974,Microempresas,Transporte,Segmento B,Segmento B,Region 1,Zona 3,1,1,1,1,1,1,1,0,1,1,0,25,Regular,Regular,M,2,Sindicatos,13,72,19,16,7,63,55,40,68,68,2,3,81,45,85,1,1,1,1,1,1,0,1,1,Excelente,SUJETO DE CREDITO-EVALUABLE,[1]Alta_Propension,Cliente Finaciado,NO,RED SUCURSALES
975,Microempresas,Transporte,Segmento A,Segmento A,Region 3,Zona 3,0,1,0,0,1,1,1,0,1,1,0,31,Regular,Malo,F,1,SPA,60,79,50,81,86,66,85,79,44,52,78,46,16,10,21,0,1,0,0,0,1,1,0,1,Malo,NO SUJETO DE CREDITO,[2]Media_Propension,Cliente No Financiado,SI,SALESFORCE -WEB
976,Microempresas,Turismo,Segmento A,Segmento B,Region 2,Zona 2,1,0,1,1,0,1,0,0,0,1,0,21,Regular,Bueno,F,1,SPA,34,95,31,96,90,73,48,39,23,63,68,79,19,50,87,1,1,1,1,1,1,0,0,1,Excelente,CON OBSERVACIONES-EVALUABLE,[2]Media_Propension,Castigado o Sin Producto,NO,
977,deudor comercial,Turismo,Segmento B,Segmento A,Region 1,Zona 1,1,0,0,1,1,0,1,0,0,0,0,70,Regular,Bueno,F,1,SPA,98,21,18,39,10,58,19,37,12,29,90,31,46,66,81,1,0,1,1,0,1,1,0,0,Excelente,SUJETO DE CREDITO-EVALUABLE,[3]Baja_Propension,Cliente No Financiado,NO,
978,deudor no comercial,Turismo,Segmento B,Segmento B,Region 2,Zona 3,0,1,0,0,1,0,0,0,0,0,1,18,Regular,Regular,M,1,Cooperativas,46,81,92,64,90,72,44,71,54,31,56,53,58,85,43,0,1,0,0,1,0,1,0,0,Bueno,SUJETO DE CREDITO-EVALUABLE,[1]Alta_Propension,Cliente Finaciado,SI,VENTA CENTRALIZADA
979,deudor comercial,Comercial,Segmento C,Segmento B,Region 1,Zona 3,0,0,1,1,0,0,1,0,0,1,0,34,Regular,Bueno,M,1,Sociedad,24,74,23,92,48,92,6,90,72,77,52,46,73,96,83,0,1,1,1,1,1,0,0,1,Excelente,NO SUJETO DE CREDITO,[1]Alta_Propension,Cliente No Financiado,NO,RED SUCURSALES
980,Microempresas,Turismo,Segmento B,Segmento C,Region 2,Zona 1,0,1,1,0,1,0,0,1,0,0,1,69,Regular,Regular,F,2,Sindicatos,47,44,7,84,77,38,73,44,78,46,27,64,21,28,4,0,1,0,0,1,0,1,1,0,Malo,NO SUJETO DE CREDITO,[3]Baja_Propension,Cliente No Financiado,NO,SALESFORCE - CCL
981,deudor comercial,Turismo,Segmento B,Segmento A,Region 1,Zona 1,1,1,1,0,1,1,1,0,1,1,1,28,Regular,Bueno,F,1,Cooperativas,3,84,22,52,19,45,51,41,45,2,60,72,98,1,97,0,0,1,1,1,0,1,0,1,Excelente,SUJETO DE CREDITO-EVALUABLE,[1]Alta_Propension,Cliente No Financiado,SI,RED SUCURSALES
982,deudor no comercial,Transporte,Segmento C,Segmento B,Region 2,Zona 1,0,0,0,1,1,0,1,0,0,0,0,27,Bueno,Bueno,M,2,Sindicatos,96,43,66,12,29,59,59,85,50,37,58,58,95,63,7,1,1,1,1,0,1,1,0,1,Malo,NO SUJETO DE CREDITO,[2]Media_Propension,Castigado o Sin Producto,SI,RED SUCURSALES
983,deudor comercial,Transporte,Segmento B,Segmento A,Region 2,Zona 3,1,0,1,1,1,0,1,1,1,0,0,39,Regular,Regular,M,1,SPA,60,78,57,26,81,8,17,18,93,76,85,94,2,91,12,1,0,0,0,0,1,1,1,0,Excelente,SUJETO DE CREDITO-EVALUABLE,[2]Media_Propension,Cliente No Financiado,SI,
984,deudor comercial,Comercial,Segmento A,Segmento C,Region 2,Zona 3,1,0,0,1,1,1,1,0,0,1,1,58,Bueno,Bueno,F,1,Sindicatos,3,88,80,39,49,72,63,16,97,4,58,64,0,67,8,0,1,0,1,1,0,0,0,0,Malo,SUJETO DE CREDITO-EVALUABLE,[1]Alta_Propension,Cliente Finaciado,NO,SALESFORCE -WEB
985,deudor no comercial,Transporte,Segmento A,Segmento A,Region 2,Zona 3,1,1,0,0,1,1,1,1,0,1,1,58,Malo,Regular,M,2,SPA,40,35,53,53,17,98,98,14,6,71,86,91,17,68,91,1,1,1,1,1,0,1,1,1,Excelente,SUJETO DE CREDITO-EVALUABLE,[2]Media_Propension,Cliente No Financiado,NO,SALESFORCE -WEB
986,deudor no comercial,Turismo,Segmento A,Segmento B,Region 2,Zona 2,1,0,0,0,0,0,0,1,1,1,0,37,Malo,Regular,F,2,Cooperativas,66,74,8,37,91,92,23,83,83,87,39,70,66,49,6,0,1,0,0,1,0,1,0,1,Excelente,SUJETO DE CREDITO-EVALUABLE,[2]Media_Propension,Castigado o Sin Producto,SI,RED SUCURSALES
987,Microempresas,Comercial,Segmento A,Segmento C,Region 2,Zona 1,0,1,0,1,1,0,1,1,0,0,0,37,Malo,Regular,F,1,Cooperativas,4,77,1,98,26,19,89,68,14,32,86,92,66,4,0,0,1,0,0,1,0,1,1,0,Bueno,SUJETO DE CREDITO-EVALUABLE,[2]Media_Propension,Castigado o Sin Producto,SI,
988,Microempresas,Turismo,Segmento C,Segmento A,Region 1,Zona 2,1,1,1,1,1,1,0,0,0,0,0,26,Bueno,Regular,M,2,Federacion,12,58,41,47,88,16,33,9,45,98,53,2,80,7,98,1,1,1,1,1,1,1,0,1,Excelente,SUJETO DE CREDITO-EVALUABLE,[2]Media_Propension,Cliente No Financiado,SI,SALESFORCE -WEB
989,deudor no comercial,Turismo,Segmento C,Segmento B,Region 3,Zona 1,1,0,0,1,1,0,0,1,0,1,1,44,Bueno,Bueno,M,1,Sociedad,85,68,91,55,46,81,69,39,66,24,41,5,30,60,94,1,0,1,1,1,0,1,1,0,Excelente,NO SUJETO DE CREDITO,[1]Alta_Propension,Castigado o Sin Producto,NO,VENTA CENTRALIZADA
990,Microempresas,Transporte,Segmento C,Segmento C,Region 1,Zona 1,1,0,0,0,1,0,1,1,0,1,0,45,Bueno,Regular,F,2,Cooperativas,73,34,37,33,14,74,46,82,60,89,58,54,54,27,16,0,1,1,1,0,1,0,0,1,Excelente,NO SUJETO DE CREDITO,[1]Alta_Propension,Cliente No Financiado,SI,
991,deudor comercial,Turismo,Segmento A,Segmento A,Region 3,Zona 2,0,0,1,1,0,1,0,1,0,0,1,37,Bueno,Malo,M,1,SPA,45,54,35,18,21,45,36,47,3,69,66,12,12,67,42,0,1,1,0,1,1,0,1,1,Excelente,NO SUJETO DE CREDITO,[1]Alta_Propension,Cliente No Financiado,NO,RED SUCURSALES
992,deudor no comercial,Comercial,Segmento B,Segmento A,Region 1,Zona 1,1,0,0,0,0,1,0,1,0,0,0,52,Bueno,Malo,F,2,Federacion,21,8,39,20,99,61,41,21,30,9,7,36,14,6,98,0,1,1,1,0,1,1,0,1,Excelente,NO SUJETO DE CREDITO,[1]Alta_Propension,Cliente Finaciado,NO,RED SUCURSALES
993,deudor comercial,Transporte,Segmento B,Segmento C,Region 1,Zona 2,0,1,0,1,1,0,0,1,0,0,1,62,Regular,Malo,M,2,SPA,56,83,14,0,84,90,41,0,55,9,43,85,32,25,36,1,0,1,0,1,1,0,0,0,Bueno,SUJETO DE CREDITO-EVALUABLE,[3]Baja_Propension,Cliente No Financiado,NO,VENTA CENTRALIZADA
994,deudor no comercial,Turismo,Segmento C,Segmento B,Region 1,Zona 1,0,1,0,0,0,0,0,0,1,1,1,18,Malo,Malo,F,1,Cooperativas,53,19,60,55,8,56,38,15,10,29,40,4,65,50,61,0,0,1,1,0,1,1,0,0,Bueno,CON OBSERVACIONES-EVALUABLE,[2]Media_Propension,Castigado o Sin Producto,NO,SALESFORCE - CCL
995,deudor comercial,Transporte,Segmento B,Segmento B,Region 1,Zona 2,1,1,1,1,1,0,1,1,0,1,1,73,Bueno,Regular,M,2,Sociedad,65,77,2,14,44,62,31,89,47,7,5,51,58,32,26,1,0,1,0,0,1,0,1,1,Bueno,SUJETO DE CREDITO-EVALUABLE,[1]Alta_Propension,Castigado o Sin Producto,NO,RED SUCURSALES
996,Microempresas,Turismo,Segmento A,Segmento C,Region 3,Zona 2,0,1,1,0,0,0,1,1,1,1,1,70,Malo,Bueno,F,2,Sindicatos,21,61,98,65,17,72,68,69,6,19,93,64,32,78,37,1,1,0,1,0,1,1,1,0,Bueno,SUJETO DE CREDITO-EVALUABLE,[1]Alta_Propension,Cliente Finaciado,NO,SALESFORCE -WEB
997,deudor comercial,Turismo,Segmento B,Segmento B,Region 2,Zona 3,0,1,0,1,0,0,0,1,0,0,1,29,Malo,Regular,F,2,SPA,43,52,32,67,74,20,16,32,3,41,58,79,12,97,61,0,0,1,1,0,1,1,1,1,Malo,NO SUJETO DE CREDITO,[3]Baja_Propension,Cliente Finaciado,NO,RED SUCURSALES
998,deudor no comercial,Transporte,Segmento B,Segmento C,Region 3,Zona 3,0,0,0,1,1,1,0,0,1,0,1,19,Malo,Regular,F,2,Federacion,18,5,19,16,28,29,2,82,89,60,61,79,56,18,7,0,0,0,0,1,1,0,1,1,Excelente,NO SUJETO DE CREDITO,[3]Baja_Propension,Cliente Finaciado,SI,SALESFORCE - CCL
999,deudor comercial,Comercial,Segmento C,Segmento B,Region 3,Zona 1,0,0,1,1,0,1,0,0,1,1,0,45,Bueno,Bueno,F,2,Cooperativas,53,83,0,60,57,63,89,97,83,90,18,6,43,79,46,0,0,0,0,1,1,0,0,0,Bueno,CON OBSERVACIONES-EVALUABLE,[1]Alta_Propension,Cliente No Financiado,SI,SALESFORCE - CCL
1000,deudor comercial,Comercial,Segmento B,Segmento B,Region 2,Zona 2,1,1,1,0,1,1,1,0,0,1,0,46,Bueno,Bueno,F,1,Federacion,24,60,96,94,55,47,37,90,53,81,41,72,11,80,94,1,0,0,1,0,0,0,1,1,Bueno,SUJETO DE CREDITO-EVALUABLE,[2]Media_Propension,Cliente No Financiado,NO,RED SUCURSALES
1001,deudor no comercial,Transporte,Segmento C,Segmento C,Region 2,Zona 2,1,0,1,1,1,0,0,0,0,0,1,70,Regular,Malo,F,2,Sociedad,27,81,66,70,39,20,83,98,62,13,22,32,52,66,28,0,1,1,0,0,1,0,1,1,Excelente,CON OBSERVACIONES-EVALUABLE,[3]Baja_Propension,Cliente Finaciado,SI,VENTA CENTRALIZADA
1002,Microempresas,Transporte,Segmento B,Segmento A,Region 3,Zona 1,0,0,0,1,0,0,1,0,0,0,0,56,Regular,Malo,M,2,Federacion,90,35,56,43,26,60,42,56,55,62,2,11,42,48,39,1,0,1,0,1,1,0,0,0,Bueno,SUJETO DE CREDITO-EVALUABLE,[2]Media_Propension,Cliente Finaciado,NO,VENTA CENTRALIZADA
1003,Microempresas,Turismo,Segmento A,Segmento A,Region 1,Zona 1,1,0,1,0,0,0,0,1,1,1,1,37,Regular,Regular,F,1,SPA,33,59,34,91,15,92,14,9,90,71,9,96,56,75,78,0,0,0,0,0,0,0,1,1,Excelente,SUJETO DE CREDITO-EVALUABLE,[2]Media_Propension,Cliente No Financiado,SI,VENTA CENTRALIZADA
1004,deudor no comercial,Comercial,Segmento C,Segmento B,Region 3,Zona 3,0,1,1,0,0,0,1,0,1,1,1,23,Malo,Malo,F,1,Federacion,82,35,52,18,16,66,8,21,21,82,44,47,69,85,41,0,0,0,0,1,1,1,0,1,Excelente,CON OBSERVACIONES-EVALUABLE,[1]Alta_Propension,Cliente Finaciado,SI,
1005,deudor comercial,Transporte,Segmento A,Segmento C,Region 1,Zona 2,0,0,1,0,0,0,0,0,1,0,0,48,Regular,Regular,M,1,Cooperativas,37,20,28,34,79,79,21,67,83,15,89,11,4,70,40,1,1,1,0,0,0,0,1,1,Bueno,SUJETO DE CREDITO-EVALUABLE,[1]Alta_Propension,Castigado o Sin Producto,SI,
1006,Microempresas,Transporte,Segmento B,Segmento A,Region 3,Zona 2,0,0,0,1,1,0,0,1,1,0,1,38,Bueno,Regular,F,2,Sociedad,28,46,32,14,30,45,75,3,35,22,27,78,97,34,78,0,0,1,1,0,0,1,1,1,Bueno,SUJETO DE CREDITO-EVALUABLE,[2]Media_Propension,Castigado o Sin Producto,NO,SALESFORCE -WEB
1007,deudor comercial,Comercial,Segmento A,Segmento B,Region 3,Zona 1,1,1,1,1,1,0,0,0,0,1,1,56,Malo,Malo,M,2,Sociedad,1,24,60,89,59,63,90,39,44,27,75,65,97,95,90,0,0,0,1,1,1,0,0,0,Bueno,CON OBSERVACIONES-EVALUABLE,[3]Baja_Propension,Castigado o Sin Producto,SI,SALESFORCE -WEB
1008,Microempresas,Transporte,Segmento B,Segmento C,Region 1,Zona 3,0,1,0,0,1,1,0,1,1,0,0,62,Malo,Malo,F,1,Cooperativas,38,82,45,64,68,45,69,86,84,30,72,48,50,5,78,0,1,1,1,1,1,0,0,1,Bueno,SUJETO DE CREDITO-EVALUABLE,[1]Alta_Propension,Cliente Finaciado,NO,RED SUCURSALES
1009,deudor comercial,Transporte,Segmento C,Segmento A,Region 2,Zona 1,1,0,0,1,1,1,1,1,1,1,0,54,Bueno,Regular,F,1,Federacion,22,52,41,24,79,41,31,55,18,95,56,59,21,43,23,1,0,0,1,1,0,0,1,0,Malo,SUJETO DE CREDITO-EVALUABLE,[1]Alta_Propension,Cliente No Financiado,NO,
1010,deudor no comercial,Transporte,Segmento B,Segmento A,Region 1,Zona 2,0,0,0,0,1,1,0,1,0,0,0,55,Bueno,Regular,F,1,Sindicatos,49,45,92,12,59,74,51,64,7,56,31,26,0,80,57,1,1,0,1,0,0,1,1,0,Excelente,CON OBSERVACIONES-EVALUABLE,[1]Alta_Propension,Cliente Finaciado,SI,SALESFORCE - CCL
1011,Microempresas,Transporte,Segmento A,Segmento B,Region 3,Zona 1,1,1,0,1,1,1,1,1,1,1,0,71,Regular,Bueno,M,2,Sindicatos,89,7,36,9,45,57,82,80,59,31,48,52,87,73,78,1,0,1,0,1,1,1,1,1,Bueno,CON OBSERVACIONES-EVALUABLE,[2]Media_Propension,Cliente No Financiado,SI,SALESFORCE -WEB
1012,deudor comercial,Transporte,Segmento C,Segmento A,Region 1,Zona 2,0,1,1,0,1,1,0,1,1,1,0,70,Regular,Bueno,M,2,Federacion,54,97,13,50,54,82,61,27,77,70,6,18,88,0,51,0,1,1,1,1,1,1,0,0,Excelente,CON OBSERVACIONES-EVALUABLE,[3]Baja_Propension,Cliente No Financiado,NO,RED SUCURSALES
1013,deudor comercial,Comercial,Segmento A,Segmento C,Region 1,Zona 3,1,1,0,0,0,0,0,0,0,1,0,23,Malo,Bueno,F,1,Cooperativas,60,71,55,15,70,50,28,36,12,76,61,73,41,94,8,0,0,0,0,1,1,1,1,0,Excelente,SUJETO DE CREDITO-EVALUABLE,[1]Alta_Propension,Castigado o Sin Producto,NO,
1014,Microempresas,Turismo,Segmento C,Segmento C,Region 3,Zona 3,1,0,0,0,1,1,1,1,1,1,0,37,Regular,Malo,M,1,Federacion,92,0,14,82,80,19,5,88,80,76,93,21,6,48,2,1,1,1,0,1,0,0,0,1,Bueno,SUJETO DE CREDITO-EVALUABLE,[2]Media_Propension,Cliente No Financiado,NO,SALESFORCE -WEB
1015,deudor no comercial,Turismo,Segmento A,Segmento B,Region 3,Zona 3,1,1,1,1,0,1,1,1,0,0,1,39,Malo,Malo,M,1,Sociedad,78,8,58,27,3,88,32,88,37,68,35,65,95,37,65,0,0,0,1,0,0,1,0,1,Bueno,NO SUJETO DE CREDITO,[3]Baja_Propension,Cliente No Financiado,NO,SALESFORCE -WEB
1016,deudor no comercial,Transporte,Segmento C,Segmento B,Region 2,Zona 3,0,1,1,1,1,1,1,1,0,1,0,69,Malo,Malo,F,1,Federacion,81,58,10,47,16,5,62,46,79,2,6,29,73,34,54,0,0,1,1,1,0,1,0,0,Malo,NO SUJETO DE CREDITO,[1]Alta_Propension,Cliente Finaciado,SI,RED SUCURSALES
1017,deudor comercial,Turismo,Segmento A,Segmento A,Region 3,Zona 2,1,1,0,0,0,0,0,1,1,0,1,44,Malo,Regular,F,1,Federacion,72,36,91,10,58,43,16,17,66,87,98,56,21,26,89,1,1,0,0,0,1,0,1,0,Excelente,CON OBSERVACIONES-EVALUABLE,[3]Baja_Propension,Castigado o Sin Producto,NO,
1018,deudor no comercial,Comercial,Segmento C,Segmento C,Region 2,Zona 1,1,0,0,1,1,0,0,1,0,1,1,61,Regular,Malo,M,2,Sindicatos,78,38,77,88,93,27,80,46,68,21,64,77,53,60,67,1,0,0,1,1,0,0,1,0,Excelente,CON OBSERVACIONES-EVALUABLE,[1]Alta_Propension,Cliente No Financiado,SI,SALESFORCE -WEB
1019,deudor comercial,Transporte,Segmento A,Segmento A,Region 1,Zona 2,1,0,1,0,0,1,0,0,0,0,0,50,Bueno,Malo,M,2,Cooperativas,50,16,11,50,35,87,11,2,37,58,57,73,79,31,62,1,1,1,0,0,1,0,0,1,Malo,SUJETO DE CREDITO-EVALUABLE,[3]Baja_Propension,Castigado o Sin Producto,SI,SALESFORCE - CCL
1020,Microempresas,Comercial,Segmento C,Segmento B,Region 3,Zona 1,0,0,1,0,0,1,1,1,0,0,0,26,Regular,Malo,F,2,Cooperativas,74,66,44,63,29,4,18,13,53,83,80,38,71,51,97,1,1,1,1,0,0,0,1,0,Malo,SUJETO DE CREDITO-EVALUABLE,[3]Baja_Propension,Cliente No Financiado,NO,
1021,Microempresas,Turismo,Segmento A,Segmento B,Region 1,Zona 1,0,0,0,1,0,1,1,0,0,1,1,56,Malo,Regular,F,1,Federacion,2,2,48,75,68,66,97,77,21,4,26,70,70,13,67,1,1,1,0,1,1,0,0,0,Malo,SUJETO DE CREDITO-EVALUABLE,[2]Media_Propension,Cliente Finaciado,SI,SALESFORCE - CCL
1022,deudor no comercial,Transporte,Segmento B,Segmento A,Region 3,Zona 2,0,1,0,1,1,1,0,0,1,0,0,57,Malo,Regular,M,2,SPA,47,71,75,58,52,36,83,75,84,89,81,16,25,22,20,0,1,1,0,0,1,0,1,0,Malo,NO SUJETO DE CREDITO,[2]Media_Propension,Castigado o Sin Producto,NO,RED SUCURSALES
1023,deudor no comercial,Transporte,Segmento A,Segmento C,Region 1,Zona 1,0,0,1,0,0,1,1,0,1,1,1,54,Regular,Bueno,F,1,Sociedad,62,5,98,18,93,99,44,33,10,60,46,36,68,71,69,1,0,1,1,1,0,1,0,1,Bueno,CON OBSERVACIONES-EVALUABLE,[2]Media_Propension,Cliente Finaciado,NO,RED SUCURSALES
1024,Microempresas,Transporte,Segmento A,Segmento A,Region 2,Zona 3,0,1,1,1,0,1,0,1,1,1,1,65,Bueno,Regular,M,2,Sociedad,94,61,4,10,59,56,13,1,13,0,38,12,28,5,29,0,1,0,0,1,0,1,1,0,Excelente,CON OBSERVACIONES-EVALUABLE,[1]Alta_Propension,Castigado o Sin Producto,SI,RED SUCURSALES
1025,deudor no comercial,Comercial,Segmento A,Segmento A,Region 1,Zona 1,0,1,0,1,1,0,0,1,1,0,1,35,Malo,Bueno,F,2,SPA,96,87,74,32,99,66,91,72,48,56,95,90,39,66,39,0,0,0,0,0,0,0,1,1,Malo,NO SUJETO DE CREDITO,[3]Baja_Propension,Cliente No Financiado,NO,
1026,deudor comercial,Comercial,Segmento A,Segmento C,Region 1,Zona 3,1,1,1,0,1,0,0,1,1,1,1,69,Regular,Regular,M,1,Sociedad,55,14,71,14,66,46,54,18,60,13,57,42,20,55,43,1,0,1,1,0,0,0,1,1,Malo,NO SUJETO DE CREDITO,[1]Alta_Propension,Castigado o Sin Producto,NO,SALESFORCE - CCL
1027,Microempresas,Turismo,Segmento B,Segmento B,Region 2,Zona 3,0,0,1,0,1,1,0,1,1,0,1,21,Bueno,Bueno,M,1,Cooperativas,69,91,96,31,37,1,66,6,1,55,51,89,55,15,4,1,1,0,1,1,0,0,0,1,Bueno,NO SUJETO DE CREDITO,[1]Alta_Propension,Castigado o Sin Producto,NO,RED SUCURSALES
1028,deudor comercial,Comercial,Segmento B,Segmento A,Region 1,Zona 2,1,0,1,0,1,0,0,0,1,0,0,46,Bueno,Malo,M,1,Sindicatos,57,27,7,28,58,82,3,86,15,96,12,18,82,1,63,0,1,0,0,0,0,0,0,0,Malo,NO SUJETO DE CREDITO,[1]Alta_Propension,Cliente Finaciado,NO,
1029,deudor no comercial,Transporte,Segmento C,Segmento C,Region 1,Zona 3,0,0,0,1,0,1,1,1,1,0,1,57,Regular,Regular,F,2,Federacion,89,39,85,22,45,4,52,78,94,94,73,50,41,30,51,0,0,0,0,0,0,0,1,0,Bueno,CON OBSERVACIONES-EVALUABLE,[3]Baja_Propension,Cliente Finaciado,SI,SALESFORCE - CCL
1030,Microempresas,Comercial,Segmento B,Segmento C,Region 1,Zona 1,0,1,0,1,1,0,1,0,1,1,1,29,Regular,Regular,M,2,Sociedad,54,47,77,74,19,76,55,22,96,44,32,86,45,57,58,1,1,0,0,1,0,1,0,1,Malo,SUJETO DE CREDITO-EVALUABLE,[1]Alta_Propension,Castigado o Sin Producto,SI,RED SUCURSALES
1031,Microempresas,Turismo,Segmento C,Segmento C,Region 3,Zona 2,0,1,0,0,0,1,0,0,0,1,1,25,Malo,Bueno,F,1,Sociedad,71,38,27,78,2,31,68,97,11,36,61,19,82,67,16,1,0,0,0,1,1,1,1,0,Excelente,SUJETO DE CREDITO-EVALUABLE,[2]Media_Propension,Castigado o Sin Producto,NO,
1032,Microempresas,Transporte,Segmento B,Segmento B,Region 2,Zona 1,1,0,0,0,1,1,0,1,0,0,0,21,Bueno,Bueno,M,1,SPA,88,73,91,28,5,32,75,48,42,85,9,90,46,20,84,1,1,1,0,0,1,1,0,0,Excelente,NO SUJETO DE CREDITO,[1]Alta_Propension,Cliente No Financiado,SI,SALESFORCE -WEB
1033,deudor no comercial,Comercial,Segmento C,Segmento B,Region 1,Zona 1,1,1,0,0,1,1,0,1,0,1,1,70,Bueno,Malo,F,1,Federacion,74,98,90,4,87,85,35,83,50,59,34,35,10,23,45,1,1,1,1,1,1,1,0,0,Bueno,SUJETO DE CREDITO-EVALUABLE,[1]Alta_Propension,Cliente Finaciado,NO,SALESFORCE -WEB
1034,deudor no comercial,Transporte,Segmento A,Segmento A,Region 2,Zona 3,0,1,0,0,1,0,0,1,1,0,0,32,Regular,Bueno,M,2,Sociedad,9,11,80,84,1,96,23,23,61,97,9,12,94,38,98,0,0,1,1,0,1,1,1,1,Malo,CON OBSERVACIONES-EVALUABLE,[3]Baja_Propension,Cliente Finaciado,SI,
1035,deudor no comercial,Comercial,Segmento B,Segmento A,Region 3,Zona 3,1,1,0,1,0,1,0,1,0,0,1,48,Malo,Bueno,F,2,SPA,30,12,17,83,7,30,69,46,56,1,43,45,80,54,54,1,1,1,0,0,1,1,0,0,Bueno,NO SUJETO DE CREDITO,[2]Media_Propension,Cliente No Financiado,SI,SALESFORCE - CCL
1036,deudor comercial,Turismo,Segmento B,Segmento C,Region 2,Zona 2,0,0,0,0,0,1,0,1,1,1,0,49,Malo,Regular,F,2,Sindicatos,63,86,40,48,89,36,49,57,68,94,88,57,26,62,60,1,0,1,1,0,0,1,0,1,Malo,CON OBSERVACIONES-EVALUABLE,[1]Alta_Propension,Castigado o Sin Producto,SI,RED SUCURSALES
1037,Microempresas,Turismo,Segmento C,Segmento B,Region 1,Zona 1,1,0,0,1,0,0,0,0,0,1,1,68,Regular,Malo,M,1,Sindicatos,65,32,37,95,78,37,90,42,33,44,42,77,33,57,7,0,0,0,0,0,1,1,0,1,Malo,CON OBSERVACIONES-EVALUABLE,[3]Baja_Propension,Cliente Finaciado,SI,
1038,Microempresas,Transporte,Segmento C,Segmento B,Region 2,Zona 3,0,0,1,0,0,0,1,1,1,0,1,30,Malo,Malo,F,1,Cooperativas,49,89,80,49,82,0,97,42,52,12,36,89,49,95,32,1,1,1,1,0,1,1,0,0,Excelente,NO SUJETO DE CREDITO,[2]Media_Propension,Cliente No Financiado,SI,SALESFORCE - CCL
1039,deudor no comercial,Transporte,Segmento B,Segmento B,Region 1,Zona 2,1,0,0,1,0,1,1,0,0,1,1,36,Regular,Regular,M,2,SPA,86,33,41,55,84,75,60,95,40,70,64,82,0,21,50,1,0,1,0,1,1,1,0,1,Excelente,CON OBSERVACIONES-EVALUABLE,[3]Baja_Propension,Castigado o Sin Producto,SI,RED SUCURSALES
1040,Microempresas,Comercial,Segmento A,Segmento A,Region 3,Zona 1,1,0,1,1,1,1,1,0,1,1,1,64,Malo,Malo,F,1,Federacion,55,38,33,57,82,94,48,77,36,52,46,38,13,31,99,0,1,0,1,1,0,0,0,0,Malo,CON OBSERVACIONES-EVALUABLE,[2]Media_Propension,Castigado o Sin Producto,NO,RED SUCURSALES
1041,deudor comercial,Comercial,Segmento A,Segmento C,Region 2,Zona 3,1,0,1,0,0,0,1,1,0,1,0,43,Bueno,Bueno,F,2,Sociedad,93,94,46,98,92,3,65,10,80,31,77,19,66,79,83,0,1,0,0,1,1,0,1,0,Bueno,CON OBSERVACIONES-EVALUABLE,[3]Baja_Propension,Cliente No Financiado,NO,SALESFORCE - CCL
1042,Microempresas,Turismo,Segmento B,Segmento C,Region 1,Zona 1,1,1,0,1,1,0,1,0,0,1,0,73,Regular,Bueno,M,1,Sociedad,72,42,93,17,48,75,93,30,36,4,39,7,6,61,43,1,1,0,0,1,0,1,0,1,Bueno,SUJETO DE CREDITO-EVALUABLE,[2]Media_Propension,Cliente No Financiado,SI,SALESFORCE - CCL
1043,deudor no comercial,Transporte,Segmento C,Segmento A,Region 3,Zona 1,0,1,0,1,1,1,1,0,1,0,0,24,Bueno,Malo,F,1,Sociedad,27,67,18,72,64,37,41,64,33,43,79,88,50,62,21,1,1,0,0,1,0,1,1,0,Excelente,CON OBSERVACIONES-EVALUABLE,[3]Baja_Propension,Cliente Finaciado,SI,
1044,deudor no comercial,Comercial,Segmento C,Segmento B,Region 2,Zona 1,0,1,1,1,0,0,0,1,1,0,1,52,Regular,Regular,M,2,Cooperativas,42,98,63,24,40,38,20,89,94,58,17,40,96,34,29,1,0,0,1,0,0,1,0,0,Bueno,SUJETO DE CREDITO-EVALUABLE,[1]Alta_Propension,Cliente Finaciado,SI,VENTA CENTRALIZADA
1045,deudor comercial,Transporte,Segmento A,Segmento C,Region 2,Zona 3,1,1,1,1,1,0,0,1,0,0,0,52,Regular,Malo,M,1,Federacion,71,17,21,63,96,16,69,34,85,93,32,35,36,26,47,0,0,1,1,0,1,0,0,0,Excelente,CON OBSERVACIONES-EVALUABLE,[3]Baja_Propension,Cliente Finaciado,SI,
1046,deudor comercial,Transporte,Segmento B,Segmento C,Region 3,Zona 3,0,1,1,1,0,0,0,0,1,0,0,21,Bueno,Regular,M,1,Cooperativas,33,65,34,88,99,30,83,79,32,77,47,41,85,21,87,0,0,0,0,0,1,0,1,1,Excelente,NO SUJETO DE CREDITO,[1]Alta_Propension,Castigado o Sin Producto,NO,SALESFORCE -WEB
1047,deudor comercial,Turismo,Segmento B,Segmento C,Region 2,Zona 2,0,0,0,1,0,1,1,1,0,0,1,65,Regular,Bueno,M,2,Federacion,88,31,15,6,69,75,15,35,17,33,5,35,3,0,89,1,1,0,0,0,0,1,1,1,Excelente,CON OBSERVACIONES-EVALUABLE,[2]Media_Propension,Cliente Finaciado,SI,VENTA CENTRALIZADA
1048,Microempresas,Transporte,Segmento B,Segmento B,Region 3,Zona 2,0,0,0,0,0,1,0,1,1,1,1,42,Malo,Malo,F,2,SPA,33,47,5,12,43,44,11,31,12,12,11,17,72,1,93,1,0,1,0,0,0,0,0,0,Malo,NO SUJETO DE CREDITO,[3]Baja_Propension,Castigado o Sin Producto,SI,VENTA CENTRALIZADA
1049,deudor comercial,Comercial,Segmento C,Segmento B,Region 2,Zona 1,1,0,1,0,0,0,0,1,0,0,0,41,Bueno,Malo,F,1,Federacion,53,14,20,32,75,85,53,46,6,97,26,2,87,57,2,0,1,0,0,1,1,1,1,1,Excelente,NO SUJETO DE CREDITO,[2]Media_Propension,Cliente Finaciado,SI,SALESFORCE -WEB
1050,deudor no comercial,Turismo,Segmento A,Segmento A,Region 2,Zona 1,0,0,1,0,0,1,0,0,0,1,0,66,Bueno,Regular,F,1,Sociedad,86,7,71,1,76,1,0,11,66,41,63,69,19,80,95,1,0,1,1,1,1,0,0,0,Bueno,SUJETO DE CREDITO-EVALUABLE,[1]Alta_Propension,Cliente Finaciado,NO,RED SUCURSALES
1051,deudor no comercial,Turismo,Segmento C,Segmento A,Region 3,Zona 1,0,1,0,1,1,0,0,1,0,0,1,65,Regular,Malo,M,1,Sociedad,26,10,69,5,9,52,44,31,49,7,12,39,19,29,6,0,1,0,1,0,1,1,1,1,Malo,SUJETO DE CREDITO-EVALUABLE,[3]Baja_Propension,Cliente Finaciado,SI,SALESFORCE - CCL
1052,Microempresas,Transporte,Segmento B,Segmento C,Region 3,Zona 2,0,0,1,0,0,1,1,1,0,1,0,40,Regular,Regular,F,2,SPA,70,45,57,57,51,70,54,70,27,24,29,75,21,17,53,1,1,0,1,0,0,1,0,1,Bueno,NO SUJETO DE CREDITO,[2]Media_Propension,Cliente No Financiado,SI,SALESFORCE - CCL
1053,Microempresas,Comercial,Segmento C,Segmento C,Region 3,Zona 2,0,0,1,1,1,1,0,0,1,1,0,70,Malo,Malo,M,2,Cooperativas,2,73,2,36,60,38,24,34,13,88,62,78,12,0,21,0,1,1,0,1,1,1,1,1,Malo,SUJETO DE CREDITO-EVALUABLE,[2]Media_Propension,Cliente Finaciado,NO,SALESFORCE - CCL
1054,deudor no comercial,Transporte,Segmento C,Segmento A,Region 3,Zona 1,1,0,0,1,0,0,0,0,0,0,1,56,Regular,Malo,M,1,Sociedad,50,4,10,39,2,42,27,33,23,9,79,51,15,59,58,1,0,0,0,0,0,0,0,0,Malo,NO SUJETO DE CREDITO,[3]Baja_Propension,Castigado o Sin Producto,NO,SALESFORCE -WEB
1055,Microempresas,Transporte,Segmento B,Segmento A,Region 2,Zona 2,0,0,0,1,0,0,1,0,1,1,0,38,Regular,Malo,M,2,Cooperativas,13,10,42,71,32,90,32,6,83,50,61,17,15,28,46,1,0,1,0,1,1,0,1,1,Bueno,CON OBSERVACIONES-EVALUABLE,[3]Baja_Propension,Castigado o Sin Producto,NO,SALESFORCE - CCL
1056,deudor no comercial,Turismo,Segmento C,Segmento A,Region 2,Zona 2,0,0,1,1,1,0,1,1,1,1,0,36,Regular,Regular,F,1,Federacion,23,48,86,91,93,64,52,46,25,90,59,74,38,70,84,0,1,1,0,1,1,0,1,1,Malo,NO SUJETO DE CREDITO,[3]Baja_Propension,Cliente Finaciado,NO,
1057,deudor no comercial,Comercial,Segmento A,Segmento B,Region 1,Zona 3,0,0,1,0,1,0,0,1,1,1,0,48,Bueno,Regular,M,1,Sociedad,51,50,35,17,82,3,97,85,95,65,47,19,37,49,42,1,1,1,1,1,1,1,1,1,Excelente,NO SUJETO DE CREDITO,[1]Alta_Propension,Cliente Finaciado,SI,VENTA CENTRALIZADA
1058,deudor comercial,Turismo,Segmento B,Segmento B,Region 3,Zona 3,1,0,1,1,1,1,0,1,0,1,1,25,Bueno,Malo,M,1,Cooperativas,59,78,82,87,53,57,23,67,22,62,60,53,15,35,37,0,1,0,1,0,0,1,1,1,Bueno,NO SUJETO DE CREDITO,[2]Media_Propension,Castigado o Sin Producto,SI,SALESFORCE - CCL
1059,Microempresas,Turismo,Segmento B,Segmento A,Region 2,Zona 2,1,0,1,0,0,1,0,1,0,1,0,73,Regular,Regular,F,1,Sociedad,82,55,85,18,54,61,73,53,34,32,51,85,48,57,89,0,1,0,0,0,1,1,0,0,Malo,CON OBSERVACIONES-EVALUABLE,[3]Baja_Propension,Cliente No Financiado,NO,RED SUCURSALES
1060,deudor comercial,Comercial,Segmento A,Segmento B,Region 3,Zona 2,1,1,0,1,0,0,1,1,0,0,1,70,Malo,Regular,F,2,Cooperativas,97,84,96,89,84,16,13,54,39,19,42,7,5,8,10,0,1,1,0,1,0,0,1,0,Malo,NO SUJETO DE CREDITO,[2]Media_Propension,Cliente Finaciado,NO,RED SUCURSALES
1061,deudor comercial,Comercial,Segmento B,Segmento C,Region 3,Zona 3,0,0,0,0,0,1,0,1,1,1,0,49,Regular,Bueno,F,2,Sindicatos,38,14,42,58,10,57,35,26,76,72,80,51,97,84,87,1,1,0,0,0,1,1,0,1,Bueno,NO SUJETO DE CREDITO,[3]Baja_Propension,Castigado o Sin Producto,SI,VENTA CENTRALIZADA
1062,deudor comercial,Transporte,Segmento C,Segmento A,Region 1,Zona 2,0,1,0,0,1,1,0,0,0,1,0,45,Bueno,Regular,M,2,Sociedad,95,24,58,46,37,56,79,34,90,62,40,54,70,85,54,1,1,0,1,1,1,1,1,1,Excelente,NO SUJETO DE CREDITO,[1]Alta_Propension,Cliente Finaciado,SI,VENTA CENTRALIZADA
1063,Microempresas,Turismo,Segmento B,Segmento A,Region 1,Zona 2,0,0,1,1,1,0,0,1,1,1,1,73,Malo,Malo,F,1,Sindicatos,24,99,90,39,9,79,79,91,19,60,4,12,79,82,51,1,0,1,0,0,0,0,0,1,Malo,CON OBSERVACIONES-EVALUABLE,[1]Alta_Propension,Castigado o Sin Producto,NO,RED SUCURSALES
1064,Microempresas,Turismo,Segmento B,Segmento C,Region 2,Zona 2,0,1,0,0,1,1,1,1,1,1,0,74,Regular,Malo,M,1,Sociedad,31,29,65,84,74,26,70,50,33,94,27,7,45,36,68,0,0,0,0,0,1,1,0,1,Malo,CON OBSERVACIONES-EVALUABLE,[3]Baja_Propension,Cliente Finaciado,NO,RED SUCURSALES
1065,deudor comercial,Transporte,Segmento B,Segmento B,Region 3,Zona 2,0,1,0,1,1,0,1,0,1,1,0,69,Regular,Regular,F,2,Sociedad,44,44,59,41,28,11,45,26,60,68,44,75,5,80,16,0,0,0,0,1,1,1,1,0,Bueno,SUJETO DE CREDITO-EVALUABLE,[1]Alta_Propension,Cliente Finaciado,NO,SALESFORCE - CCL
1066,deudor comercial,Transporte,Segmento C,Segmento C,Region 1,Zona 3,0,0,0,0,1,1,0,0,0,0,0,23,Malo,Regular,F,2,Federacion,57,88,61,94,54,1,64,85,28,53,36,53,73,17,51,1,1,0,1,1,0,0,0,0,Excelente,CON OBSERVACIONES-EVALUABLE,[2]Media_Propension,Cliente Finaciado,NO,
1067,Microempresas,Transporte,Segmento B,Segmento B,Region 3,Zona 3,0,1,0,0,1,1,0,0,1,1,0,66,Regular,Regular,F,2,Sociedad,7,88,15,59,43,76,47,4,98,10,49,35,88,95,72,1,1,1,1,1,0,0,1,0,Bueno,SUJETO DE CREDITO-EVALUABLE,[1]Alta_Propension,Cliente Finaciado,NO,SALESFORCE - CCL
1068,Microempresas,Comercial,Segmento A,Segmento B,Region 2,Zona 1,1,1,1,1,1,0,1,0,0,0,0,42,Regular,Malo,M,2,SPA,22,31,67,52,45,86,37,66,1,45,27,18,72,24,34,1,1,1,1,0,1,1,1,0,Malo,CON OBSERVACIONES-EVALUABLE,[3]Baja_Propension,Cliente Finaciado,SI,VENTA CENTRALIZADA
1069,deudor comercial,Comercial,Segmento C,Segmento B,Region 1,Zona 2,0,1,1,0,0,1,0,1,1,0,1,39,Malo,Malo,F,1,SPA,10,29,94,60,34,55,86,90,8,71,70,37,26,21,17,0,0,1,0,1,1,1,0,0,Malo,SUJETO DE CREDITO-EVALUABLE,[1]Alta_Propension,Cliente No Financiado,SI,RED SUCURSALES
1070,deudor comercial,Transporte,Segmento A,Segmento B,Region 3,Zona 3,0,1,0,0,1,0,1,0,0,1,1,40,Bueno,Regular,M,2,Sindicatos,48,92,93,35,19,17,93,46,52,3,54,50,1,81,3,1,1,0,1,1,1,1,0,1,Malo,SUJETO DE CREDITO-EVALUABLE,[1]Alta_Propension,Cliente No Financiado,SI,VENTA CENTRALIZADA
1071,Microempresas,Transporte,Segmento C,Segmento B,Region 1,Zona 2,1,1,1,0,1,0,0,1,1,1,1,24,Regular,Regular,M,2,Cooperativas,50,45,63,27,50,64,38,13,59,10,54,66,29,47,25,0,0,0,1,0,0,1,0,1,Bueno,SUJETO DE CREDITO-EVALUABLE,[1]Alta_Propension,Cliente No Financiado,SI,
1072,deudor comercial,Transporte,Segmento B,Segmento A,Region 3,Zona 1,0,0,1,1,0,0,0,1,1,0,0,62,Bueno,Bueno,M,1,Sociedad,96,75,89,72,57,86,57,54,42,49,88,6,76,67,11,0,0,0,1,1,0,0,0,0,Bueno,CON OBSERVACIONES-EVALUABLE,[1]Alta_Propension,Cliente No Financiado,NO,SALESFORCE - CCL
1073,Microempresas,Turismo,Segmento A,Segmento C,Region 3,Zona 2,0,0,1,1,0,1,1,1,1,1,1,63,Malo,Bueno,F,2,Sociedad,59,80,25,91,76,54,80,80,53,98,13,64,94,40,76,0,1,1,1,0,0,1,0,0,Excelente,NO SUJETO DE CREDITO,[1]Alta_Propension,Castigado o Sin Producto,SI,RED SUCURSALES
1074,deudor comercial,Comercial,Segmento A,Segmento B,Region 2,Zona 2,0,1,1,1,0,1,1,1,1,0,1,25,Malo,Regular,F,2,Sindicatos,17,20,70,32,59,68,61,15,71,25,25,75,11,12,0,1,0,1,0,1,0,0,0,0,Malo,SUJETO DE CREDITO-EVALUABLE,[2]Media_Propension,Castigado o Sin Producto,NO,
1075,Microempresas,Comercial,Segmento B,Segmento C,Region 1,Zona 3,1,0,1,0,1,0,0,1,0,1,0,74,Regular,Malo,M,1,Federacion,78,61,46,60,86,8,35,52,65,91,40,82,64,3,69,0,0,1,1,1,0,0,1,1,Bueno,SUJETO DE CREDITO-EVALUABLE,[2]Media_Propension,Cliente Finaciado,SI,VENTA CENTRALIZADA
1076,deudor no comercial,Transporte,Segmento A,Segmento A,Region 2,Zona 3,0,0,0,0,0,1,1,0,1,1,0,45,Bueno,Malo,F,2,Cooperativas,42,77,56,28,69,87,84,49,72,36,18,70,31,73,72,1,0,0,1,1,1,0,1,1,Bueno,CON OBSERVACIONES-EVALUABLE,[1]Alta_Propension,Cliente No Financiado,NO,RED SUCURSALES
1077,deudor comercial,Transporte,Segmento B,Segmento B,Region 1,Zona 1,0,1,0,1,0,0,0,0,1,1,0,48,Regular,Bueno,F,1,Cooperativas,1,18,55,51,49,71,55,48,65,22,3,34,22,90,57,0,1,1,0,1,1,0,1,0,Bueno,SUJETO DE CREDITO-EVALUABLE,[2]Media_Propension,Cliente No Financiado,SI,SALESFORCE -WEB
1078,deudor no comercial,Comercial,Segmento A,Segmento C,Region 3,Zona 2,1,1,1,0,1,1,0,0,0,0,0,50,Regular,Bueno,F,1,Federacion,43,99,47,96,26,99,34,87,44,71,44,63,77,23,93,1,1,1,1,1,0,0,1,0,Excelente,SUJETO DE CREDITO-EVALUABLE,[2]Media_Propension,Cliente Finaciado,SI,SALESFORCE - CCL
1079,deudor comercial,Transporte,Segmento C,Segmento A,Region 2,Zona 3,0,1,1,0,0,1,0,0,1,1,0,41,Malo,Bueno,M,1,SPA,89,38,51,4,32,86,47,67,27,76,71,58,34,5,32,0,0,0,0,1,0,0,1,1,Malo,SUJETO DE CREDITO-EVALUABLE,[3]Baja_Propension,Castigado o Sin Producto,NO,SALESFORCE -WEB
1080,deudor comercial,Comercial,Segmento B,Segmento B,Region 1,Zona 2,1,1,0,1,0,1,1,0,0,1,1,29,Regular,Regular,M,1,Federacion,42,5,19,30,33,15,38,96,31,48,54,52,33,56,78,0,1,0,1,1,1,0,0,1,Malo,NO SUJETO DE CREDITO,[1]Alta_Propension,Castigado o Sin Producto,NO,VENTA CENTRALIZADA
1081,deudor comercial,Turismo,Segmento A,Segmento C,Region 3,Zona 1,1,1,0,0,1,1,0,1,0,1,0,43,Malo,Bueno,F,2,SPA,19,24,27,60,31,60,97,42,22,91,4,26,55,48,76,0,1,1,0,0,1,0,0,0,Excelente,CON OBSERVACIONES-EVALUABLE,[3]Baja_Propension,Castigado o Sin Producto,SI,VENTA CENTRALIZADA
1082,deudor no comercial,Transporte,Segmento C,Segmento B,Region 2,Zona 3,0,1,0,0,0,1,1,1,1,0,0,31,Malo,Regular,M,2,Federacion,18,47,25,33,49,18,55,8,73,73,86,23,75,42,13,0,0,0,1,1,1,0,0,1,Excelente,CON OBSERVACIONES-EVALUABLE,[2]Media_Propension,Cliente No Financiado,SI,SALESFORCE -WEB
1083,deudor no comercial,Transporte,Segmento B,Segmento C,Region 1,Zona 3,0,1,0,0,1,1,1,0,1,0,1,59,Regular,Bueno,F,1,Cooperativas,16,67,3,67,94,47,94,32,15,26,21,91,67,32,63,0,1,0,0,1,0,1,0,1,Malo,SUJETO DE CREDITO-EVALUABLE,[1]Alta_Propension,Castigado o Sin Producto,SI,RED SUCURSALES
1084,deudor no comercial,Transporte,Segmento B,Segmento B,Region 2,Zona 3,1,1,0,0,0,0,0,0,1,0,1,51,Malo,Regular,M,2,Sindicatos,11,44,22,33,27,21,85,99,46,86,77,84,96,56,52,0,1,1,0,1,0,0,1,1,Bueno,SUJETO DE CREDITO-EVALUABLE,[1]Alta_Propension,Cliente Finaciado,NO,RED SUCURSALES
1085,deudor no comercial,Comercial,Segmento A,Segmento B,Region 1,Zona 2,0,0,1,0,1,1,0,0,1,1,1,70,Malo,Bueno,F,1,Federacion,85,91,1,40,97,26,40,20,59,80,69,38,45,39,45,0,0,1,1,1,1,1,0,1,Excelente,SUJETO DE CREDITO-EVALUABLE,[3]Baja_Propension,Cliente No Financiado,SI,SALESFORCE - CCL
1086,Microempresas,Transporte,Segmento B,Segmento C,Region 3,Zona 1,1,0,0,0,1,0,1,0,0,0,0,74,Bueno,Regular,F,1,SPA,84,40,13,63,17,74,55,63,85,1,61,74,99,18,40,0,1,0,0,0,0,1,1,1,Malo,SUJETO DE CREDITO-EVALUABLE,[3]Baja_Propension,Castigado o Sin Producto,SI,
1087,deudor no comercial,Comercial,Segmento C,Segmento B,Region 1,Zona 3,1,1,0,1,1,0,0,0,0,0,1,62,Malo,Malo,F,1,Cooperativas,84,93,74,81,34,14,93,10,40,53,70,65,20,21,95,1,0,0,0,1,0,0,0,1,Malo,CON OBSERVACIONES-EVALUABLE,[3]Baja_Propension,Cliente No Financiado,NO,VENTA CENTRALIZADA
1088,Microempresas,Comercial,Segmento B,Segmento A,Region 2,Zona 3,0,1,1,0,1,0,0,1,0,1,0,59,Bueno,Bueno,F,2,Federacion,91,98,64,40,31,21,86,95,12,72,15,86,54,51,26,1,1,1,1,1,0,0,1,0,Excelente,CON OBSERVACIONES-EVALUABLE,[1]Alta_Propension,Cliente No Financiado,SI,SALESFORCE - CCL
1089,deudor comercial,Turismo,Segmento C,Segmento A,Region 1,Zona 1,1,1,1,1,0,0,1,1,0,1,1,52,Bueno,Regular,F,2,Cooperativas,77,28,99,85,36,91,16,13,24,48,46,60,0,44,65,0,0,0,1,0,1,1,1,0,Malo,CON OBSERVACIONES-EVALUABLE,[3]Baja_Propension,Cliente Finaciado,SI,RED SUCURSALES
1090,deudor comercial,Transporte,Segmento A,Segmento A,Region 1,Zona 1,0,0,0,0,0,0,1,0,1,0,0,59,Regular,Malo,F,1,Cooperativas,54,30,25,26,74,24,60,1,22,40,21,91,14,69,89,0,1,1,1,0,0,0,0,1,Excelente,SUJETO DE CREDITO-EVALUABLE,[3]Baja_Propension,Castigado o Sin Producto,SI,SALESFORCE - CCL
1091,Microempresas,Comercial,Segmento A,Segmento B,Region 3,Zona 3,0,1,0,1,1,1,1,1,1,1,0,43,Malo,Bueno,M,1,Sociedad,86,66,91,18,81,59,99,21,69,96,16,11,22,74,68,1,0,1,0,0,1,0,0,0,Bueno,CON OBSERVACIONES-EVALUABLE,[3]Baja_Propension,Castigado o Sin Producto,NO,SALESFORCE -WEB
1092,deudor no comercial,Turismo,Segmento C,Segmento B,Region 2,Zona 3,0,0,1,1,0,0,1,0,1,0,0,31,Regular,Malo,F,1,SPA,64,45,1,20,93,16,17,62,11,54,89,38,64,91,21,1,1,1,0,0,0,0,0,1,Malo,NO SUJETO DE CREDITO,[1]Alta_Propension,Cliente Finaciado,SI,SALESFORCE -WEB
1093,deudor comercial,Comercial,Segmento B,Segmento A,Region 1,Zona 1,0,0,1,1,0,0,0,1,0,1,1,52,Bueno,Malo,F,1,Cooperativas,44,44,12,62,3,12,19,6,79,62,51,24,22,60,38,0,0,0,0,1,0,0,1,1,Bueno,NO SUJETO DE CREDITO,[3]Baja_Propension,Castigado o Sin Producto,SI,SALESFORCE -WEB
1094,deudor comercial,Turismo,Segmento A,Segmento A,Region 1,Zona 2,1,1,0,0,1,0,1,1,0,0,1,37,Bueno,Malo,M,2,Sindicatos,14,37,64,36,21,6,63,48,36,55,80,15,17,26,4,1,1,1,0,0,1,0,0,0,Bueno,SUJETO DE CREDITO-EVALUABLE,[1]Alta_Propension,Cliente No Financiado,NO,SALESFORCE -WEB
1095,deudor comercial,Comercial,Segmento B,Segmento B,Region 3,Zona 2,0,0,1,0,1,1,1,0,1,0,0,62,Regular,Regular,F,1,SPA,64,82,78,48,5,96,74,2,49,42,29,48,13,34,74,0,0,1,1,1,1,0,0,1,Malo,NO SUJETO DE CREDITO,[2]Media_Propension,Cliente Finaciado,SI,
1096,deudor no comercial,Turismo,Segmento B,Segmento A,Region 1,Zona 2,0,1,0,1,0,0,1,0,1,0,0,36,Malo,Malo,M,2,Sindicatos,86,83,27,73,46,21,79,54,38,43,35,91,69,20,79,1,0,0,1,1,1,1,1,1,Malo,CON OBSERVACIONES-EVALUABLE,[2]Media_Propension,Castigado o Sin Producto,NO,SALESFORCE -WEB
1097,Microempresas,Transporte,Segmento B,Segmento C,Region 1,Zona 1,0,1,0,0,0,1,1,1,0,1,0,46,Malo,Regular,F,2,Federacion,41,62,79,9,17,91,94,85,54,91,26,11,19,76,76,1,1,0,0,0,1,0,0,0,Malo,NO SUJETO DE CREDITO,[1]Alta_Propension,Castigado o Sin Producto,NO,
1098,Microempresas,Turismo,Segmento B,Segmento A,Region 2,Zona 1,0,0,1,0,1,1,0,0,0,1,1,70,Regular,Regular,F,1,Cooperativas,38,83,65,2,30,13,61,19,27,37,31,31,53,60,41,1,0,1,1,0,0,1,0,0,Excelente,SUJETO DE CREDITO-EVALUABLE,[3]Baja_Propension,Castigado o Sin Producto,SI,
1099,Microempresas,Turismo,Segmento B,Segmento B,Region 2,Zona 3,0,1,1,1,1,1,1,1,1,0,0,38,Bueno,Malo,F,1,SPA,62,13,30,61,73,40,0,23,37,28,32,67,52,24,92,1,1,0,0,0,0,0,0,0,Malo,NO SUJETO DE CREDITO,[1]Alta_Propension,Cliente No Financiado,SI,VENTA CENTRALIZADA
1100,deudor no comercial,Turismo,Segmento C,Segmento B,Region 3,Zona 2,0,0,0,1,1,1,0,0,0,1,0,26,Regular,Regular,F,1,Federacion,81,17,4,48,65,57,29,31,31,2,27,35,60,65,57,0,1,0,1,1,0,0,1,0,Bueno,NO SUJETO DE CREDITO,[2]Media_Propension,Castigado o Sin Producto,NO,SALESFORCE - CCL
1101,deudor no comercial,Comercial,Segmento C,Segmento B,Region 2,Zona 2,0,1,1,1,0,0,0,1,1,1,1,74,Regular,Bueno,M,2,Cooperativas,39,85,52,20,14,78,68,89,75,94,52,32,6,53,35,0,1,1,0,1,0,1,1,1,Excelente,SUJETO DE CREDITO-EVALUABLE,[3]Baja_Propension,Castigado o Sin Producto,SI,VENTA CENTRALIZADA
1102,deudor comercial,Comercial,Segmento B,Segmento C,Region 3,Zona 2,0,1,0,1,1,0,0,1,0,1,1,40,Malo,Bueno,F,1,Cooperativas,72,13,69,52,55,27,67,41,78,10,41,77,33,21,81,0,1,0,1,1,1,0,1,0,Excelente,SUJETO DE CREDITO-EVALUABLE,[2]Media_Propension,Castigado o Sin Producto,NO,VENTA CENTRALIZADA
1103,Microempresas,Comercial,Segmento C,Segmento B,Region 3,Zona 2,1,1,1,1,0,1,1,1,1,1,0,54,Regular,Malo,M,1,Federacion,71,84,39,89,16,27,51,7,75,50,12,7,15,72,36,0,1,1,0,0,0,0,1,0,Excelente,CON OBSERVACIONES-EVALUABLE,[3]Baja_Propension,Cliente Finaciado,NO,SALESFORCE - CCL
1104,deudor comercial,Turismo,Segmento A,Segmento A,Region 2,Zona 2,1,0,0,1,1,1,1,1,1,0,1,38,Bueno,Regular,F,1,Cooperativas,82,32,30,94,50,76,68,7,79,42,28,50,58,57,88,0,0,0,0,1,0,1,1,0,Malo,CON OBSERVACIONES-EVALUABLE,[1]Alta_Propension,Cliente Finaciado,SI,VENTA CENTRALIZADA
1105,deudor no comercial,Comercial,Segmento A,Segmento A,Region 1,Zona 1,0,0,0,1,1,1,0,0,1,1,1,36,Malo,Bueno,M,1,Cooperativas,55,13,49,48,47,3,25,84,37,36,31,57,93,31,84,1,0,1,0,0,0,1,1,1,Excelente,CON OBSERVACIONES-EVALUABLE,[2]Media_Propension,Cliente Finaciado,SI,VENTA CENTRALIZADA
1106,deudor no comercial,Comercial,Segmento C,Segmento A,Region 2,Zona 3,0,0,0,1,0,1,0,1,1,1,1,69,Regular,Bueno,M,2,SPA,51,10,16,22,26,2,72,91,45,89,62,15,2,94,73,1,0,1,0,0,1,0,1,0,Malo,CON OBSERVACIONES-EVALUABLE,[2]Media_Propension,Castigado o Sin Producto,NO,SALESFORCE -WEB
1107,deudor comercial,Comercial,Segmento C,Segmento A,Region 1,Zona 1,0,0,0,1,0,1,0,1,0,0,0,44,Malo,Malo,F,2,SPA,97,52,67,62,78,9,74,71,73,60,12,18,76,1,16,1,1,0,1,0,1,0,0,0,Excelente,CON OBSERVACIONES-EVALUABLE,[2]Media_Propension,Cliente Finaciado,SI,SALESFORCE - CCL
1108,deudor no comercial,Transporte,Segmento A,Segmento A,Region 3,Zona 2,0,1,1,1,1,0,1,0,0,1,1,25,Regular,Malo,M,2,SPA,30,40,84,48,9,55,23,18,95,88,67,3,8,75,69,1,1,1,1,1,1,1,1,1,Excelente,CON OBSERVACIONES-EVALUABLE,[3]Baja_Propension,Castigado o Sin Producto,NO,SALESFORCE -WEB
1109,Microempresas,Comercial,Segmento B,Segmento B,Region 3,Zona 3,1,0,1,0,0,0,1,1,1,1,0,22,Bueno,Malo,F,1,Sindicatos,60,41,88,90,58,6,65,47,35,70,40,47,50,63,81,0,1,1,1,1,1,0,0,1,Bueno,SUJETO DE CREDITO-EVALUABLE,[1]Alta_Propension,Cliente No Financiado,SI,SALESFORCE -WEB
1110,deudor no comercial,Comercial,Segmento B,Segmento B,Region 2,Zona 2,1,0,1,1,1,1,0,0,0,1,0,51,Bueno,Malo,F,2,Sociedad,94,86,71,48,34,29,65,58,39,77,70,20,56,94,88,1,1,0,0,0,1,0,0,1,Excelente,SUJETO DE CREDITO-EVALUABLE,[1]Alta_Propension,Cliente No Financiado,NO,
1111,deudor no comercial,Comercial,Segmento C,Segmento B,Region 3,Zona 2,1,1,1,0,1,1,1,0,1,0,1,58,Malo,Regular,M,1,Sindicatos,8,41,51,2,43,26,31,0,8,72,83,23,39,42,58,0,0,0,0,1,1,0,1,0,Malo,CON OBSERVACIONES-EVALUABLE,[1]Alta_Propension,Castigado o Sin Producto,NO,SALESFORCE - CCL
1112,Microempresas,Turismo,Segmento B,Segmento B,Region 2,Zona 2,0,1,1,1,0,1,1,1,0,0,0,36,Regular,Malo,F,2,SPA,39,9,18,16,82,64,13,75,77,77,33,23,93,27,22,1,1,1,1,0,1,0,1,0,Bueno,CON OBSERVACIONES-EVALUABLE,[2]Media_Propension,Cliente Finaciado,NO,SALESFORCE - CCL
1113,deudor no comercial,Comercial,Segmento B,Segmento B,Region 1,Zona 3,0,1,0,1,0,1,0,0,0,1,0,46,Bueno,Regular,M,1,Sindicatos,43,83,53,14,75,2,3,57,85,7,99,25,75,21,99,0,1,0,0,1,1,0,0,1,Malo,NO SUJETO DE CREDITO,[3]Baja_Propension,Cliente Finaciado,NO,VENTA CENTRALIZADA
1114,Microempresas,Comercial,Segmento C,Segmento A,Region 2,Zona 1,0,0,1,1,0,1,1,1,1,0,1,22,Bueno,Bueno,M,1,Sociedad,32,5,82,3,70,46,44,18,70,83,85,89,31,70,43,1,0,0,0,0,1,1,1,0,Malo,NO SUJETO DE CREDITO,[2]Media_Propension,Cliente Finaciado,SI,
1115,Microempresas,Transporte,Segmento C,Segmento C,Region 2,Zona 1,0,1,0,0,0,0,0,0,0,0,1,64,Regular,Bueno,F,2,SPA,27,46,6,17,93,17,7,42,45,84,1,15,63,97,90,0,0,1,1,1,1,0,0,1,Excelente,CON OBSERVACIONES-EVALUABLE,[3]Baja_Propension,Castigado o Sin Producto,NO,SALESFORCE - CCL
1116,deudor no comercial,Comercial,Segmento C,Segmento A,Region 3,Zona 2,0,0,0,1,0,0,1,0,0,0,1,43,Bueno,Regular,M,2,Federacion,44,82,72,3,78,88,46,68,84,96,86,39,49,8,13,0,0,1,0,0,1,0,0,1,Malo,SUJETO DE CREDITO-EVALUABLE,[1]Alta_Propension,Cliente No Financiado,NO,SALESFORCE - CCL
1117,deudor comercial,Turismo,Segmento A,Segmento C,Region 2,Zona 2,0,1,0,1,0,0,0,1,0,0,0,54,Malo,Malo,M,2,Sociedad,2,26,29,11,0,68,89,40,72,45,18,64,93,76,29,1,1,0,0,0,1,1,1,1,Excelente,SUJETO DE CREDITO-EVALUABLE,[1]Alta_Propension,Cliente Finaciado,NO,
1118,deudor comercial,Transporte,Segmento A,Segmento B,Region 2,Zona 1,1,0,1,0,0,0,1,1,0,0,0,40,Regular,Bueno,M,1,Cooperativas,18,4,10,42,24,48,25,52,79,16,93,49,35,93,47,1,0,1,1,0,1,1,0,1,Excelente,NO SUJETO DE CREDITO,[3]Baja_Propension,Castigado o Sin Producto,NO,RED SUCURSALES
1119,deudor comercial,Transporte,Segmento A,Segmento A,Region 3,Zona 2,0,1,1,0,0,0,0,1,0,0,1,60,Malo,Regular,M,1,Sociedad,48,80,31,50,60,10,55,66,68,63,50,75,33,91,81,0,1,0,1,0,0,0,0,1,Bueno,NO SUJETO DE CREDITO,[3]Baja_Propension,Cliente No Financiado,SI,RED SUCURSALES
1120,Microempresas,Comercial,Segmento A,Segmento C,Region 1,Zona 1,0,0,1,1,1,0,0,1,0,0,0,44,Malo,Regular,F,1,Cooperativas,54,18,98,96,48,85,52,74,37,17,18,11,70,96,89,0,1,0,0,1,0,1,0,0,Bueno,CON OBSERVACIONES-EVALUABLE,[3]Baja_Propension,Castigado o Sin Producto,NO,RED SUCURSALES
1121,deudor no comercial,Turismo,Segmento A,Segmento B,Region 1,Zona 2,1,0,0,0,1,0,0,1,1,1,0,66,Bueno,Regular,F,2,Sindicatos,53,48,7,76,11,34,0,9,5,58,70,22,38,69,45,1,0,1,1,1,1,0,1,0,Excelente,NO SUJETO DE CREDITO,[1]Alta_Propension,Cliente Finaciado,NO,VENTA CENTRALIZADA
1122,deudor comercial,Comercial,Segmento C,Segmento A,Region 3,Zona 1,1,1,0,0,0,0,1,0,0,1,1,28,Malo,Regular,F,2,SPA,38,7,17,74,14,88,7,37,29,56,55,41,89,39,5,1,0,0,0,1,1,1,0,1,Bueno,NO SUJETO DE CREDITO,[2]Media_Propension,Cliente Finaciado,NO,SALESFORCE -WEB
1123,Microempresas,Turismo,Segmento A,Segmento C,Region 3,Zona 1,0,0,1,1,1,1,0,1,1,1,0,53,Regular,Regular,M,1,Sociedad,11,19,65,40,2,11,75,34,62,69,11,32,84,89,29,1,1,1,0,0,1,1,1,0,Excelente,SUJETO DE CREDITO-EVALUABLE,[1]Alta_Propension,Cliente No Financiado,SI,RED SUCURSALES
1124,deudor no comercial,Comercial,Segmento B,Segmento A,Region 3,Zona 2,0,0,0,1,0,0,0,1,1,0,1,67,Bueno,Malo,M,1,SPA,45,14,29,76,64,56,54,35,54,68,40,14,72,54,50,1,0,1,1,1,1,0,1,0,Excelente,NO SUJETO DE CREDITO,[1]Alta_Propension,Cliente Finaciado,SI,RED SUCURSALES
1125,Microempresas,Turismo,Segmento B,Segmento C,Region 1,Zona 2,1,0,0,0,1,0,1,0,1,0,0,55,Malo,Malo,M,1,Sociedad,8,74,14,26,47,54,84,25,55,61,53,61,50,45,3,1,1,1,1,0,1,1,0,1,Excelente,CON OBSERVACIONES-EVALUABLE,[3]Baja_Propension,Cliente Finaciado,SI,RED SUCURSALES
1126,Microempresas,Comercial,Segmento C,Segmento B,Region 1,Zona 2,0,0,1,1,1,1,1,1,0,1,1,52,Malo,Regular,F,1,Sindicatos,1,13,80,55,99,99,87,42,98,84,93,20,80,17,97,1,0,1,0,0,0,0,0,0,Bueno,CON OBSERVACIONES-EVALUABLE,[2]Media_Propension,Castigado o Sin Producto,SI,
1127,deudor comercial,Comercial,Segmento B,Segmento A,Region 2,Zona 2,0,1,0,1,0,0,0,1,0,0,0,46,Malo,Malo,M,1,Federacion,56,41,16,67,74,31,86,43,43,66,92,2,26,32,83,0,0,1,0,0,1,0,0,1,Malo,NO SUJETO DE CREDITO,[3]Baja_Propension,Cliente Finaciado,NO,
1128,Microempresas,Comercial,Segmento A,Segmento B,Region 3,Zona 3,1,1,1,0,1,0,1,0,0,1,0,33,Regular,Malo,F,1,Sindicatos,16,20,12,12,69,62,14,40,40,84,23,15,17,68,27,1,1,0,0,1,0,1,0,0,Bueno,CON OBSERVACIONES-EVALUABLE,[1]Alta_Propension,Castigado o Sin Producto,NO,VENTA CENTRALIZADA
1129,deudor comercial,Turismo,Segmento C,Segmento C,Region 2,Zona 1,0,1,1,1,0,1,1,0,1,0,1,52,Regular,Malo,F,1,Sociedad,96,57,28,7,52,3,55,41,31,51,54,28,27,86,40,0,0,1,1,0,1,0,0,0,Excelente,CON OBSERVACIONES-EVALUABLE,[2]Media_Propension,Castigado o Sin Producto,SI,SALESFORCE -WEB
1130,Microempresas,Turismo,Segmento C,Segmento C,Region 1,Zona 1,0,1,0,0,0,0,1,0,1,0,1,48,Bueno,Bueno,M,2,Cooperativas,42,32,56,83,57,21,78,29,36,2,90,39,18,93,19,0,1,0,0,0,0,0,1,0,Excelente,SUJETO DE CREDITO-EVALUABLE,[3]Baja_Propension,Cliente No Financiado,NO,RED SUCURSALES
1131,Microempresas,Turismo,Segmento A,Segmento B,Region 1,Zona 3,0,0,1,0,1,1,0,0,0,0,0,48,Bueno,Malo,M,1,Cooperativas,22,37,86,56,38,49,34,99,45,15,25,31,1,25,10,0,0,1,0,1,1,1,0,0,Bueno,CON OBSERVACIONES-EVALUABLE,[2]Media_Propension,Castigado o Sin Producto,SI,SALESFORCE - CCL
1132,Microempresas,Transporte,Segmento A,Segmento A,Region 3,Zona 3,0,1,0,0,1,1,0,0,0,0,1,19,Regular,Regular,F,2,Cooperativas,10,32,21,36,93,28,4,52,33,69,11,33,6,77,29,0,1,1,1,0,1,1,1,1,Bueno,CON OBSERVACIONES-EVALUABLE,[3]Baja_Propension,Castigado o Sin Producto,NO,VENTA CENTRALIZADA
1133,Microempresas,Turismo,Segmento C,Segmento B,Region 1,Zona 1,1,1,1,0,0,0,0,1,0,0,1,28,Malo,Bueno,M,2,Sindicatos,33,57,47,91,29,72,58,1,7,9,64,28,40,37,21,1,1,0,0,1,0,1,0,0,Bueno,SUJETO DE CREDITO-EVALUABLE,[1]Alta_Propension,Cliente Finaciado,SI,
1134,Microempresas,Turismo,Segmento C,Segmento A,Region 1,Zona 1,0,1,0,0,1,1,1,1,1,1,0,57,Bueno,Bueno,M,1,Cooperativas,24,86,21,79,17,55,53,92,95,95,36,20,4,47,88,0,0,0,1,1,1,1,1,0,Excelente,NO SUJETO DE CREDITO,[3]Baja_Propension,Castigado o Sin Producto,NO,RED SUCURSALES
1135,Microempresas,Comercial,Segmento B,Segmento A,Region 2,Zona 3,1,0,0,0,0,0,1,1,0,1,0,46,Malo,Malo,M,1,SPA,86,42,16,94,41,2,88,14,84,62,66,87,33,0,47,1,0,0,1,0,0,1,0,0,Malo,CON OBSERVACIONES-EVALUABLE,[1]Alta_Propension,Cliente No Financiado,SI,SALESFORCE - CCL
1136,deudor no comercial,Comercial,Segmento B,Segmento C,Region 2,Zona 1,0,1,1,1,0,1,0,0,0,0,0,37,Malo,Bueno,F,2,Sindicatos,59,18,21,59,92,64,57,57,92,7,88,62,97,28,2,1,1,1,0,1,0,0,0,1,Bueno,NO SUJETO DE CREDITO,[2]Media_Propension,Cliente No Financiado,SI,VENTA CENTRALIZADA
1137,deudor no comercial,Turismo,Segmento A,Segmento A,Region 3,Zona 3,0,1,1,0,0,0,1,0,0,0,0,39,Bueno,Bueno,F,1,Sociedad,52,81,60,58,65,59,3,82,39,70,67,52,26,80,84,0,1,1,1,1,0,1,1,1,Bueno,NO SUJETO DE CREDITO,[2]Media_Propension,Castigado o Sin Producto,SI,VENTA CENTRALIZADA
1138,deudor no comercial,Comercial,Segmento C,Segmento B,Region 3,Zona 3,1,1,0,1,1,0,0,1,0,1,1,40,Malo,Bueno,M,2,Federacion,96,12,16,11,69,52,85,9,29,3,83,52,14,44,41,1,0,1,1,0,1,0,0,1,Malo,NO SUJETO DE CREDITO,[1]Alta_Propension,Cliente Finaciado,SI,SALESFORCE -WEB
1139,Microempresas,Turismo,Segmento A,Segmento C,Region 3,Zona 2,1,1,0,0,0,0,0,1,1,0,0,70,Malo,Regular,F,2,Federacion,39,5,71,14,20,67,15,86,15,71,46,22,99,48,42,1,0,0,0,1,0,0,0,1,Excelente,SUJETO DE CREDITO-EVALUABLE,[1]Alta_Propension,Cliente No Financiado,SI,SALESFORCE -WEB
1140,deudor no comercial,Transporte,Segmento B,Segmento C,Region 1,Zona 3,0,1,0,0,1,0,0,0,0,0,1,21,Malo,Bueno,M,1,Sociedad,2,0,52,25,31,51,19,4,69,56,8,61,14,74,99,1,0,0,0,0,0,0,1,0,Excelente,CON OBSERVACIONES-EVALUABLE,[3]Baja_Propension,Cliente No Financiado,SI,RED SUCURSALES
1141,Microempresas,Transporte,Segmento B,Segmento A,Region 2,Zona 1,1,0,1,1,1,0,1,1,0,0,0,61,Regular,Regular,F,2,Cooperativas,7,81,22,22,83,3,38,87,48,79,85,71,71,10,11,1,0,0,1,1,1,0,0,1,Bueno,CON OBSERVACIONES-EVALUABLE,[2]Media_Propension,Cliente Finaciado,NO,SALESFORCE - CCL
1142,deudor comercial,Turismo,Segmento C,Segmento A,Region 2,Zona 2,0,0,0,0,1,1,1,1,1,1,0,20,Regular,Malo,F,1,Sociedad,64,78,34,91,8,38,38,99,8,81,34,87,87,44,42,0,1,1,1,0,0,1,0,0,Excelente,NO SUJETO DE CREDITO,[2]Media_Propension,Cliente No Financiado,SI,
1143,Microempresas,Transporte,Segmento B,Segmento B,Region 1,Zona 1,0,0,0,0,0,0,1,1,0,0,1,56,Malo,Regular,M,2,Cooperativas,65,60,1,35,89,28,65,76,43,43,61,90,61,59,53,0,0,1,1,0,0,1,1,1,Excelente,NO SUJETO DE CREDITO,[1]Alta_Propension,Castigado o Sin Producto,NO,SALESFORCE - CCL
1144,deudor no comercial,Transporte,Segmento C,Segmento C,Region 1,Zona 1,1,0,0,0,0,1,0,1,1,1,1,34,Malo,Regular,M,1,SPA,3,48,10,84,10,43,53,44,49,39,6,81,38,22,23,1,0,1,1,0,1,0,0,0,Excelente,SUJETO DE CREDITO-EVALUABLE,[2]Media_Propension,Castigado o Sin Producto,NO,RED SUCURSALES
1145,Microempresas,Transporte,Segmento C,Segmento B,Region 3,Zona 3,1,0,0,0,0,1,0,0,1,0,0,61,Malo,Regular,M,1,Federacion,8,30,56,72,50,31,87,25,73,49,31,68,74,57,68,1,1,0,1,0,1,0,0,1,Excelente,CON OBSERVACIONES-EVALUABLE,[3]Baja_Propension,Castigado o Sin Producto,SI,SALESFORCE - CCL
1146,Microempresas,Turismo,Segmento C,Segmento A,Region 1,Zona 3,0,0,1,0,1,1,0,0,0,0,0,20,Regular,Malo,F,1,Cooperativas,76,13,83,38,69,33,48,21,73,2,7,85,45,92,67,0,1,1,1,0,0,0,1,0,Malo,NO SUJETO DE CREDITO,[3]Baja_Propension,Cliente Finaciado,NO,SALESFORCE -WEB
1147,deudor comercial,Turismo,Segmento A,Segmento B,Region 2,Zona 2,0,0,1,1,0,0,1,0,0,1,1,29,Regular,Regular,M,1,Sociedad,5,33,67,2,92,25,13,92,32,50,58,3,62,85,53,1,0,0,0,0,1,1,0,1,Excelente,NO SUJETO DE CREDITO,[1]Alta_Propension,Castigado o Sin Producto,NO,SALESFORCE -WEB
1148,Microempresas,Comercial,Segmento A,Segmento C,Region 3,Zona 2,1,1,1,1,1,0,0,0,1,1,0,18,Regular,Bueno,F,2,Sociedad,6,4,94,99,42,58,43,53,37,28,91,61,49,80,24,1,0,1,1,0,0,1,1,1,Bueno,NO SUJETO DE CREDITO,[2]Media_Propension,Cliente Finaciado,SI,
1149,deudor comercial,Transporte,Segmento C,Segmento B,Region 1,Zona 1,0,0,0,0,1,1,0,0,0,0,1,40,Malo,Regular,F,1,Sociedad,90,25,41,93,68,42,78,93,1,56,90,30,4,99,27,1,1,1,1,0,1,1,0,0,Excelente,CON OBSERVACIONES-EVALUABLE,[1]Alta_Propension,Castigado o Sin Producto,NO,
1150,Microempresas,Turismo,Segmento B,Segmento A,Region 1,Zona 1,0,0,0,0,0,0,0,0,0,0,1,28,Bueno,Malo,M,1,Sindicatos,3,25,35,22,60,73,82,54,22,96,47,96,77,25,70,0,1,1,0,1,0,1,1,1,Excelente,CON OBSERVACIONES-EVALUABLE,[1]Alta_Propension,Cliente No Financiado,SI,RED SUCURSALES
1151,Microempresas,Transporte,Segmento C,Segmento B,Region 2,Zona 2,0,1,1,1,1,0,0,0,1,0,0,45,Bueno,Regular,F,2,Federacion,45,54,88,85,86,74,20,16,12,49,0,13,2,26,26,0,0,0,0,1,0,0,0,1,Excelente,CON OBSERVACIONES-EVALUABLE,[2]Media_Propension,Cliente Finaciado,SI,RED SUCURSALES
1152,Microempresas,Comercial,Segmento A,Segmento A,Region 1,Zona 1,1,0,1,1,1,1,1,1,0,1,0,65,Bueno,Bueno,F,2,Sindicatos,2,14,1,15,84,66,25,28,72,81,97,13,28,30,27,0,1,1,0,1,1,1,1,1,Malo,SUJETO DE CREDITO-EVALUABLE,[2]Media_Propension,Cliente No Financiado,SI,VENTA CENTRALIZADA
1153,Microempresas,Comercial,Segmento A,Segmento C,Region 3,Zona 1,1,0,0,1,0,0,1,1,0,1,0,44,Malo,Malo,M,1,Sindicatos,72,3,19,18,81,70,77,39,69,90,45,56,11,47,22,1,0,1,0,0,0,1,1,0,Malo,SUJETO DE CREDITO-EVALUABLE,[2]Media_Propension,Cliente No Financiado,SI,SALESFORCE - CCL
1154,Microempresas,Comercial,Segmento A,Segmento C,Region 2,Zona 3,1,0,0,0,0,1,0,1,1,1,1,20,Bueno,Bueno,M,2,Sindicatos,97,63,67,77,31,61,11,69,99,6,79,82,46,87,5,1,0,0,1,1,0,1,1,0,Excelente,CON OBSERVACIONES-EVALUABLE,[3]Baja_Propension,Castigado o Sin Producto,NO,
1155,Microempresas,Comercial,Segmento A,Segmento C,Region 1,Zona 3,0,1,1,1,0,0,0,1,1,0,1,46,Malo,Malo,F,2,SPA,86,50,87,84,19,1,33,41,4,12,7,42,82,48,75,0,0,1,0,1,0,0,1,1,Excelente,NO SUJETO DE CREDITO,[1]Alta_Propension,Cliente No Financiado,NO,VENTA CENTRALIZADA
1156,deudor no comercial,Transporte,Segmento A,Segmento A,Region 3,Zona 1,1,0,1,1,0,0,0,1,0,1,0,50,Regular,Bueno,F,2,Sindicatos,82,29,19,47,0,56,52,46,62,93,62,64,39,16,52,0,0,0,1,0,1,0,0,0,Excelente,NO SUJETO DE CREDITO,[1]Alta_Propension,Castigado o Sin Producto,SI,
1157,deudor no comercial,Transporte,Segmento B,Segmento B,Region 1,Zona 1,0,0,1,0,1,0,1,1,0,1,0,50,Malo,Regular,M,1,Federacion,90,19,39,47,67,83,81,89,24,89,64,82,80,81,7,1,0,0,0,0,1,1,1,1,Excelente,SUJETO DE CREDITO-EVALUABLE,[3]Baja_Propension,Castigado o Sin Producto,NO,SALESFORCE -WEB
1158,deudor no comercial,Turismo,Segmento C,Segmento C,Region 3,Zona 3,0,0,1,0,0,1,0,0,1,1,0,61,Bueno,Regular,F,1,Sindicatos,55,46,79,61,63,75,53,9,41,72,57,88,22,38,81,1,0,0,0,0,1,1,0,0,Bueno,CON OBSERVACIONES-EVALUABLE,[2]Media_Propension,Castigado o Sin Producto,SI,
1159,deudor comercial,Turismo,Segmento B,Segmento C,Region 1,Zona 1,0,0,0,1,1,1,1,0,0,1,0,54,Malo,Regular,M,1,SPA,66,83,24,87,70,56,99,22,20,2,99,55,62,86,36,0,0,0,1,1,1,1,1,0,Malo,NO SUJETO DE CREDITO,[1]Alta_Propension,Cliente No Financiado,SI,RED SUCURSALES
1160,Microempresas,Transporte,Segmento A,Segmento A,Region 2,Zona 3,0,1,0,0,0,1,0,0,0,0,1,54,Regular,Malo,M,1,Sindicatos,80,64,72,10,26,67,68,30,0,18,30,68,16,85,38,1,0,0,1,1,0,1,1,1,Bueno,NO SUJETO DE CREDITO,[3]Baja_Propension,Cliente No Financiado,NO,VENTA CENTRALIZADA
1161,Microempresas,Transporte,Segmento C,Segmento A,Region 3,Zona 1,0,1,0,1,0,0,0,1,1,0,1,29,Regular,Bueno,F,2,Cooperativas,69,69,94,33,53,53,55,30,84,53,28,24,14,93,43,1,0,0,1,0,1,1,1,0,Bueno,SUJETO DE CREDITO-EVALUABLE,[2]Media_Propension,Cliente Finaciado,NO,VENTA CENTRALIZADA
1162,deudor no comercial,Turismo,Segmento B,Segmento A,Region 2,Zona 3,1,1,0,1,1,1,1,0,1,1,0,28,Regular,Malo,F,1,Cooperativas,76,86,68,65,2,16,30,48,79,77,12,46,80,3,51,1,0,1,0,1,1,1,1,1,Malo,SUJETO DE CREDITO-EVALUABLE,[2]Media_Propension,Cliente Finaciado,NO,RED SUCURSALES
1163,deudor no comercial,Turismo,Segmento A,Segmento A,Region 3,Zona 2,1,0,0,1,1,0,0,0,1,1,1,22,Regular,Malo,F,2,Sindicatos,11,80,13,72,73,27,9,81,19,65,73,49,66,65,33,0,1,1,0,1,0,1,1,0,Malo,SUJETO DE CREDITO-EVALUABLE,[2]Media_Propension,Cliente No Financiado,SI,
1164,deudor comercial,Comercial,Segmento B,Segmento C,Region 1,Zona 2,0,1,0,0,0,0,1,0,1,0,0,52,Malo,Regular,F,1,Sociedad,29,39,26,40,56,8,41,22,33,50,13,71,10,16,23,0,0,1,0,1,1,0,1,1,Malo,SUJETO DE CREDITO-EVALUABLE,[2]Media_Propension,Cliente Finaciado,NO,VENTA CENTRALIZADA
1165,Microempresas,Turismo,Segmento A,Segmento A,Region 3,Zona 1,1,1,0,1,0,1,0,1,0,1,1,46,Malo,Malo,F,2,Federacion,44,23,50,8,82,33,63,19,69,3,46,5,26,32,98,1,1,1,0,1,1,1,0,0,Excelente,CON OBSERVACIONES-EVALUABLE,[1]Alta_Propension,Cliente No Financiado,NO,
1166,Microempresas,Turismo,Segmento A,Segmento B,Region 1,Zona 3,0,1,0,0,1,0,1,0,0,0,0,28,Malo,Bueno,M,1,Sindicatos,68,30,52,23,94,16,63,59,91,57,86,33,81,62,49,0,0,1,0,1,1,0,1,0,Bueno,NO SUJETO DE CREDITO,[3]Baja_Propension,Cliente No Financiado,SI,SALESFORCE - CCL
1167,Microempresas,Comercial,Segmento A,Segmento A,Region 2,Zona 1,1,1,1,1,0,1,0,1,0,1,0,67,Malo,Regular,M,2,SPA,35,44,29,37,80,51,36,82,94,92,66,96,19,56,57,1,1,1,1,0,1,1,0,0,Malo,NO SUJETO DE CREDITO,[2]Media_Propension,Cliente Finaciado,SI,
1168,deudor no comercial,Turismo,Segmento B,Segmento A,Region 3,Zona 2,1,1,1,1,1,1,1,0,0,0,1,74,Bueno,Regular,M,1,Sociedad,71,69,44,14,3,8,62,80,84,92,62,97,34,10,13,0,1,0,1,1,0,0,0,0,Excelente,NO SUJETO DE CREDITO,[2]Media_Propension,Cliente Finaciado,NO,
1169,Microempresas,Turismo,Segmento C,Segmento B,Region 2,Zona 2,1,0,0,0,0,0,0,0,1,1,0,44,Regular,Regular,M,1,Sociedad,55,16,30,35,80,51,98,54,86,95,39,31,89,17,48,1,1,0,1,0,1,1,1,0,Malo,NO SUJETO DE CREDITO,[2]Media_Propension,Castigado o Sin Producto,SI,VENTA CENTRALIZADA
1170,Microempresas,Turismo,Segmento A,Segmento B,Region 2,Zona 3,1,1,0,0,0,1,0,0,0,1,0,73,Malo,Regular,M,1,Sociedad,55,55,60,78,39,69,17,81,55,68,23,90,81,59,73,0,1,0,1,1,0,0,0,0,Malo,SUJETO DE CREDITO-EVALUABLE,[1]Alta_Propension,Cliente Finaciado,NO,RED SUCURSALES
1171,Microempresas,Comercial,Segmento A,Segmento A,Region 3,Zona 3,1,1,0,1,0,1,0,1,0,1,1,58,Regular,Bueno,F,2,Cooperativas,35,51,12,60,58,13,23,39,71,92,23,29,59,46,65,0,1,0,1,0,0,1,0,1,Bueno,SUJETO DE CREDITO-EVALUABLE,[2]Media_Propension,Cliente No Financiado,NO,VENTA CENTRALIZADA
1172,deudor comercial,Comercial,Segmento A,Segmento A,Region 2,Zona 3,0,0,0,1,1,1,0,0,1,0,1,52,Regular,Bueno,F,1,Sociedad,57,99,34,13,74,44,48,50,26,38,54,69,28,42,44,1,0,0,0,1,0,1,0,1,Malo,SUJETO DE CREDITO-EVALUABLE,[2]Media_Propension,Castigado o Sin Producto,NO,SALESFORCE - CCL
1173,deudor comercial,Transporte,Segmento B,Segmento A,Region 3,Zona 1,1,0,0,1,0,0,0,0,0,1,1,64,Malo,Regular,F,1,SPA,81,47,9,76,79,75,99,20,66,59,23,12,38,15,56,1,0,1,0,1,0,1,1,0,Excelente,SUJETO DE CREDITO-EVALUABLE,[2]Media_Propension,Cliente No Financiado,SI,VENTA CENTRALIZADA
1174,deudor no comercial,Turismo,Segmento C,Segmento B,Region 1,Zona 1,1,1,1,1,0,0,0,1,0,0,0,58,Malo,Malo,F,2,Cooperativas,68,20,62,37,2,21,19,95,96,4,74,64,94,59,61,0,1,1,0,0,0,0,0,0,Bueno,NO SUJETO DE CREDITO,[3]Baja_Propension,Cliente No Financiado,NO,SALESFORCE - CCL
1175,Microempresas,Comercial,Segmento C,Segmento C,Region 2,Zona 1,0,0,0,0,1,0,0,1,1,0,0,48,Malo,Regular,F,1,Cooperativas,27,21,47,19,86,10,37,6,0,55,18,13,60,65,27,1,0,1,1,1,0,1,0,0,Excelente,NO SUJETO DE CREDITO,[1]Alta_Propension,Cliente No Financiado,NO,VENTA CENTRALIZADA
1176,Microempresas,Comercial,Segmento A,Segmento A,Region 3,Zona 1,1,0,1,1,0,0,0,0,0,0,0,69,Bueno,Bueno,F,1,SPA,95,35,83,67,45,73,87,68,69,41,4,95,81,56,40,0,0,1,1,1,0,0,1,0,Excelente,CON OBSERVACIONES-EVALUABLE,[3]Baja_Propension,Castigado o Sin Producto,NO,SALESFORCE - CCL
1177,deudor no comercial,Comercial,Segmento C,Segmento B,Region 1,Zona 3,1,0,0,1,1,0,1,0,0,1,1,57,Malo,Malo,F,2,Cooperativas,70,48,48,48,95,9,43,68,56,67,30,25,78,35,42,0,1,1,1,1,1,0,0,1,Excelente,NO SUJETO DE CREDITO,[3]Baja_Propension,Cliente Finaciado,SI,SALESFORCE -WEB
1178,deudor no comercial,Transporte,Segmento C,Segmento B,Region 1,Zona 3,0,0,1,0,0,0,1,0,1,1,0,18,Bueno,Malo,M,1,Cooperativas,50,88,77,29,92,24,38,6,27,31,52,81,27,55,1,1,1,1,0,0,1,1,0,1,Bueno,NO SUJETO DE CREDITO,[2]Media_Propension,Cliente Finaciado,NO,
1179,deudor comercial,Turismo,Segmento C,Segmento B,Region 3,Zona 1,0,0,0,1,0,0,1,0,1,1,1,38,Malo,Regular,M,2,Sociedad,95,88,7,82,46,7,84,29,35,70,20,38,47,43,64,0,0,1,1,1,0,1,1,1,Malo,NO SUJETO DE CREDITO,[2]Media_Propension,Castigado o Sin Producto,NO,SALESFORCE -WEB
1180,Microempresas,Comercial,Segmento A,Segmento B,Region 1,Zona 2,0,0,1,0,1,0,0,1,0,0,1,21,Regular,Malo,F,1,SPA,58,68,24,93,42,12,54,1,44,61,36,11,45,14,60,0,1,1,1,1,0,1,1,0,Excelente,NO SUJETO DE CREDITO,[1]Alta_Propension,Cliente Finaciado,NO,SALESFORCE -WEB
1181,deudor no comercial,Comercial,Segmento A,Segmento B,Region 2,Zona 3,0,0,1,1,0,1,1,1,0,0,0,55,Bueno,Malo,M,1,Federacion,26,76,71,47,53,44,18,69,95,66,34,75,99,27,92,1,1,0,0,1,1,1,0,1,Malo,CON OBSERVACIONES-EVALUABLE,[3]Baja_Propension,Cliente No Financiado,SI,SALESFORCE - CCL
1182,Microempresas,Comercial,Segmento A,Segmento A,Region 2,Zona 2,1,1,0,1,0,0,0,0,1,0,1,69,Regular,Regular,F,1,Federacion,14,37,91,5,75,93,73,99,27,52,17,97,51,62,16,1,1,1,0,1,0,0,1,1,Bueno,CON OBSERVACIONES-EVALUABLE,[3]Baja_Propension,Cliente No Financiado,SI,VENTA CENTRALIZADA
1183,deudor no comercial,Comercial,Segmento B,Segmento B,Region 1,Zona 3,0,0,0,1,1,0,1,1,1,1,1,50,Regular,Bueno,M,1,Federacion,36,88,9,1,11,40,45,92,94,78,50,53,69,12,73,0,1,1,1,1,0,1,0,1,Excelente,SUJETO DE CREDITO-EVALUABLE,[1]Alta_Propension,Cliente No Financiado,NO,RED SUCURSALES
1184,Microempresas,Turismo,Segmento C,Segmento C,Region 3,Zona 3,0,0,1,0,1,0,1,1,1,0,0,70,Malo,Bueno,M,1,Sociedad,85,58,11,32,1,89,17,79,75,15,13,27,6,14,22,1,0,0,1,0,0,0,1,1,Excelente,NO SUJETO DE CREDITO,[1]Alta_Propension,Cliente No Financiado,SI,
1185,deudor no comercial,Comercial,Segmento A,Segmento B,Region 3,Zona 2,0,1,0,0,0,1,0,1,0,1,0,58,Regular,Regular,F,1,Sociedad,6,46,44,3,56,60,67,18,6,2,72,31,19,89,64,1,1,1,1,0,1,0,1,1,Excelente,NO SUJETO DE CREDITO,[2]Media_Propension,Castigado o Sin Producto,NO,RED SUCURSALES
1186,deudor no comercial,Transporte,Segmento A,Segmento A,Region 3,Zona 2,1,1,1,0,1,0,0,1,1,1,0,30,Malo,Regular,F,1,Federacion,76,52,21,90,56,5,29,53,13,76,51,38,99,69,78,0,1,0,0,1,0,1,0,0,Bueno,SUJETO DE CREDITO-EVALUABLE,[3]Baja_Propension,Cliente No Financiado,NO,
1187,Microempresas,Transporte,Segmento B,Segmento B,Region 1,Zona 3,1,1,0,0,0,1,1,0,0,0,0,36,Regular,Malo,F,2,Sindicatos,31,58,38,91,37,39,73,41,5,35,20,69,79,64,5,0,1,1,1,0,0,1,0,1,Bueno,SUJETO DE CREDITO-EVALUABLE,[1]Alta_Propension,Cliente Finaciado,NO,SALESFORCE - CCL
1188,Microempresas,Comercial,Segmento A,Segmento A,Region 1,Zona 2,0,1,1,1,1,0,0,0,1,1,0,32,Regular,Regular,M,1,Cooperativas,11,53,54,40,31,50,45,27,83,96,28,52,52,65,65,0,1,1,1,0,0,1,1,0,Malo,SUJETO DE CREDITO-EVALUABLE,[3]Baja_Propension,Cliente Finaciado,NO,
1189,deudor comercial,Transporte,Segmento B,Segmento B,Region 3,Zona 2,1,1,0,0,0,0,0,1,1,1,0,33,Malo,Malo,F,1,Sociedad,47,82,10,17,55,45,49,24,40,62,55,42,76,31,76,1,0,0,0,0,0,0,0,1,Malo,CON OBSERVACIONES-EVALUABLE,[1]Alta_Propension,Cliente Finaciado,SI,SALESFORCE -WEB
1190,Microempresas,Transporte,Segmento C,Segmento B,Region 2,Zona 2,0,0,0,0,1,0,0,1,0,1,0,46,Malo,Regular,M,1,Cooperativas,22,65,92,50,55,2,46,50,5,98,64,3,59,84,14,0,0,1,0,1,1,0,0,1,Excelente,CON OBSERVACIONES-EVALUABLE,[1]Alta_Propension,Cliente No Financiado,SI,
1191,deudor no comercial,Transporte,Segmento B,Segmento C,Region 2,Zona 3,0,1,1,1,1,1,0,0,0,1,0,26,Malo,Regular,F,2,Cooperativas,57,40,33,2,55,75,18,11,71,70,87,88,46,3,19,0,1,1,1,0,1,1,1,0,Excelente,NO SUJETO DE CREDITO,[3]Baja_Propension,Cliente No Financiado,SI,SALESFORCE - CCL
1192,deudor no comercial,Comercial,Segmento C,Segmento C,Region 2,Zona 3,1,1,0,1,1,0,1,1,0,0,0,54,Bueno,Regular,F,2,Cooperativas,62,34,27,19,67,16,44,90,83,70,78,27,37,68,41,1,0,0,1,0,1,0,0,0,Malo,SUJETO DE CREDITO-EVALUABLE,[3]Baja_Propension,Cliente Finaciado,NO,SALESFORCE - CCL
1193,deudor no comercial,Comercial,Segmento A,Segmento C,Region 1,Zona 3,1,1,0,0,1,0,1,1,0,0,0,31,Bueno,Malo,F,2,SPA,93,45,28,50,42,26,79,15,9,48,26,13,33,88,98,1,1,1,0,1,0,0,1,0,Bueno,CON OBSERVACIONES-EVALUABLE,[1]Alta_Propension,Castigado o Sin Producto,SI,
1194,Microempresas,Transporte,Segmento A,Segmento A,Region 3,Zona 2,1,0,0,1,0,1,0,0,0,0,1,19,Malo,Regular,M,1,Sociedad,51,16,74,79,34,42,85,10,31,8,68,73,39,6,34,1,0,1,0,0,1,0,0,0,Malo,SUJETO DE CREDITO-EVALUABLE,[3]Baja_Propension,Cliente No Financiado,NO,SALESFORCE -WEB
1195,deudor comercial,Turismo,Segmento A,Segmento A,Region 3,Zona 1,0,0,0,1,1,0,1,0,0,0,1,71,Regular,Bueno,F,1,Sociedad,79,22,9,66,55,43,41,27,37,85,21,66,91,4,30,0,0,1,1,0,0,0,0,0,Bueno,CON OBSERVACIONES-EVALUABLE,[3]Baja_Propension,Cliente No Financiado,NO,SALESFORCE - CCL
1196,Microempresas,Transporte,Segmento A,Segmento C,Region 1,Zona 1,1,1,1,0,0,0,1,1,1,1,1,60,Malo,Bueno,M,2,Sindicatos,43,49,46,54,45,96,52,65,79,56,7,54,87,94,68,1,1,1,1,1,1,1,0,0,Malo,NO SUJETO DE CREDITO,[1]Alta_Propension,Cliente No Financiado,SI,
1197,Microempresas,Transporte,Segmento C,Segmento C,Region 2,Zona 3,0,0,0,0,0,0,1,1,1,1,0,30,Malo,Malo,F,1,Sociedad,51,17,19,83,32,53,58,56,29,4,13,31,38,84,63,1,1,0,0,1,0,0,1,1,Malo,CON OBSERVACIONES-EVALUABLE,[2]Media_Propension,Cliente Finaciado,NO,
1198,Microempresas,Transporte,Segmento B,Segmento C,Region 2,Zona 1,0,1,0,0,0,1,1,1,0,0,1,57,Bueno,Regular,M,2,Sindicatos,39,77,46,57,77,59,12,45,3,37,19,73,59,81,99,1,0,1,1,0,1,0,0,0,Malo,CON OBSERVACIONES-EVALUABLE,[3]Baja_Propension,Cliente Finaciado,NO,RED SUCURSALES
1199,Microempresas,Transporte,Segmento A,Segmento B,Region 3,Zona 3,0,0,1,1,0,1,0,1,1,1,0,30,Regular,Regular,M,2,Sociedad,77,75,53,28,33,39,95,73,82,3,50,92,5,71,52,0,1,1,0,1,1,0,1,1,Malo,SUJETO DE CREDITO-EVALUABLE,[1]Alta_Propension,Cliente No Financiado,NO,VENTA CENTRALIZADA
1200,Microempresas,Transporte,Segmento B,Segmento C,Region 2,Zona 2,0,1,0,0,1,0,0,1,0,0,0,67,Bueno,Regular,M,2,Cooperativas,81,40,69,55,87,20,43,36,50,89,44,38,33,94,27,1,1,0,0,0,0,1,0,1,Bueno,NO SUJETO DE CREDITO,[2]Media_Propension,Cliente No Financiado,NO,SALESFORCE - CCL
1201,deudor comercial,Comercial,Segmento B,Segmento B,Region 1,Zona 3,1,0,0,0,1,1,0,1,1,1,0,33,Bueno,Bueno,M,2,Sindicatos,95,61,56,9,26,13,93,8,39,84,59,47,44,65,64,1,1,1,1,1,0,0,0,1,Malo,CON OBSERVACIONES-EVALUABLE,[2]Media_Propension,Castigado o Sin Producto,NO,SALESFORCE -WEB
1202,deudor no comercial,Comercial,Segmento A,Segmento C,Region 1,Zona 2,1,1,0,1,0,1,0,0,1,0,1,24,Regular,Malo,M,1,Sociedad,2,25,23,84,18,33,0,42,90,92,94,12,23,4,96,1,0,1,0,1,1,1,1,0,Malo,SUJETO DE CREDITO-EVALUABLE,[3]Baja_Propension,Castigado o Sin Producto,NO,SALESFORCE -WEB
1203,Microempresas,Transporte,Segmento A,Segmento C,Region 3,Zona 3,1,0,1,1,0,1,0,1,0,0,0,57,Bueno,Bueno,M,2,Sociedad,81,70,38,2,26,34,42,75,77,1,75,14,47,67,42,0,0,1,1,1,1,0,0,1,Malo,NO SUJETO DE CREDITO,[3]Baja_Propension,Castigado o Sin Producto,NO,RED SUCURSALES
1204,deudor no comercial,Turismo,Segmento A,Segmento A,Region 2,Zona 1,0,1,1,1,1,1,1,0,0,1,1,43,Regular,Regular,M,2,SPA,47,8,94,43,90,56,95,13,69,43,97,67,1,59,75,1,0,0,1,0,1,0,0,0,Excelente,CON OBSERVACIONES-EVALUABLE,[1]Alta_Propension,Cliente Finaciado,SI,
1205,deudor comercial,Comercial,Segmento C,Segmento A,Region 3,Zona 2,1,0,1,0,1,1,1,0,0,0,0,38,Bueno,Malo,F,2,Sociedad,85,15,37,90,26,85,26,54,86,57,61,90,11,59,15,0,0,1,0,0,1,1,1,0,Malo,NO SUJETO DE CREDITO,[3]Baja_Propension,Cliente No Financiado,SI,RED SUCURSALES
1206,deudor no comercial,Comercial,Segmento B,Segmento C,Region 3,Zona 1,1,1,1,0,1,0,0,0,1,1,1,30,Bueno,Regular,M,2,Cooperativas,76,78,34,9,67,1,85,85,89,25,7,14,92,52,60,0,0,0,1,1,0,0,0,1,Excelente,NO SUJETO DE CREDITO,[1]Alta_Propension,Cliente Finaciado,SI,RED SUCURSALES
1207,deudor comercial,Transporte,Segmento B,Segmento B,Region 2,Zona 2,1,1,0,0,1,1,1,1,0,0,1,34,Bueno,Malo,F,2,Cooperativas,11,32,3,60,51,73,81,33,28,74,71,32,57,5,92,1,1,1,0,1,0,0,1,1,Bueno,CON OBSERVACIONES-EVALUABLE,[1]Alta_Propension,Cliente No Financiado,SI,VENTA CENTRALIZADA
1208,deudor no comercial,Comercial,Segmento A,Segmento B,Region 1,Zona 1,1,0,1,1,0,0,1,0,1,0,1,43,Regular,Bueno,F,2,Sociedad,87,83,4,50,62,10,57,52,24,34,36,88,75,89,96,0,0,0,0,1,0,1,0,0,Bueno,SUJETO DE CREDITO-EVALUABLE,[1]Alta_Propension,Castigado o Sin Producto,SI,SALESFORCE - CCL
1209,deudor comercial,Turismo,Segmento C,Segmento B,Region 1,Zona 1,0,1,1,0,0,0,1,1,0,1,1,58,Regular,Malo,F,1,Cooperativas,89,3,79,26,0,99,51,69,43,90,37,16,27,33,39,0,1,1,0,1,1,1,1,0,Malo,NO SUJETO DE CREDITO,[2]Media_Propension,Cliente Finaciado,SI,
1210,deudor no comercial,Turismo,Segmento C,Segmento C,Region 3,Zona 2,0,0,1,1,1,0,1,0,0,1,0,32,Regular,Bueno,F,2,Sindicatos,64,44,98,81,96,1,45,16,70,97,6,96,86,99,93,1,1,1,1,1,0,0,1,0,Bueno,CON OBSERVACIONES-EVALUABLE,[3]Baja_Propension,Cliente Finaciado,NO,SALESFORCE -WEB
1211,Microempresas,Comercial,Segmento A,Segmento B,Region 3,Zona 3,0,1,0,1,0,1,1,0,1,0,1,48,Malo,Regular,F,2,Cooperativas,56,61,39,27,3,6,81,63,89,78,9,15,82,97,73,1,1,0,1,1,0,0,1,0,Excelente,SUJETO DE CREDITO-EVALUABLE,[2]Media_Propension,Cliente Finaciado,NO,
1212,deudor comercial,Comercial,Segmento B,Segmento A,Region 2,Zona 2,1,0,1,1,1,0,0,1,0,1,0,25,Regular,Regular,F,2,Federacion,87,32,96,66,57,93,61,20,43,84,23,17,21,13,6,1,1,0,0,1,0,0,0,0,Bueno,CON OBSERVACIONES-EVALUABLE,[1]Alta_Propension,Castigado o Sin Producto,NO,RED SUCURSALES
1213,Microempresas,Comercial,Segmento B,Segmento A,Region 2,Zona 1,0,0,1,1,0,0,0,0,1,0,1,55,Bueno,Regular,M,2,Sociedad,19,26,65,13,43,98,70,25,24,74,56,27,42,44,67,1,0,1,0,0,1,1,0,1,Excelente,CON OBSERVACIONES-EVALUABLE,[2]Media_Propension,Cliente No Financiado,SI,VENTA CENTRALIZADA
1214,deudor comercial,Comercial,Segmento B,Segmento A,Region 2,Zona 1,1,0,1,0,1,1,1,1,0,0,0,27,Malo,Regular,M,1,SPA,49,60,12,31,22,69,76,83,12,47,78,69,9,82,49,1,1,0,1,0,1,0,1,1,Malo,NO SUJETO DE CREDITO,[2]Media_Propension,Cliente No Financiado,NO,RED SUCURSALES
1215,Microempresas,Transporte,Segmento C,Segmento B,Region 2,Zona 3,1,1,1,1,1,1,0,0,1,1,0,35,Malo,Bueno,M,2,Sindicatos,60,74,65,77,20,53,98,38,87,43,18,17,16,97,23,1,1,0,1,1,0,0,1,1,Malo,SUJETO DE CREDITO-EVALUABLE,[2]Media_Propension,Castigado o Sin Producto,NO,VENTA CENTRALIZADA
1216,deudor no comercial,Transporte,Segmento B,Segmento B,Region 1,Zona 3,1,1,0,1,1,0,0,1,1,0,1,59,Regular,Malo,F,2,Sociedad,57,31,65,57,31,98,88,50,86,68,4,71,44,73,34,0,0,0,0,1,0,0,0,0,Malo,SUJETO DE CREDITO-EVALUABLE,[2]Media_Propension,Cliente Finaciado,NO,VENTA CENTRALIZADA
1217,deudor no comercial,Turismo,Segmento B,Segmento B,Region 2,Zona 2,1,0,1,0,0,0,0,0,1,0,0,55,Malo,Regular,M,2,SPA,40,56,72,24,76,56,81,90,64,45,19,84,56,94,87,0,0,0,0,1,0,0,0,1,Malo,NO SUJETO DE CREDITO,[1]Alta_Propension,Castigado o Sin Producto,SI,SALESFORCE -WEB
1218,Microempresas,Turismo,Segmento B,Segmento A,Region 3,Zona 1,1,1,0,1,1,0,1,1,0,0,1,74,Bueno,Malo,F,1,Cooperativas,92,8,0,49,24,97,44,23,87,94,80,71,20,77,18,1,0,0,0,0,0,1,1,0,Malo,CON OBSERVACIONES-EVALUABLE,[3]Baja_Propension,Castigado o Sin Producto,NO,RED SUCURSALES
1219,Microempresas,Comercial,Segmento B,Segmento B,Region 1,Zona 1,1,0,1,1,1,1,1,1,0,1,0,22,Regular,Malo,M,2,Sindicatos,58,24,8,54,59,46,71,17,33,58,1,85,98,55,27,0,0,1,1,0,1,0,0,0,Malo,CON OBSERVACIONES-EVALUABLE,[3]Baja_Propension,Castigado o Sin Producto,SI,VENTA CENTRALIZADA
1220,deudor no comercial,Comercial,Segmento C,Segmento B,Region 1,Zona 3,0,1,0,1,0,1,0,0,1,0,0,69,Malo,Regular,M,1,SPA,88,75,21,27,5,99,1,60,77,79,42,12,28,66,28,0,1,1,1,0,0,0,1,0,Bueno,CON OBSERVACIONES-EVALUABLE,[2]Media_Propension,Castigado o Sin Producto,SI,SALESFORCE -WEB
1221,deudor no comercial,Turismo,Segmento C,Segmento A,Region 3,Zona 3,0,0,0,1,1,1,0,1,0,0,1,65,Malo,Malo,F,1,Sindicatos,71,0,26,33,24,59,30,18,43,68,42,6,72,47,17,1,1,0,0,1,1,0,1,1,Excelente,CON OBSERVACIONES-EVALUABLE,[1]Alta_Propension,Castigado o Sin Producto,NO,VENTA CENTRALIZADA
1222,deudor no comercial,Turismo,Segmento C,Segmento C,Region 1,Zona 3,0,0,0,0,1,1,1,1,0,1,1,33,Malo,Bueno,M,1,Federacion,55,39,86,99,39,35,0,45,53,0,4,92,76,61,94,0,0,0,1,0,1,0,0,1,Excelente,SUJETO DE CREDITO-EVALUABLE,[3]Baja_Propension,Cliente Finaciado,SI,VENTA CENTRALIZADA
1223,deudor comercial,Comercial,Segmento C,Segmento B,Region 3,Zona 2,1,1,0,1,1,0,0,1,1,0,0,50,Malo,Malo,F,2,Federacion,21,4,26,9,8,5,48,84,82,2,86,38,91,47,4,0,0,1,1,1,0,0,1,0,Malo,SUJETO DE CREDITO-EVALUABLE,[3]Baja_Propension,Cliente No Financiado,NO,
1224,Microempresas,Turismo,Segmento B,Segmento C,Region 1,Zona 1,0,0,0,1,0,0,0,1,1,1,0,20,Regular,Regular,M,1,Sociedad,76,49,98,37,85,41,16,18,23,16,60,29,73,62,77,1,1,1,1,1,0,0,1,1,Bueno,NO SUJETO DE CREDITO,[1]Alta_Propension,Cliente No Financiado,NO,
1225,Microempresas,Transporte,Segmento A,Segmento A,Region 3,Zona 3,1,1,0,0,0,1,1,1,0,0,1,64,Bueno,Regular,F,1,Federacion,1,46,57,78,52,87,94,24,74,14,40,54,66,89,77,1,0,1,1,1,0,0,0,0,Bueno,NO SUJETO DE CREDITO,[2]Media_Propension,Cliente No Financiado,NO,SALESFORCE -WEB
1226,deudor no comercial,Comercial,Segmento B,Segmento A,Region 1,Zona 3,0,0,1,0,1,0,1,1,0,1,0,47,Regular,Malo,F,1,SPA,64,22,1,64,72,56,91,9,51,91,76,19,43,11,65,0,1,0,0,1,1,1,0,1,Excelente,NO SUJETO DE CREDITO,[1]Alta_Propension,Cliente Finaciado,SI,RED SUCURSALES
1227,Microempresas,Transporte,Segmento A,Segmento A,Region 2,Zona 1,1,1,0,0,0,1,0,0,0,0,0,50,Malo,Malo,F,2,Federacion,85,18,10,69,93,93,80,95,8,72,47,87,53,85,88,1,0,1,1,1,1,1,1,0,Bueno,SUJETO DE CREDITO-EVALUABLE,[3]Baja_Propension,Castigado o Sin Producto,SI,SALESFORCE - CCL
1228,deudor no comercial,Comercial,Segmento A,Segmento C,Region 3,Zona 2,1,1,0,0,0,0,1,0,0,0,0,54,Regular,Bueno,F,2,Cooperativas,31,69,74,96,35,14,39,20,27,63,10,20,79,34,98,1,0,1,0,1,0,1,1,0,Bueno,SUJETO DE CREDITO-EVALUABLE,[2]Media_Propension,Cliente No Financiado,NO,RED SUCURSALES
1229,deudor comercial,Comercial,Segmento A,Segmento A,Region 2,Zona 3,1,0,1,1,1,0,0,0,1,1,0,23,Bueno,Bueno,F,2,Sociedad,51,13,85,33,51,66,52,37,46,21,37,26,21,85,26,0,0,1,0,1,0,0,1,1,Excelente,NO SUJETO DE CREDITO,[2]Media_Propension,Cliente Finaciado,SI,RED SUCURSALES
1230,Microempresas,Transporte,Segmento C,Segmento A,Region 3,Zona 2,0,1,0,0,1,1,0,0,0,1,1,48,Malo,Regular,M,2,Federacion,53,95,0,37,79,61,62,6,93,34,95,90,93,13,3,1,0,1,0,1,1,1,1,0,Excelente,CON OBSERVACIONES-EVALUABLE,[2]Media_Propension,Cliente Finaciado,NO,VENTA CENTRALIZADA
1231,deudor no comercial,Comercial,Segmento B,Segmento B,Region 2,Zona 3,0,1,1,0,1,0,0,0,1,0,0,46,Regular,Bueno,F,2,Federacion,12,0,51,86,32,32,9,10,8,87,71,85,52,85,94,0,1,0,0,0,0,1,1,0,Malo,SUJETO DE CREDITO-EVALUABLE,[2]Media_Propension,Castigado o Sin Producto,SI,SALESFORCE - CCL
1232,deudor no comercial,Transporte,Segmento B,Segmento B,Region 2,Zona 3,1,1,1,1,1,0,1,1,1,1,0,32,Regular,Bueno,F,1,Sociedad,73,3,40,81,14,54,5,14,99,56,19,52,69,83,93,1,1,0,1,1,0,0,1,0,Malo,NO SUJETO DE CREDITO,[1]Alta_Propension,Cliente No Financiado,SI,RED SUCURSALES
1233,deudor no comercial,Transporte,Segmento C,Segmento A,Region 2,Zona 2,1,1,1,0,1,1,1,0,0,1,1,70,Regular,Bueno,M,1,Sociedad,75,61,38,92,64,13,81,18,35,90,78,97,99,19,29,0,0,0,1,1,0,1,1,0,Bueno,SUJETO DE CREDITO-EVALUABLE,[1]Alta_Propension,Cliente No Financiado,NO,
1234,Microempresas,Turismo,Segmento B,Segmento C,Region 2,Zona 2,0,0,0,0,1,0,0,1,0,1,1,71,Bueno,Malo,F,1,SPA,74,57,6,69,43,54,31,3,45,48,88,44,64,94,12,0,0,0,1,1,0,0,1,0,Excelente,NO SUJETO DE CREDITO,[3]Baja_Propension,Cliente No Financiado,SI,
1235,Microempresas,Transporte,Segmento C,Segmento C,Region 1,Zona 1,1,1,0,1,1,0,1,1,1,0,0,54,Malo,Regular,M,2,Sindicatos,19,75,13,41,76,29,31,10,9,15,57,91,41,37,45,0,1,1,1,1,1,1,1,1,Excelente,CON OBSERVACIONES-EVALUABLE,[3]Baja_Propension,Cliente No Financiado,NO,VENTA CENTRALIZADA
1236,Microempresas,Comercial,Segmento C,Segmento B,Region 1,Zona 2,1,0,0,0,0,1,0,0,1,0,1,52,Bueno,Malo,F,1,Federacion,37,90,11,10,36,80,47,71,13,35,29,95,63,71,39,0,1,0,1,1,0,0,1,0,Malo,NO SUJETO DE CREDITO,[2]Media_Propension,Cliente No Financiado,SI,SALESFORCE - CCL
1237,deudor no comercial,Turismo,Segmento C,Segmento A,Region 2,Zona 3,0,0,0,0,0,1,1,0,1,0,0,39,Bueno,Bueno,F,1,Sociedad,38,33,7,7,71,53,75,72,46,19,78,81,23,82,34,0,0,0,1,1,1,1,1,1,Malo,SUJETO DE CREDITO-EVALUABLE,[3]Baja_Propension,Cliente Finaciado,NO,SALESFORCE - CCL
1238,deudor comercial,Comercial,Segmento A,Segmento B,Region 3,Zona 3,0,1,0,0,1,1,0,0,0,0,0,45,Regular,Regular,M,2,Federacion,28,16,57,37,69,37,93,64,53,87,42,54,11,11,68,1,0,0,0,1,0,0,1,0,Malo,SUJETO DE CREDITO-EVALUABLE,[1]Alta_Propension,Cliente Finaciado,NO,VENTA CENTRALIZADA
1239,Microempresas,Comercial,Segmento A,Segmento C,Region 1,Zona 3,0,0,0,1,0,1,1,1,0,0,1,68,Bueno,Regular,F,2,Sociedad,85,47,79,48,76,62,19,19,88,85,7,36,94,37,81,0,1,1,0,1,0,1,0,0,Bueno,NO SUJETO DE CREDITO,[3]Baja_Propension,Castigado o Sin Producto,SI,VENTA CENTRALIZADA
1240,Microempresas,Transporte,Segmento C,Segmento C,Region 2,Zona 2,1,0,0,1,1,0,0,0,1,1,1,59,Malo,Bueno,F,1,Sociedad,71,16,87,6,20,86,74,10,71,21,87,40,61,32,58,1,0,1,0,0,1,1,0,0,Bueno,NO SUJETO DE CREDITO,[1]Alta_Propension,Castigado o Sin Producto,SI,VENTA CENTRALIZADA
1241,deudor comercial,Transporte,Segmento A,Segmento C,Region 3,Zona 2,0,1,0,0,0,1,1,0,1,0,0,42,Bueno,Malo,M,1,SPA,38,82,8,13,82,13,15,98,91,78,16,61,15,4,18,1,1,1,1,0,1,0,1,1,Bueno,NO SUJETO DE CREDITO,[3]Baja_Propension,Cliente No Financiado,SI,RED SUCURSALES
1242,deudor no comercial,Turismo,Segmento C,Segmento B,Region 2,Zona 3,1,0,1,0,1,0,1,0,1,0,0,33,Regular,Malo,M,1,Sindicatos,71,5,56,14,86,85,28,89,27,82,39,33,14,57,75,0,0,1,0,1,1,0,1,0,Malo,SUJETO DE CREDITO-EVALUABLE,[2]Media_Propension,Cliente Finaciado,NO,VENTA CENTRALIZADA
1243,deudor comercial,Transporte,Segmento A,Segmento B,Region 1,Zona 1,0,0,0,1,0,0,0,0,0,1,0,57,Malo,Regular,F,1,SPA,19,68,31,97,76,78,22,80,3,5,25,74,72,4,5,0,1,1,1,1,0,0,0,1,Malo,NO SUJETO DE CREDITO,[2]Media_Propension,Cliente No Financiado,NO,SALESFORCE - CCL
1244,deudor no comercial,Transporte,Segmento A,Segmento A,Region 3,Zona 2,1,1,0,0,0,0,1,0,1,1,0,32,Malo,Bueno,M,2,SPA,68,43,70,25,29,8,0,69,2,83,20,78,23,46,95,0,0,1,1,1,0,0,1,0,Malo,NO SUJETO DE CREDITO,[2]Media_Propension,Castigado o Sin Producto,SI,SALESFORCE - CCL
1245,deudor comercial,Turismo,Segmento A,Segmento B,Region 3,Zona 3,0,1,1,1,0,0,0,0,0,1,1,62,Regular,Bueno,F,1,Cooperativas,69,13,31,16,80,51,47,97,66,48,91,34,8,54,79,1,0,0,1,1,1,1,1,1,Bueno,NO SUJETO DE CREDITO,[3]Baja_Propension,Castigado o Sin Producto,NO,RED SUCURSALES
1246,Microempresas,Comercial,Segmento B,Segmento C,Region 3,Zona 3,0,1,0,0,1,0,0,0,0,0,1,23,Malo,Malo,F,2,SPA,71,19,63,99,37,56,76,97,20,74,5,7,22,44,98,1,0,1,1,1,0,0,0,1,Excelente,CON OBSERVACIONES-EVALUABLE,[3]Baja_Propension,Cliente No Financiado,SI,SALESFORCE -WEB
1247,deudor no comercial,Turismo,Segmento B,Segmento A,Region 2,Zona 3,0,1,0,1,0,0,0,1,1,1,1,55,Bueno,Regular,M,2,Federacion,62,41,13,37,85,33,29,75,65,5,85,30,85,64,35,0,0,0,0,1,0,1,0,1,Excelente,CON OBSERVACIONES-EVALUABLE,[2]Media_Propension,Castigado o Sin Producto,SI,RED SUCURSALES
1248,deudor no comercial,Comercial,Segmento C,Segmento C,Region 2,Zona 3,1,0,1,1,1,1,1,1,1,0,0,47,Bueno,Regular,M,2,Cooperativas,44,93,50,18,21,39,81,54,13,94,54,71,26,86,15,0,0,1,1,0,1,0,0,0,Malo,SUJETO DE CREDITO-EVALUABLE,[2]Media_Propension,Cliente Finaciado,NO,RED SUCURSALES
1249,deudor no comercial,Transporte,Segmento B,Segmento C,Region 3,Zona 1,0,1,1,1,1,1,0,1,1,0,0,44,Regular,Regular,M,2,Cooperativas,38,71,56,8,21,11,93,37,21,3,56,25,21,24,81,0,1,0,1,1,0,0,0,0,Malo,CON OBSERVACIONES-EVALUABLE,[1]Alta_Propension,Castigado o Sin Producto,SI,RED SUCURSALES
1250,Microempresas,Turismo,Segmento B,Segmento C,Region 2,Zona 1,1,1,0,0,1,0,0,1,0,0,1,18,Bueno,Malo,M,2,Cooperativas,66,43,21,0,58,84,35,98,82,85,50,78,13,95,20,1,0,0,0,1,0,1,0,0,Bueno,CON OBSERVACIONES-EVALUABLE,[1]Alta_Propension,Cliente Finaciado,NO,SALESFORCE -WEB
1251,Microempresas,Turismo,Segmento C,Segmento C,Region 1,Zona 1,0,0,0,0,0,1,1,1,0,0,1,46,Malo,Bueno,M,1,Sociedad,10,33,99,44,65,48,26,13,27,78,83,55,45,57,9,1,0,1,1,0,0,0,1,1,Bueno,CON OBSERVACIONES-EVALUABLE,[3]Baja_Propension,Castigado o Sin Producto,SI,VENTA CENTRALIZADA
1252,Microempresas,Turismo,Segmento C,Segmento A,Region 2,Zona 2,0,0,1,0,1,1,1,1,1,1,1,38,Malo,Malo,F,2,SPA,82,65,56,40,22,90,31,54,24,83,8,68,39,68,60,0,1,0,0,0,1,1,0,1,Excelente,NO SUJETO DE CREDITO,[1]Alta_Propension,Castigado o Sin Producto,SI,VENTA CENTRALIZADA
1253,Microempresas,Transporte,Segmento C,Segmento B,Region 1,Zona 3,0,0,0,1,1,0,1,0,1,0,0,43,Regular,Malo,M,1,SPA,35,46,61,30,89,38,92,26,20,27,59,31,86,18,70,0,0,1,1,1,0,0,0,0,Excelente,NO SUJETO DE CREDITO,[2]Media_Propension,Cliente Finaciado,NO,VENTA CENTRALIZADA
1254,Microempresas,Comercial,Segmento A,Segmento B,Region 3,Zona 3,1,1,1,1,1,0,1,1,0,0,0,39,Malo,Regular,F,1,Federacion,43,40,82,89,8,29,98,51,25,12,0,6,13,21,49,1,1,0,0,1,1,0,1,1,Bueno,CON OBSERVACIONES-EVALUABLE,[3]Baja_Propension,Castigado o Sin Producto,SI,VENTA CENTRALIZADA
1255,deudor comercial,Transporte,Segmento C,Segmento C,Region 2,Zona 1,1,1,1,1,0,0,0,0,0,1,1,55,Bueno,Bueno,M,2,Cooperativas,70,33,73,96,1,53,7,10,33,13,88,94,70,45,36,1,1,0,1,1,1,0,1,1,Malo,NO SUJETO DE CREDITO,[2]Media_Propension,Cliente No Financiado,NO,VENTA CENTRALIZADA
1256,deudor comercial,Comercial,Segmento A,Segmento C,Region 3,Zona 2,1,1,0,0,0,0,0,0,0,1,0,32,Bueno,Bueno,F,2,Sociedad,25,23,70,29,14,30,90,23,11,84,23,75,60,57,25,0,1,1,1,0,1,0,1,1,Malo,CON OBSERVACIONES-EVALUABLE,[2]Media_Propension,Castigado o Sin Producto,NO,RED SUCURSALES
1257,deudor no comercial,Comercial,Segmento C,Segmento A,Region 2,Zona 2,1,1,0,1,1,1,1,1,1,0,0,46,Malo,Regular,M,2,Sociedad,88,16,34,57,63,88,72,31,30,40,8,7,34,15,32,0,1,0,0,0,1,0,1,1,Excelente,NO SUJETO DE CREDITO,[3]Baja_Propension,Cliente Finaciado,NO,RED SUCURSALES
1258,deudor comercial,Comercial,Segmento C,Segmento C,Region 3,Zona 2,0,0,1,1,1,1,1,1,1,1,1,32,Bueno,Regular,F,2,Federacion,55,26,18,72,0,70,8,53,21,2,24,65,43,23,8,1,0,0,1,1,1,1,0,0,Malo,NO SUJETO DE CREDITO,[1]Alta_Propension,Cliente No Financiado,NO,SALESFORCE -WEB
1259,Microempresas,Turismo,Segmento C,Segmento B,Region 2,Zona 3,1,0,1,1,1,0,1,1,1,0,1,47,Bueno,Malo,F,1,Sindicatos,63,41,48,26,91,33,44,74,53,90,21,65,85,63,89,0,0,0,0,1,0,1,0,0,Bueno,NO SUJETO DE CREDITO,[1]Alta_Propension,Cliente Finaciado,SI,RED SUCURSALES
1260,deudor comercial,Comercial,Segmento A,Segmento B,Region 1,Zona 2,0,0,1,0,1,1,1,1,1,0,0,34,Malo,Malo,M,2,Sindicatos,95,52,67,95,56,82,10,86,10,49,9,21,59,55,4,1,1,1,0,1,1,1,1,0,Malo,NO SUJETO DE CREDITO,[2]Media_Propension,Cliente No Financiado,SI,VENTA CENTRALIZADA
1261,deudor no comercial,Turismo,Segmento A,Segmento C,Region 1,Zona 3,1,0,1,0,0,0,0,0,0,0,1,61,Malo,Regular,F,1,Sociedad,72,26,87,51,51,8,22,70,6,8,82,51,51,15,74,1,0,0,1,0,0,1,1,0,Bueno,SUJETO DE CREDITO-EVALUABLE,[2]Media_Propension,Castigado o Sin Producto,SI,
1262,deudor no comercial,Turismo,Segmento C,Segmento B,Region 1,Zona 2,0,0,1,1,0,1,0,0,0,1,1,40,Bueno,Bueno,F,2,SPA,67,99,58,1,25,72,93,93,84,14,59,99,79,67,73,1,1,0,0,1,1,1,0,1,Bueno,CON OBSERVACIONES-EVALUABLE,[3]Baja_Propension,Castigado o Sin Producto,NO,VENTA CENTRALIZADA
1263,deudor comercial,Turismo,Segmento C,Segmento C,Region 2,Zona 2,1,0,1,1,1,0,1,1,0,1,0,40,Malo,Malo,F,2,SPA,70,29,0,88,30,20,71,86,69,87,45,67,23,43,73,0,1,0,0,0,0,0,1,1,Bueno,NO SUJETO DE CREDITO,[2]Media_Propension,Cliente Finaciado,NO,VENTA CENTRALIZADA
1264,Microempresas,Comercial,Segmento B,Segmento C,Region 1,Zona 2,1,0,1,0,1,1,0,1,0,1,0,59,Bueno,Malo,M,2,Sociedad,7,25,23,98,24,10,82,11,67,99,15,6,28,10,57,1,0,1,1,1,0,1,0,1,Malo,SUJETO DE CREDITO-EVALUABLE,[3]Baja_Propension,Cliente Finaciado,NO,
1265,deudor comercial,Transporte,Segmento B,Segmento C,Region 1,Zona 3,0,1,0,0,0,0,0,1,0,1,1,43,Regular,Regular,M,2,SPA,1,0,14,12,86,6,18,54,35,8,85,64,98,53,89,0,1,1,1,1,0,0,0,0,Bueno,SUJETO DE CREDITO-EVALUABLE,[3]Baja_Propension,Cliente No Financiado,SI,SALESFORCE - CCL
1266,deudor comercial,Transporte,Segmento A,Segmento B,Region 1,Zona 1,1,0,1,0,0,0,0,1,1,0,1,52,Malo,Regular,M,2,Sindicatos,27,67,2,90,19,29,13,56,32,19,40,86,25,27,94,1,1,1,1,1,0,0,1,1,Bueno,CON OBSERVACIONES-EVALUABLE,[1]Alta_Propension,Cliente No Financiado,SI,SALESFORCE - CCL
1267,deudor no comercial,Transporte,Segmento A,Segmento C,Region 2,Zona 3,0,0,1,0,1,0,1,0,1,0,0,71,Bueno,Bueno,F,2,Sociedad,63,7,7,97,81,43,73,90,75,44,58,99,34,60,30,1,0,0,0,1,1,1,0,1,Malo,CON OBSERVACIONES-EVALUABLE,[1]Alta_Propension,Cliente Finaciado,SI,RED SUCURSALES
1268,deudor comercial,Turismo,Segmento C,Segmento A,Region 3,Zona 3,0,1,1,0,0,1,1,0,0,1,1,30,Regular,Regular,F,1,Sociedad,43,67,34,9,55,60,86,85,9,32,36,42,76,16,25,1,1,0,1,1,1,0,1,1,Malo,SUJETO DE CREDITO-EVALUABLE,[2]Media_Propension,Cliente Finaciado,SI,VENTA CENTRALIZADA
1269,deudor comercial,Comercial,Segmento A,Segmento A,Region 2,Zona 3,0,1,1,1,0,1,0,0,0,1,1,29,Regular,Regular,M,2,Sindicatos,54,72,60,27,64,70,85,17,63,9,7,39,44,2,46,0,0,0,0,1,1,0,0,1,Excelente,NO SUJETO DE CREDITO,[2]Media_Propension,Cliente No Financiado,SI,SALESFORCE -WEB
1270,Microempresas,Turismo,Segmento C,Segmento C,Region 1,Zona 3,1,0,0,0,0,0,0,0,0,1,1,49,Bueno,Malo,M,1,Sindicatos,56,28,35,45,63,33,51,78,40,42,20,64,9,23,84,1,1,1,0,1,1,1,0,1,Bueno,CON OBSERVACIONES-EVALUABLE,[1]Alta_Propension,Cliente Finaciado,SI,SALESFORCE -WEB
1271,deudor comercial,Transporte,Segmento C,Segmento B,Region 2,Zona 1,1,1,1,0,1,1,1,0,0,1,0,49,Malo,Regular,F,2,Cooperativas,85,37,93,29,82,83,57,7,97,88,48,5,80,19,5,1,0,1,1,1,1,0,0,1,Malo,SUJETO DE CREDITO-EVALUABLE,[2]Media_Propension,Cliente No Financiado,NO,
1272,Microempresas,Comercial,Segmento B,Segmento A,Region 3,Zona 3,0,0,1,0,0,1,1,0,0,0,1,28,Malo,Regular,M,1,Cooperativas,18,19,72,78,39,90,23,10,67,34,67,41,24,27,2,1,0,1,1,0,0,0,0,0,Excelente,CON OBSERVACIONES-EVALUABLE,[1]Alta_Propension,Cliente Finaciado,NO,SALESFORCE - CCL
1273,Microempresas,Transporte,Segmento B,Segmento B,Region 1,Zona 2,1,1,1,1,0,1,1,1,1,0,0,61,Regular,Bueno,F,1,Cooperativas,73,28,54,86,94,27,59,53,47,68,38,34,45,47,1,1,0,1,1,0,1,0,1,0,Excelente,CON OBSERVACIONES-EVALUABLE,[1]Alta_Propension,Cliente Finaciado,NO,VENTA CENTRALIZADA
1274,deudor comercial,Comercial,Segmento B,Segmento C,Region 1,Zona 3,0,0,0,0,0,0,1,0,0,1,1,45,Regular,Regular,M,1,Cooperativas,16,46,76,44,29,86,84,22,51,59,39,52,19,39,80,1,1,0,0,0,0,0,1,0,Excelente,CON OBSERVACIONES-EVALUABLE,[1]Alta_Propension,Cliente No Financiado,NO,RED SUCURSALES
1275,deudor comercial,Turismo,Segmento B,Segmento B,Region 1,Zona 2,0,0,1,1,0,1,0,0,0,0,1,23,Regular,Malo,F,1,Federacion,84,56,0,67,3,88,89,64,7,95,16,32,24,0,98,0,0,0,0,0,1,1,0,0,Malo,SUJETO DE CREDITO-EVALUABLE,[2]Media_Propension,Cliente Finaciado,NO,RED SUCURSALES
1276,Microempresas,Comercial,Segmento B,Segmento C,Region 3,Zona 1,0,1,0,0,1,1,0,1,0,0,1,49,Malo,Bueno,M,2,SPA,84,62,85,83,9,36,89,30,2,73,45,79,23,40,47,1,1,0,0,1,0,1,0,1,Bueno,SUJETO DE CREDITO-EVALUABLE,[1]Alta_Propension,Cliente No Financiado,SI,RED SUCURSALES
1277,deudor no comercial,Transporte,Segmento A,Segmento A,Region 1,Zona 3,1,0,0,0,1,0,1,1,0,1,0,34,Regular,Bueno,F,2,Cooperativas,24,62,91,20,60,36,19,7,90,90,15,98,98,78,44,1,0,1,0,1,1,1,0,0,Excelente,NO SUJETO DE CREDITO,[1]Alta_Propension,Cliente Finaciado,SI,SALESFORCE - CCL
1278,deudor comercial,Transporte,Segmento A,Segmento A,Region 2,Zona 1,0,1,1,1,1,1,1,1,0,0,1,55,Regular,Bueno,F,1,Sociedad,85,35,56,27,40,46,72,53,90,15,80,1,52,19,24,1,0,1,0,0,1,0,0,1,Bueno,SUJETO DE CREDITO-EVALUABLE,[1]Alta_Propension,Castigado o Sin Producto,NO,SALESFORCE - CCL
1279,Microempresas,Turismo,Segmento C,Segmento C,Region 2,Zona 2,1,1,1,1,1,1,1,0,0,1,0,52,Bueno,Malo,M,2,Cooperativas,77,66,81,61,96,18,16,85,26,82,75,86,22,63,95,0,0,1,1,0,0,1,1,1,Malo,NO SUJETO DE CREDITO,[3]Baja_Propension,Cliente Finaciado,NO,SALESFORCE - CCL
1280,Microempresas,Turismo,Segmento A,Segmento C,Region 3,Zona 1,0,0,1,0,0,1,0,1,0,1,0,65,Bueno,Regular,F,2,Sindicatos,2,97,30,11,18,66,33,44,48,22,18,30,5,64,38,0,0,0,1,1,0,0,0,1,Malo,SUJETO DE CREDITO-EVALUABLE,[2]Media_Propension,Castigado o Sin Producto,SI,SALESFORCE -WEB
1281,Microempresas,Turismo,Segmento A,Segmento A,Region 2,Zona 2,0,0,1,0,1,1,1,0,0,1,1,54,Regular,Malo,M,2,SPA,80,75,2,37,80,26,99,25,7,91,2,90,63,37,41,0,1,1,0,0,1,1,1,0,Excelente,NO SUJETO DE CREDITO,[3]Baja_Propension,Castigado o Sin Producto,NO,SALESFORCE - CCL
1282,deudor comercial,Turismo,Segmento C,Segmento B,Region 3,Zona 1,0,1,0,1,1,0,1,1,0,1,0,53,Regular,Malo,M,1,Cooperativas,74,18,99,48,87,43,72,39,42,31,86,93,84,96,7,1,1,1,0,0,1,0,1,0,Excelente,SUJETO DE CREDITO-EVALUABLE,[3]Baja_Propension,Castigado o Sin Producto,SI,RED SUCURSALES
1283,deudor comercial,Turismo,Segmento A,Segmento C,Region 2,Zona 1,1,1,1,1,0,0,0,1,1,1,1,67,Bueno,Regular,F,2,Federacion,36,82,85,13,6,34,0,73,85,65,24,5,45,77,47,1,1,0,1,0,0,0,0,0,Bueno,CON OBSERVACIONES-EVALUABLE,[1]Alta_Propension,Cliente No Financiado,SI,SALESFORCE -WEB
1284,Microempresas,Turismo,Segmento B,Segmento B,Region 1,Zona 1,0,1,0,0,1,0,1,1,0,1,1,46,Bueno,Regular,F,1,Cooperativas,82,23,41,40,76,91,30,85,69,53,44,99,52,35,49,0,1,1,0,1,1,1,0,1,Bueno,CON OBSERVACIONES-EVALUABLE,[3]Baja_Propension,Castigado o Sin Producto,NO,
1285,Microempresas,Transporte,Segmento B,Segmento B,Region 1,Zona 3,1,0,1,1,0,0,1,0,1,1,0,53,Regular,Bueno,F,2,Sindicatos,89,87,35,42,3,30,3,0,84,95,72,61,47,20,96,0,0,1,0,1,0,1,0,0,Bueno,NO SUJETO DE CREDITO,[3]Baja_Propension,Cliente Finaciado,SI,RED SUCURSALES
1286,deudor no comercial,Comercial,Segmento A,Segmento C,Region 2,Zona 1,1,1,1,1,0,0,1,0,0,1,0,19,Bueno,Malo,M,2,SPA,88,22,21,34,76,35,30,90,78,6,75,10,79,51,66,0,0,1,1,1,0,0,1,0,Excelente,NO SUJETO DE CREDITO,[2]Media_Propension,Castigado o Sin Producto,NO,SALESFORCE - CCL
1287,Microempresas,Transporte,Segmento B,Segmento B,Region 1,Zona 1,0,0,0,1,0,0,0,0,1,1,1,48,Regular,Malo,F,2,Cooperativas,28,19,85,25,95,35,42,33,53,87,55,21,58,10,78,1,0,1,0,0,1,1,1,1,Excelente,CON OBSERVACIONES-EVALUABLE,[1]Alta_Propension,Cliente Finaciado,SI,SALESFORCE - CCL
1288,deudor no comercial,Comercial,Segmento C,Segmento A,Region 2,Zona 1,1,0,1,0,1,0,0,0,1,1,1,48,Regular,Malo,F,1,Sociedad,99,76,94,27,99,22,45,36,27,8,10,51,47,86,66,1,0,0,1,1,0,1,0,1,Excelente,CON OBSERVACIONES-EVALUABLE,[3]Baja_Propension,Castigado o Sin Producto,SI,RED SUCURSALES
1289,deudor comercial,Comercial,Segmento B,Segmento A,Region 3,Zona 3,1,0,1,0,1,1,1,0,1,1,0,43,Bueno,Bueno,F,2,Sindicatos,55,24,79,0,90,25,95,77,65,35,4,41,40,55,51,0,1,0,0,0,0,1,0,1,Bueno,CON OBSERVACIONES-EVALUABLE,[2]Media_Propension,Cliente No Financiado,SI,
1290,deudor comercial,Comercial,Segmento C,Segmento A,Region 1,Zona 1,0,0,1,0,1,1,1,0,1,1,0,28,Regular,Regular,M,1,Federacion,3,88,70,90,46,48,89,49,44,69,56,85,77,71,31,0,0,1,0,0,0,0,0,1,Malo,NO SUJETO DE CREDITO,[2]Media_Propension,Castigado o Sin Producto,NO,RED SUCURSALES
1291,deudor comercial,Transporte,Segmento A,Segmento B,Region 2,Zona 2,0,0,0,1,0,1,1,1,1,0,0,70,Bueno,Bueno,M,1,Sindicatos,64,32,55,34,22,23,8,20,64,6,4,97,26,36,16,1,0,1,1,1,1,0,1,0,Excelente,NO SUJETO DE CREDITO,[3]Baja_Propension,Castigado o Sin Producto,SI,SALESFORCE - CCL
1292,deudor no comercial,Comercial,Segmento B,Segmento C,Region 3,Zona 1,1,1,1,1,1,0,0,0,0,1,0,25,Regular,Bueno,M,2,Sociedad,46,83,38,86,76,26,60,46,74,58,56,8,10,77,3,0,0,0,1,0,1,0,0,1,Excelente,NO SUJETO DE CREDITO,[1]Alta_Propension,Cliente No Financiado,SI,RED SUCURSALES
1293,deudor comercial,Comercial,Segmento A,Segmento C,Region 2,Zona 1,1,1,1,0,1,1,0,1,1,0,1,33,Regular,Bueno,F,2,Sociedad,25,7,84,63,77,73,56,77,87,59,20,2,85,34,36,1,0,1,0,0,1,0,1,0,Excelente,SUJETO DE CREDITO-EVALUABLE,[1]Alta_Propension,Cliente Finaciado,SI,SALESFORCE - CCL
1294,deudor no comercial,Turismo,Segmento B,Segmento B,Region 3,Zona 1,0,0,0,0,1,1,0,1,0,1,1,32,Bueno,Regular,F,1,Cooperativas,96,17,29,83,3,81,88,46,79,78,79,38,52,4,67,0,0,1,1,1,0,0,0,0,Malo,SUJETO DE CREDITO-EVALUABLE,[1]Alta_Propension,Cliente No Financiado,NO,SALESFORCE -WEB
1295,deudor comercial,Turismo,Segmento A,Segmento B,Region 3,Zona 1,1,0,0,1,0,0,0,0,1,1,1,63,Regular,Bueno,F,1,Sociedad,16,27,77,30,40,9,64,71,15,8,20,72,4,1,33,0,1,0,0,0,0,1,1,0,Bueno,NO SUJETO DE CREDITO,[1]Alta_Propension,Cliente No Financiado,NO,SALESFORCE - CCL
1296,Microempresas,Comercial,Segmento C,Segmento A,Region 3,Zona 2,0,1,0,1,1,1,1,0,0,1,1,20,Regular,Bueno,F,1,Cooperativas,40,17,13,64,45,12,72,47,31,99,95,98,41,50,13,0,1,1,1,1,1,0,1,1,Excelente,CON OBSERVACIONES-EVALUABLE,[1]Alta_Propension,Cliente No Financiado,SI,VENTA CENTRALIZADA
1297,Microempresas,Comercial,Segmento A,Segmento C,Region 3,Zona 1,1,1,1,1,0,1,0,1,1,0,1,51,Malo,Malo,F,2,Sociedad,85,13,91,6,3,72,70,74,21,36,86,7,33,4,59,1,1,0,0,0,1,1,0,1,Excelente,NO SUJETO DE CREDITO,[2]Media_Propension,Cliente Finaciado,SI,VENTA CENTRALIZADA
1298,deudor comercial,Comercial,Segmento C,Segmento B,Region 1,Zona 3,0,0,1,0,0,0,1,0,1,1,0,49,Malo,Regular,F,2,Cooperativas,23,86,32,38,36,8,69,92,1,62,23,74,97,40,36,0,0,1,0,0,0,1,1,0,Malo,NO SUJETO DE CREDITO,[1]Alta_Propension,Cliente No Financiado,NO,SALESFORCE - CCL
1299,Microempresas,Transporte,Segmento B,Segmento A,Region 2,Zona 1,1,0,1,1,1,1,0,0,0,1,0,71,Bueno,Bueno,M,2,Federacion,70,87,26,39,45,17,11,85,56,26,86,83,3,65,86,0,1,0,1,1,1,0,1,1,Excelente,SUJETO DE CREDITO-EVALUABLE,[3]Baja_Propension,Cliente Finaciado,NO,SALESFORCE -WEB
1300,Microempresas,Transporte,Segmento B,Segmento C,Region 1,Zona 3,0,1,1,1,0,1,0,0,0,1,1,66,Regular,Regular,F,1,Cooperativas,9,6,55,42,37,53,19,17,76,7,94,92,84,82,74,0,0,1,0,0,1,1,0,0,Excelente,NO SUJETO DE CREDITO,[2]Media_Propension,Cliente Finaciado,NO,
1301,deudor comercial,Turismo,Segmento A,Segmento C,Region 2,Zona 2,1,1,1,0,0,1,1,0,0,1,1,32,Regular,Regular,M,2,SPA,13,65,14,40,54,40,33,9,75,43,88,85,35,75,16,1,0,0,0,0,1,0,1,1,Bueno,SUJETO DE CREDITO-EVALUABLE,[1]Alta_Propension,Cliente Finaciado,NO,SALESFORCE - CCL
1302,Microempresas,Turismo,Segmento B,Segmento B,Region 1,Zona 1,0,0,0,1,0,0,0,0,0,1,0,23,Bueno,Malo,F,1,SPA,12,97,18,44,64,42,38,84,45,22,73,20,0,85,49,0,1,1,0,0,0,0,1,0,Bueno,SUJETO DE CREDITO-EVALUABLE,[1]Alta_Propension,Castigado o Sin Producto,SI,RED SUCURSALES
1303,deudor no comercial,Transporte,Segmento B,Segmento B,Region 1,Zona 3,1,0,1,0,0,0,0,0,1,0,0,66,Malo,Bueno,F,2,SPA,56,6,49,34,46,46,30,85,50,39,46,99,47,71,74,1,0,0,1,1,1,1,1,1,Bueno,CON OBSERVACIONES-EVALUABLE,[2]Media_Propension,Castigado o Sin Producto,NO,RED SUCURSALES
1304,Microempresas,Transporte,Segmento C,Segmento A,Region 1,Zona 1,1,1,1,1,0,1,0,1,0,1,0,51,Regular,Bueno,F,1,SPA,97,99,63,9,71,8,19,18,28,55,80,84,40,41,60,0,0,0,1,0,1,1,1,0,Bueno,SUJETO DE CREDITO-EVALUABLE,[1]Alta_Propension,Cliente No Financiado,SI,
1305,Microempresas,Transporte,Segmento C,Segmento A,Region 2,Zona 3,0,1,1,0,1,1,0,0,1,0,0,29,Bueno,Regular,F,1,Sociedad,3,48,59,82,38,14,39,66,86,43,2,91,31,12,1,1,1,0,0,0,0,0,0,0,Malo,CON OBSERVACIONES-EVALUABLE,[1]Alta_Propension,Castigado o Sin Producto,SI,RED SUCURSALES
1306,deudor no comercial,Transporte,Segmento A,Segmento A,Region 2,Zona 1,1,1,0,0,1,0,1,1,0,1,1,47,Malo,Bueno,F,1,SPA,68,90,39,12,41,99,51,4,14,51,79,2,40,57,21,1,1,1,1,1,1,1,0,0,Malo,SUJETO DE CREDITO-EVALUABLE,[1]Alta_Propension,Cliente No Financiado,NO,RED SUCURSALES
1307,deudor comercial,Turismo,Segmento A,Segmento A,Region 3,Zona 1,1,0,1,0,1,1,0,1,1,0,1,30,Bueno,Regular,F,1,Cooperativas,31,32,10,69,42,4,44,41,44,79,12,53,21,77,28,0,0,0,1,0,1,1,0,0,Bueno,NO SUJETO DE CREDITO,[1]Alta_Propension,Cliente No Financiado,NO,RED SUCURSALES
1308,deudor no comercial,Transporte,Segmento B,Segmento A,Region 2,Zona 2,0,1,0,1,0,0,1,1,1,0,1,31,Bueno,Regular,M,1,Federacion,77,61,99,90,62,81,55,74,4,76,47,78,71,37,93,1,1,1,1,0,0,0,0,1,Excelente,CON OBSERVACIONES-EVALUABLE,[1]Alta_Propension,Cliente Finaciado,SI,VENTA CENTRALIZADA
1309,Microempresas,Turismo,Segmento B,Segmento C,Region 3,Zona 2,1,0,1,1,1,1,0,0,0,0,0,37,Malo,Regular,F,2,SPA,56,27,46,77,90,31,23,16,61,52,22,85,66,58,47,1,1,0,1,1,0,1,0,0,Excelente,NO SUJETO DE CREDITO,[3]Baja_Propension,Castigado o Sin Producto,NO,SALESFORCE - CCL
1310,Microempresas,Turismo,Segmento C,Segmento C,Region 3,Zona 1,1,0,0,0,0,0,0,0,0,0,1,27,Regular,Regular,F,1,SPA,12,90,68,51,3,3,89,1,56,60,46,27,81,20,10,0,1,1,1,1,1,1,1,1,Excelente,SUJETO DE CREDITO-EVALUABLE,[1]Alta_Propension,Castigado o Sin Producto,NO,SALESFORCE - CCL
1311,deudor no comercial,Turismo,Segmento B,Segmento B,Region 2,Zona 2,0,1,1,0,1,1,1,0,1,1,1,57,Bueno,Regular,M,1,Federacion,81,72,50,25,51,16,8,61,16,32,88,49,83,36,51,1,1,1,1,1,1,0,1,0,Excelente,NO SUJETO DE CREDITO,[3]Baja_Propension,Castigado o Sin Producto,NO,VENTA CENTRALIZADA
1312,Microempresas,Transporte,Segmento B,Segmento B,Region 2,Zona 2,1,0,0,0,1,0,0,1,0,1,0,66,Malo,Regular,M,2,Sociedad,1,73,92,98,17,61,10,0,86,52,90,46,55,54,7,1,1,0,0,1,1,0,0,0,Malo,CON OBSERVACIONES-EVALUABLE,[3]Baja_Propension,Cliente Finaciado,NO,SALESFORCE -WEB
1313,deudor no comercial,Comercial,Segmento B,Segmento B,Region 2,Zona 1,0,0,0,0,0,1,0,1,1,1,1,52,Bueno,Bueno,M,2,Federacion,73,80,5,43,96,51,26,20,31,69,83,83,42,57,94,0,0,1,0,0,1,0,1,0,Bueno,SUJETO DE CREDITO-EVALUABLE,[1]Alta_Propension,Cliente Finaciado,SI,
1314,deudor comercial,Turismo,Segmento B,Segmento B,Region 1,Zona 3,0,0,0,1,1,0,0,0,1,1,0,32,Malo,Bueno,M,2,Federacion,10,57,69,9,34,39,13,53,34,47,78,2,82,30,8,1,1,1,0,0,0,1,0,1,Bueno,SUJETO DE CREDITO-EVALUABLE,[2]Media_Propension,Castigado o Sin Producto,SI,
1315,Microempresas,Turismo,Segmento B,Segmento B,Region 2,Zona 3,1,0,1,0,1,1,0,1,0,1,0,29,Regular,Regular,M,2,SPA,90,43,93,28,68,13,52,17,42,72,31,24,84,37,34,1,1,1,1,0,0,0,0,0,Bueno,CON OBSERVACIONES-EVALUABLE,[1]Alta_Propension,Castigado o Sin Producto,NO,SALESFORCE - CCL
1316,deudor no comercial,Comercial,Segmento C,Segmento C,Region 1,Zona 1,1,1,1,1,0,1,1,0,0,1,0,57,Malo,Malo,M,1,Sociedad,45,62,64,98,97,69,25,88,7,32,29,23,97,99,73,1,1,0,0,1,1,0,1,1,Malo,NO SUJETO DE CREDITO,[2]Media_Propension,Cliente Finaciado,SI,
1317,Microempresas,Turismo,Segmento B,Segmento A,Region 2,Zona 2,1,1,0,1,1,0,1,0,1,0,1,32,Bueno,Regular,M,2,Cooperativas,33,81,51,0,71,92,94,21,52,30,37,31,81,64,54,1,1,0,0,0,0,1,0,0,Malo,SUJETO DE CREDITO-EVALUABLE,[3]Baja_Propension,Cliente Finaciado,NO,VENTA CENTRALIZADA
1318,deudor no comercial,Transporte,Segmento A,Segmento B,Region 2,Zona 1,1,1,0,1,1,1,0,0,0,1,0,52,Bueno,Regular,F,1,Federacion,14,87,38,92,7,83,45,67,19,10,13,98,70,42,38,1,0,0,1,1,1,1,0,0,Bueno,NO SUJETO DE CREDITO,[1]Alta_Propension,Cliente Finaciado,NO,SALESFORCE - CCL
1319,deudor comercial,Transporte,Segmento C,Segmento A,Region 3,Zona 2,0,0,0,0,1,1,0,1,0,1,1,40,Bueno,Malo,M,2,Federacion,20,93,12,23,92,3,97,43,96,68,96,91,97,59,46,0,0,1,0,1,1,0,1,1,Excelente,NO SUJETO DE CREDITO,[2]Media_Propension,Cliente No Financiado,NO,SALESFORCE -WEB
1320,deudor comercial,Transporte,Segmento B,Segmento A,Region 2,Zona 1,0,0,0,0,1,0,0,1,1,0,1,37,Bueno,Malo,F,2,Sindicatos,71,43,53,37,47,88,9,84,60,37,38,65,52,28,61,0,1,0,1,1,0,1,0,1,Malo,NO SUJETO DE CREDITO,[2]Media_Propension,Cliente Finaciado,SI,
1321,deudor comercial,Turismo,Segmento C,Segmento C,Region 2,Zona 3,1,1,0,0,1,1,0,0,1,0,1,48,Malo,Regular,M,1,Federacion,22,71,55,78,44,24,16,98,72,2,28,19,14,77,2,1,0,0,1,0,1,0,0,1,Bueno,NO SUJETO DE CREDITO,[3]Baja_Propension,Cliente No Financiado,NO,SALESFORCE - CCL
1322,Microempresas,Turismo,Segmento A,Segmento B,Region 2,Zona 2,0,1,0,0,1,0,1,1,0,0,0,38,Malo,Malo,F,2,Federacion,70,39,72,25,96,72,63,43,62,82,26,84,6,53,78,0,1,1,0,0,0,1,1,0,Bueno,NO SUJETO DE CREDITO,[1]Alta_Propension,Castigado o Sin Producto,SI,RED SUCURSALES
1323,deudor no comercial,Turismo,Segmento C,Segmento B,Region 1,Zona 1,1,1,0,1,0,1,1,0,1,1,1,39,Regular,Bueno,F,2,Sociedad,63,76,54,85,72,81,95,59,92,48,51,85,90,65,27,0,0,0,0,1,1,0,0,0,Malo,SUJETO DE CREDITO-EVALUABLE,[1]Alta_Propension,Castigado o Sin Producto,SI,RED SUCURSALES
1324,Microempresas,Turismo,Segmento A,Segmento A,Region 1,Zona 3,0,1,0,0,1,1,1,0,1,0,1,36,Malo,Malo,F,2,Federacion,5,13,54,29,11,1,54,44,66,10,99,83,20,49,28,0,1,0,0,1,0,1,1,0,Bueno,CON OBSERVACIONES-EVALUABLE,[3]Baja_Propension,Cliente No Financiado,NO,SALESFORCE - CCL
1325,Microempresas,Turismo,Segmento B,Segmento C,Region 3,Zona 2,0,0,0,0,0,0,1,0,1,0,1,71,Regular,Malo,M,2,Sociedad,87,29,59,44,15,58,87,40,56,20,73,66,51,9,53,0,0,0,0,0,0,0,1,0,Malo,SUJETO DE CREDITO-EVALUABLE,[1]Alta_Propension,Cliente No Financiado,SI,SALESFORCE -WEB
1326,deudor no comercial,Comercial,Segmento C,Segmento C,Region 2,Zona 2,0,1,0,0,1,1,0,0,1,0,1,74,Regular,Bueno,F,2,Sindicatos,24,24,15,5,39,78,65,21,72,1,8,29,65,83,50,1,0,0,0,1,1,0,1,1,Malo,SUJETO DE CREDITO-EVALUABLE,[1]Alta_Propension,Cliente Finaciado,SI,
1327,Microempresas,Turismo,Segmento C,Segmento C,Region 1,Zona 1,0,1,0,0,1,0,1,1,0,0,1,32,Regular,Regular,M,2,Sociedad,58,94,63,33,65,40,18,87,2,94,8,81,6,42,87,1,0,0,0,1,0,0,0,0,Bueno,SUJETO DE CREDITO-EVALUABLE,[1]Alta_Propension,Cliente Finaciado,SI,SALESFORCE - CCL
1328,deudor no comercial,Comercial,Segmento A,Segmento C,Region 1,Zona 2,0,0,1,1,1,0,0,1,1,0,0,27,Malo,Regular,M,1,Sindicatos,70,43,20,28,56,33,41,83,24,89,16,49,23,29,91,1,0,1,0,1,0,0,1,0,Malo,SUJETO DE CREDITO-EVALUABLE,[2]Media_Propension,Castigado o Sin Producto,SI,VENTA CENTRALIZADA
1329,deudor comercial,Transporte,Segmento A,Segmento A,Region 3,Zona 2,0,0,0,0,0,0,0,1,0,1,1,29,Bueno,Bueno,M,2,Sindicatos,71,71,22,73,50,99,98,87,63,24,32,88,63,58,79,0,0,1,0,1,1,0,0,1,Malo,NO SUJETO DE CREDITO,[3]Baja_Propension,Cliente No Financiado,NO,
1330,deudor no comercial,Turismo,Segmento A,Segmento C,Region 3,Zona 3,0,0,0,0,1,0,1,1,0,1,0,19,Malo,Bueno,F,2,Sociedad,52,47,56,99,75,77,13,93,96,18,16,85,58,93,33,1,1,1,1,1,0,0,1,1,Malo,SUJETO DE CREDITO-EVALUABLE,[3]Baja_Propension,Cliente No Financiado,SI,SALESFORCE - CCL
1331,deudor comercial,Turismo,Segmento B,Segmento C,Region 2,Zona 2,0,0,0,1,0,1,1,1,1,0,1,18,Regular,Regular,F,2,Cooperativas,96,8,78,21,32,5,93,94,44,76,47,56,98,64,48,0,0,0,0,0,1,1,1,1,Malo,SUJETO DE CREDITO-EVALUABLE,[3]Baja_Propension,Cliente No Financiado,SI,SALESFORCE -WEB
1332,deudor comercial,Transporte,Segmento C,Segmento A,Region 3,Zona 3,0,1,0,0,1,1,0,0,1,1,0,39,Bueno,Bueno,M,1,SPA,9,6,45,81,23,77,52,97,67,75,28,6,48,51,42,0,0,1,1,1,0,1,1,0,Malo,CON OBSERVACIONES-EVALUABLE,[2]Media_Propension,Cliente Finaciado,SI,SALESFORCE -WEB
1333,Microempresas,Comercial,Segmento B,Segmento A,Region 2,Zona 1,1,1,1,0,1,0,0,1,1,1,0,60,Bueno,Bueno,M,2,Cooperativas,77,99,55,24,1,61,18,76,26,51,66,95,12,33,53,1,0,0,1,0,0,1,0,0,Excelente,CON OBSERVACIONES-EVALUABLE,[1]Alta_Propension,Castigado o Sin Producto,SI,RED SUCURSALES
1334,deudor comercial,Comercial,Segmento A,Segmento A,Region 2,Zona 1,0,0,1,1,0,1,0,1,0,1,1,25,Regular,Bueno,F,2,Sociedad,94,94,44,45,53,70,47,76,61,90,92,14,36,36,5,0,1,1,1,0,0,1,0,1,Excelente,NO SUJETO DE CREDITO,[2]Media_Propension,Cliente No Financiado,NO,
1335,deudor comercial,Transporte,Segmento A,Segmento C,Region 1,Zona 1,1,0,0,0,0,1,0,0,1,1,0,66,Malo,Regular,M,2,Cooperativas,65,57,0,81,16,33,30,37,65,48,95,40,57,56,10,0,1,1,1,1,1,0,1,0,Malo,CON OBSERVACIONES-EVALUABLE,[1]Alta_Propension,Cliente Finaciado,NO,RED SUCURSALES
1336,deudor no comercial,Comercial,Segmento C,Segmento A,Region 2,Zona 3,1,1,0,0,1,0,1,0,0,0,0,26,Bueno,Bueno,F,2,Federacion,9,16,24,26,15,32,49,32,34,66,12,9,79,95,16,1,0,0,0,1,0,0,1,0,Excelente,NO SUJETO DE CREDITO,[1]Alta_Propension,Castigado o Sin Producto,SI,
1337,deudor no comercial,Transporte,Segmento A,Segmento A,Region 2,Zona 1,1,0,1,0,1,1,1,0,0,0,1,40,Regular,Regular,F,2,Sociedad,74,93,6,49,83,70,95,95,51,38,63,54,11,25,65,1,1,0,0,0,1,1,1,1,Excelente,CON OBSERVACIONES-EVALUABLE,[1]Alta_Propension,Castigado o Sin Producto,NO,RED SUCURSALES
1338,Microempresas,Transporte,Segmento C,Segmento A,Region 2,Zona 1,0,0,0,0,0,0,0,0,1,0,1,44,Regular,Bueno,M,1,Sindicatos,72,39,79,19,37,24,13,66,22,58,33,81,27,63,75,0,0,1,1,1,1,1,1,0,Excelente,NO SUJETO DE CREDITO,[3]Baja_Propension,Castigado o Sin Producto,SI,VENTA CENTRALIZADA
1339,deudor comercial,Comercial,Segmento C,Segmento C,Region 2,Zona 1,1,0,1,0,1,1,0,0,0,0,0,68,Malo,Regular,F,1,SPA,96,5,23,91,2,38,33,14,93,22,84,32,54,25,50,0,1,0,0,0,0,0,1,0,Excelente,CON OBSERVACIONES-EVALUABLE,[3]Baja_Propension,Cliente Finaciado,SI,RED SUCURSALES
1340,deudor comercial,Comercial,Segmento B,Segmento A,Region 3,Zona 3,0,0,0,0,1,1,1,0,1,1,0,39,Regular,Regular,M,1,Cooperativas,47,72,26,43,21,15,27,33,54,56,7,13,43,76,13,1,0,0,1,0,0,1,1,0,Excelente,CON OBSERVACIONES-EVALUABLE,[3]Baja_Propension,Castigado o Sin Producto,NO,SALESFORCE - CCL
1341,deudor comercial,Turismo,Segmento B,Segmento A,Region 3,Zona 3,1,0,0,1,1,1,0,0,1,1,0,43,Malo,Malo,M,1,Federacion,14,77,47,41,76,13,50,28,73,4,74,95,3,33,34,1,1,0,1,0,1,1,1,0,Excelente,CON OBSERVACIONES-EVALUABLE,[3]Baja_Propension,Castigado o Sin Producto,NO,
1342,deudor no comercial,Comercial,Segmento C,Segmento C,Region 3,Zona 2,0,0,1,0,0,1,1,0,1,0,1,51,Bueno,Regular,F,1,Sociedad,10,95,40,72,1,21,66,2,45,85,80,35,85,1,63,0,0,1,0,0,1,1,1,0,Excelente,NO SUJETO DE CREDITO,[1]Alta_Propension,Cliente No Financiado,NO,
1343,deudor no comercial,Comercial,Segmento B,Segmento B,Region 1,Zona 1,0,1,1,1,0,0,0,1,0,0,0,45,Bueno,Regular,M,2,SPA,9,13,55,8,95,45,41,63,17,3,94,77,19,5,78,0,1,0,0,1,0,1,1,0,Bueno,SUJETO DE CREDITO-EVALUABLE,[1]Alta_Propension,Cliente Finaciado,SI,VENTA CENTRALIZADA
1344,Microempresas,Turismo,Segmento B,Segmento C,Region 3,Zona 3,1,1,1,1,0,1,0,1,0,1,0,71,Bueno,Malo,M,2,Sindicatos,57,81,45,45,68,20,0,82,16,99,73,91,81,31,68,0,0,1,0,1,1,0,1,0,Malo,CON OBSERVACIONES-EVALUABLE,[3]Baja_Propension,Castigado o Sin Producto,NO,
1345,deudor comercial,Comercial,Segmento B,Segmento B,Region 2,Zona 1,1,0,0,0,0,0,0,0,0,0,1,58,Bueno,Malo,M,1,Federacion,96,93,52,67,10,49,28,47,7,33,79,66,22,6,58,0,0,1,0,1,1,0,1,0,Malo,NO SUJETO DE CREDITO,[2]Media_Propension,Cliente No Financiado,SI,VENTA CENTRALIZADA
1346,Microempresas,Transporte,Segmento B,Segmento A,Region 2,Zona 3,0,1,1,0,0,1,1,1,0,1,0,37,Malo,Bueno,M,1,Cooperativas,86,41,65,90,55,95,83,55,8,27,37,61,31,67,51,0,1,0,0,1,1,0,0,0,Malo,CON OBSERVACIONES-EVALUABLE,[3]Baja_Propension,Cliente Finaciado,NO,SALESFORCE -WEB
1347,Microempresas,Turismo,Segmento A,Segmento C,Region 2,Zona 3,1,1,1,1,1,1,1,0,1,1,0,51,Malo,Regular,F,1,Sociedad,85,76,62,91,94,80,33,21,14,14,84,37,37,22,80,0,1,0,1,0,0,1,1,0,Bueno,NO SUJETO DE CREDITO,[1]Alta_Propension,Castigado o Sin Producto,NO,SALESFORCE -WEB
1348,Microempresas,Transporte,Segmento C,Segmento C,Region 2,Zona 3,0,1,0,1,1,1,1,0,0,1,0,43,Regular,Malo,M,2,Cooperativas,0,1,30,84,76,87,31,12,79,21,41,78,95,75,43,1,1,1,0,0,0,0,0,0,Malo,CON OBSERVACIONES-EVALUABLE,[1]Alta_Propension,Castigado o Sin Producto,SI,
1349,Microempresas,Transporte,Segmento A,Segmento A,Region 1,Zona 1,0,1,0,0,0,1,1,1,1,0,1,54,Malo,Regular,F,2,Federacion,91,44,3,3,73,98,27,0,28,66,98,53,48,41,1,0,1,0,0,0,0,1,0,1,Bueno,NO SUJETO DE CREDITO,[3]Baja_Propension,Cliente No Financiado,SI,SALESFORCE -WEB
1350,deudor no comercial,Turismo,Segmento B,Segmento C,Region 2,Zona 1,1,0,0,1,1,0,0,1,0,0,1,63,Regular,Regular,M,1,Cooperativas,7,47,61,4,76,26,47,72,97,14,69,82,77,12,77,1,1,0,1,1,0,0,1,1,Bueno,SUJETO DE CREDITO-EVALUABLE,[3]Baja_Propension,Cliente No Financiado,NO,
1351,deudor comercial,Transporte,Segmento A,Segmento C,Region 3,Zona 1,0,0,1,0,1,0,1,0,0,1,0,73,Regular,Malo,M,1,Federacion,88,80,62,65,6,91,5,9,34,56,48,9,35,46,38,1,1,0,1,0,1,0,0,1,Excelente,NO SUJETO DE CREDITO,[2]Media_Propension,Cliente No Financiado,SI,
1352,deudor comercial,Transporte,Segmento A,Segmento C,Region 3,Zona 1,0,1,0,1,0,0,0,0,0,1,1,59,Bueno,Regular,F,2,SPA,93,58,8,22,83,97,89,11,17,61,83,96,19,58,13,0,0,1,1,1,0,1,0,1,Bueno,NO SUJETO DE CREDITO,[3]Baja_Propension,Cliente Finaciado,NO,SALESFORCE - CCL
1353,deudor no comercial,Comercial,Segmento C,Segmento A,Region 3,Zona 1,1,1,0,0,1,0,0,1,1,0,1,45,Regular,Malo,M,1,SPA,13,21,16,4,79,43,61,97,28,67,54,78,40,74,15,0,1,1,1,0,0,0,1,0,Excelente,SUJETO DE CREDITO-EVALUABLE,[2]Media_Propension,Cliente Finaciado,SI,
1354,Microempresas,Turismo,Segmento C,Segmento C,Region 3,Zona 3,1,0,1,0,1,0,1,0,0,0,0,28,Regular,Regular,M,2,Sociedad,91,61,67,58,20,14,83,0,68,68,65,29,54,46,80,1,1,0,1,1,1,0,1,0,Malo,NO SUJETO DE CREDITO,[3]Baja_Propension,Castigado o Sin Producto,SI,RED SUCURSALES
1355,deudor comercial,Comercial,Segmento A,Segmento A,Region 3,Zona 3,1,1,1,1,1,0,1,1,1,0,1,42,Bueno,Regular,M,2,Cooperativas,47,92,86,97,73,86,93,61,46,50,28,77,38,95,15,0,0,1,0,1,0,0,0,0,Excelente,NO SUJETO DE CREDITO,[1]Alta_Propension,Castigado o Sin Producto,NO,SALESFORCE - CCL
1356,Microempresas,Turismo,Segmento B,Segmento C,Region 2,Zona 2,1,0,1,1,1,1,0,0,1,0,1,32,Bueno,Malo,M,1,Federacion,28,7,96,7,91,41,13,65,62,44,79,91,55,61,91,1,1,1,1,1,1,1,1,1,Malo,NO SUJETO DE CREDITO,[3]Baja_Propension,Cliente No Financiado,NO,
1357,deudor no comercial,Transporte,Segmento B,Segmento C,Region 1,Zona 1,0,1,1,1,0,0,1,1,0,0,1,18,Malo,Bueno,M,2,Sociedad,73,1,42,32,37,24,63,35,24,20,75,22,65,51,32,0,0,1,0,1,1,0,1,0,Malo,NO SUJETO DE CREDITO,[3]Baja_Propension,Castigado o Sin Producto,NO,RED SUCURSALES
1358,Microempresas,Transporte,Segmento C,Segmento C,Region 3,Zona 1,1,0,0,1,1,1,1,0,0,0,1,49,Malo,Malo,F,2,Sociedad,65,98,40,80,6,12,48,70,88,52,91,51,96,78,83,1,0,0,0,1,1,1,1,0,Malo,CON OBSERVACIONES-EVALUABLE,[1]Alta_Propension,Castigado o Sin Producto,SI,
1359,deudor no comercial,Transporte,Segmento A,Segmento B,Region 2,Zona 1,0,0,0,0,1,1,1,0,1,1,1,60,Regular,Regular,F,1,Sindicatos,34,30,26,57,53,65,22,35,66,92,31,75,92,69,90,1,0,1,1,1,0,1,1,1,Excelente,CON OBSERVACIONES-EVALUABLE,[1]Alta_Propension,Cliente Finaciado,SI,
1360,deudor no comercial,Transporte,Segmento B,Segmento A,Region 3,Zona 2,1,0,0,0,0,1,1,0,1,1,1,55,Malo,Malo,F,2,SPA,74,22,91,9,9,48,77,67,79,9,29,75,88,18,36,1,0,0,0,0,0,1,0,0,Bueno,NO SUJETO DE CREDITO,[2]Media_Propension,Cliente Finaciado,SI,RED SUCURSALES
1361,Microempresas,Transporte,Segmento C,Segmento B,Region 1,Zona 1,1,0,1,0,1,1,1,1,0,0,0,60,Bueno,Malo,F,1,Federacion,26,0,13,80,13,73,98,81,55,9,78,72,10,76,6,0,1,1,0,1,1,1,1,0,Bueno,SUJETO DE CREDITO-EVALUABLE,[3]Baja_Propension,Cliente No Financiado,NO,
1362,Microempresas,Comercial,Segmento C,Segmento C,Region 1,Zona 2,1,0,0,0,0,0,1,1,1,1,1,32,Malo,Bueno,F,2,SPA,18,42,37,23,98,94,35,98,60,78,69,67,9,28,68,1,1,1,1,0,1,1,1,1,Bueno,SUJETO DE CREDITO-EVALUABLE,[2]Media_Propension,Cliente No Financiado,NO,VENTA CENTRALIZADA
1363,deudor no comercial,Comercial,Segmento C,Segmento A,Region 3,Zona 2,0,1,0,0,1,1,0,1,1,0,1,38,Regular,Regular,F,2,Cooperativas,38,74,16,82,16,2,82,86,39,68,70,19,18,3,24,1,1,1,0,1,1,0,0,1,Bueno,CON OBSERVACIONES-EVALUABLE,[3]Baja_Propension,Castigado o Sin Producto,NO,SALESFORCE -WEB
1364,Microempresas,Comercial,Segmento B,Segmento C,Region 2,Zona 3,1,0,0,0,1,1,0,0,1,1,1,66,Regular,Regular,M,1,Sindicatos,32,1,82,40,3,66,89,29,13,47,56,23,84,87,31,0,1,0,0,1,1,1,1,0,Bueno,SUJETO DE CREDITO-EVALUABLE,[2]Media_Propension,Cliente Finaciado,NO,VENTA CENTRALIZADA
1365,deudor no comercial,Turismo,Segmento B,Segmento B,Region 2,Zona 1,0,1,0,1,0,0,1,0,1,0,1,28,Malo,Bueno,F,1,Sindicatos,1,2,19,99,88,22,35,68,70,63,91,49,20,5,89,0,0,1,1,1,1,1,0,1,Excelente,CON OBSERVACIONES-EVALUABLE,[2]Media_Propension,Cliente No Financiado,NO,SALESFORCE - CCL
1366,Microempresas,Comercial,Segmento C,Segmento C,Region 1,Zona 3,0,0,1,1,1,1,1,0,1,0,0,38,Bueno,Regular,M,1,Sociedad,82,50,83,10,93,83,60,16,52,10,42,9,30,69,44,0,0,0,0,1,1,1,0,1,Bueno,SUJETO DE CREDITO-EVALUABLE,[1]Alta_Propension,Cliente No Financiado,SI,VENTA CENTRALIZADA
1367,deudor no comercial,Transporte,Segmento A,Segmento C,Region 1,Zona 1,0,1,1,1,0,0,1,0,0,0,0,51,Bueno,Regular,F,1,SPA,55,89,62,1,4,52,79,12,27,67,84,53,48,85,2,1,0,1,1,0,1,0,1,0,Bueno,SUJETO DE CREDITO-EVALUABLE,[2]Media_Propension,Castigado o Sin Producto,SI,RED SUCURSALES
1368,deudor no comercial,Turismo,Segmento A,Segmento C,Region 2,Zona 1,1,1,0,0,0,0,1,0,1,1,1,28,Malo,Regular,M,1,Sociedad,71,32,88,93,69,95,59,22,14,57,24,87,76,85,52,1,0,0,0,1,1,0,0,0,Malo,SUJETO DE CREDITO-EVALUABLE,[3]Baja_Propension,Cliente Finaciado,NO,VENTA CENTRALIZADA
1369,deudor no comercial,Transporte,Segmento A,Segmento C,Region 3,Zona 2,1,0,1,1,0,1,0,0,0,1,1,37,Regular,Bueno,F,2,Cooperativas,93,30,92,18,39,29,74,31,89,74,13,90,53,58,38,1,1,0,1,1,0,1,0,1,Excelente,CON OBSERVACIONES-EVALUABLE,[3]Baja_Propension,Cliente Finaciado,SI,VENTA CENTRALIZADA
1370,deudor no comercial,Turismo,Segmento A,Segmento B,Region 1,Zona 1,0,0,1,1,0,0,1,1,0,0,0,56,Malo,Regular,F,2,Cooperativas,33,90,91,34,71,18,33,0,64,22,51,79,13,93,32,1,1,1,0,1,1,1,1,1,Malo,CON OBSERVACIONES-EVALUABLE,[1]Alta_Propension,Castigado o Sin Producto,SI,SALESFORCE - CCL
1371,deudor no comercial,Transporte,Segmento C,Segmento C,Region 1,Zona 1,1,0,0,0,1,1,0,0,1,0,1,71,Malo,Regular,F,1,SPA,25,95,73,93,30,7,72,62,62,35,14,70,51,31,47,1,0,1,1,1,0,1,1,1,Bueno,NO SUJETO DE CREDITO,[2]Media_Propension,Cliente Finaciado,NO,RED SUCURSALES
1372,deudor comercial,Comercial,Segmento C,Segmento C,Region 2,Zona 2,0,0,1,1,1,0,0,1,0,1,1,34,Malo,Regular,M,2,Cooperativas,11,43,0,52,89,55,10,93,61,37,74,73,88,96,97,0,0,1,0,1,0,1,0,1,Malo,CON OBSERVACIONES-EVALUABLE,[3]Baja_Propension,Cliente No Financiado,NO,SALESFORCE - CCL
1373,deudor comercial,Comercial,Segmento B,Segmento C,Region 1,Zona 3,0,0,1,1,0,0,0,0,1,1,1,70,Bueno,Bueno,F,1,Sociedad,88,59,72,96,34,45,42,64,15,28,43,62,99,32,53,0,1,1,0,1,0,0,1,0,Excelente,NO SUJETO DE CREDITO,[2]Media_Propension,Castigado o Sin Producto,SI,RED SUCURSALES
1374,Microempresas,Transporte,Segmento C,Segmento C,Region 1,Zona 3,1,0,1,0,1,0,0,0,0,1,1,26,Malo,Regular,M,1,Sindicatos,9,9,95,60,82,91,98,9,77,28,96,29,23,97,49,0,0,0,0,1,0,1,1,1,Excelente,NO SUJETO DE CREDITO,[1]Alta_Propension,Castigado o Sin Producto,SI,SALESFORCE - CCL
1375,deudor comercial,Comercial,Segmento C,Segmento A,Region 1,Zona 1,0,0,0,1,0,0,0,1,1,1,1,49,Malo,Bueno,F,2,SPA,17,31,51,31,96,43,33,44,18,15,89,95,45,20,19,0,0,1,1,0,0,0,0,1,Bueno,SUJETO DE CREDITO-EVALUABLE,[1]Alta_Propension,Cliente Finaciado,NO,VENTA CENTRALIZADA
1376,deudor comercial,Transporte,Segmento A,Segmento A,Region 1,Zona 2,1,0,0,0,0,1,1,0,0,0,1,60,Bueno,Bueno,M,1,Cooperativas,79,43,10,53,26,76,75,58,20,48,72,98,43,75,98,0,0,0,0,1,0,0,0,1,Bueno,NO SUJETO DE CREDITO,[3]Baja_Propension,Cliente Finaciado,NO,SALESFORCE - CCL
1377,deudor no comercial,Comercial,Segmento B,Segmento B,Region 2,Zona 2,0,0,0,0,0,0,1,1,1,0,0,49,Malo,Bueno,M,1,Sociedad,91,65,91,99,96,45,77,10,9,7,93,88,41,57,2,1,1,0,1,1,0,1,0,1,Bueno,CON OBSERVACIONES-EVALUABLE,[1]Alta_Propension,Cliente Finaciado,NO,RED SUCURSALES
1378,deudor comercial,Turismo,Segmento B,Segmento A,Region 1,Zona 2,1,0,1,1,1,0,0,0,1,1,1,60,Bueno,Regular,F,1,SPA,32,4,46,41,35,75,20,78,1,8,54,59,44,44,43,0,1,0,0,1,1,0,1,1,Excelente,CON OBSERVACIONES-EVALUABLE,[2]Media_Propension,Cliente Finaciado,NO,RED SUCURSALES
1379,deudor no comercial,Comercial,Segmento B,Segmento B,Region 3,Zona 3,1,0,1,1,1,0,1,1,1,1,1,18,Regular,Regular,F,1,Sindicatos,62,66,83,88,95,89,50,12,54,20,44,71,65,24,93,1,0,0,0,1,0,1,0,1,Bueno,NO SUJETO DE CREDITO,[1]Alta_Propension,Cliente Finaciado,SI,VENTA CENTRALIZADA
1380,deudor comercial,Turismo,Segmento B,Segmento C,Region 1,Zona 3,0,0,0,0,0,0,1,0,1,0,0,35,Malo,Bueno,M,1,Cooperativas,33,98,0,57,11,71,89,88,90,65,93,83,78,86,7,1,0,1,1,1,0,1,1,0,Bueno,NO SUJETO DE CREDITO,[3]Baja_Propension,Castigado o Sin Producto,SI,RED SUCURSALES
1381,Microempresas,Turismo,Segmento C,Segmento B,Region 1,Zona 2,1,0,0,0,1,0,0,0,0,0,1,26,Malo,Malo,M,2,Sindicatos,60,37,69,73,72,53,42,91,53,13,8,13,5,92,77,0,0,0,0,1,0,0,1,1,Malo,CON OBSERVACIONES-EVALUABLE,[1]Alta_Propension,Cliente Finaciado,SI,VENTA CENTRALIZADA
1382,deudor comercial,Comercial,Segmento C,Segmento B,Region 1,Zona 3,0,1,0,1,0,1,1,1,0,0,0,40,Malo,Bueno,M,2,Federacion,27,66,96,98,51,46,33,57,66,40,8,35,58,23,22,0,0,0,0,1,0,0,1,0,Malo,NO SUJETO DE CREDITO,[2]Media_Propension,Cliente No Financiado,NO,
1383,deudor comercial,Comercial,Segmento B,Segmento B,Region 1,Zona 2,0,0,1,1,0,1,0,1,1,1,0,67,Malo,Malo,F,2,Cooperativas,48,27,56,24,4,1,36,93,42,23,31,10,16,38,77,1,1,1,1,1,0,0,0,0,Excelente,NO SUJETO DE CREDITO,[2]Media_Propension,Castigado o Sin Producto,SI,SALESFORCE -WEB
1384,Microempresas,Turismo,Segmento C,Segmento C,Region 3,Zona 1,0,1,0,1,1,1,0,1,0,0,0,34,Bueno,Bueno,F,2,Sociedad,56,99,69,28,28,58,68,23,29,63,9,31,37,66,16,1,0,0,0,0,0,0,1,1,Excelente,NO SUJETO DE CREDITO,[1]Alta_Propension,Castigado o Sin Producto,NO,SALESFORCE - CCL
1385,deudor comercial,Comercial,Segmento C,Segmento C,Region 1,Zona 1,1,0,1,0,1,0,1,0,1,0,0,57,Regular,Bueno,M,2,Cooperativas,43,67,25,36,87,53,48,21,52,1,42,14,7,84,77,1,1,1,0,1,1,1,0,0,Excelente,SUJETO DE CREDITO-EVALUABLE,[1]Alta_Propension,Cliente Finaciado,SI,
1386,deudor no comercial,Turismo,Segmento B,Segmento A,Region 1,Zona 1,0,0,1,1,0,1,0,0,0,0,1,62,Regular,Regular,M,2,Sociedad,95,98,7,11,4,41,64,4,23,24,56,91,30,38,3,0,1,1,1,0,0,1,0,1,Bueno,SUJETO DE CREDITO-EVALUABLE,[1]Alta_Propension,Cliente Finaciado,NO,RED SUCURSALES
1387,deudor comercial,Transporte,Segmento A,Segmento C,Region 3,Zona 1,0,0,0,0,0,0,1,1,1,1,1,67,Bueno,Regular,M,1,Sociedad,73,41,13,32,84,23,43,78,53,19,32,24,90,98,5,1,0,1,0,0,1,1,0,1,Malo,NO SUJETO DE CREDITO,[3]Baja_Propension,Cliente Finaciado,NO,SALESFORCE - CCL
1388,Microempresas,Turismo,Segmento A,Segmento B,Region 3,Zona 2,0,1,1,1,1,0,1,1,1,1,0,43,Malo,Bueno,F,1,Sindicatos,53,12,75,66,68,65,24,27,46,9,52,36,33,60,79,0,0,1,1,1,1,1,1,1,Excelente,SUJETO DE CREDITO-EVALUABLE,[3]Baja_Propension,Cliente No Financiado,SI,
1389,deudor no comercial,Transporte,Segmento C,Segmento B,Region 3,Zona 2,0,0,0,0,0,1,1,1,1,0,0,45,Malo,Bueno,F,1,Cooperativas,44,73,27,25,33,45,92,30,7,44,70,58,65,22,14,0,1,0,0,1,0,0,0,0,Bueno,SUJETO DE CREDITO-EVALUABLE,[2]Media_Propension,Castigado o Sin Producto,NO,VENTA CENTRALIZADA
1390,deudor comercial,Transporte,Segmento A,Segmento C,Region 3,Zona 3,1,0,1,1,1,0,1,1,1,0,0,72,Malo,Malo,M,1,Federacion,6,70,27,2,21,17,38,39,71,36,26,79,67,7,98,0,1,1,0,0,1,1,1,0,Malo,CON OBSERVACIONES-EVALUABLE,[2]Media_Propension,Castigado o Sin Producto,SI,
1391,deudor comercial,Transporte,Segmento A,Segmento C,Region 1,Zona 1,1,1,1,1,1,0,0,1,1,0,1,46,Regular,Bueno,F,1,Cooperativas,94,29,92,84,79,36,54,89,32,98,31,53,20,50,48,1,0,0,1,0,0,0,0,1,Bueno,NO SUJETO DE CREDITO,[2]Media_Propension,Castigado o Sin Producto,NO,SALESFORCE - CCL
1392,Microempresas,Comercial,Segmento C,Segmento A,Region 2,Zona 3,0,0,0,1,1,0,1,1,1,0,1,38,Regular,Bueno,M,2,Sindicatos,57,86,10,59,2,51,3,24,38,98,78,24,81,22,68,1,1,1,1,0,0,1,1,0,Malo,NO SUJETO DE CREDITO,[3]Baja_Propension,Cliente Finaciado,NO,SALESFORCE - CCL
1393,deudor comercial,Transporte,Segmento A,Segmento C,Region 2,Zona 1,1,1,1,0,1,0,1,0,0,0,0,41,Malo,Regular,M,1,Cooperativas,39,89,70,44,44,39,99,67,24,66,17,70,15,15,55,1,1,0,0,1,0,0,0,0,Bueno,SUJETO DE CREDITO-EVALUABLE,[1]Alta_Propension,Castigado o Sin Producto,SI,SALESFORCE - CCL
1394,deudor comercial,Comercial,Segmento B,Segmento B,Region 2,Zona 3,1,1,1,0,0,0,0,0,0,1,1,73,Bueno,Regular,F,1,SPA,18,80,37,10,23,48,9,28,99,75,21,38,72,66,11,1,0,0,0,1,1,0,0,0,Bueno,NO SUJETO DE CREDITO,[2]Media_Propension,Cliente Finaciado,SI,VENTA CENTRALIZADA
1395,Microempresas,Turismo,Segmento B,Segmento C,Region 2,Zona 2,0,1,1,1,1,1,1,1,0,1,0,38,Bueno,Malo,M,2,Federacion,73,23,44,99,54,81,62,32,97,73,99,73,18,32,93,1,0,0,1,0,1,1,0,1,Bueno,CON OBSERVACIONES-EVALUABLE,[1]Alta_Propension,Cliente No Financiado,NO,VENTA CENTRALIZADA
1396,deudor no comercial,Transporte,Segmento B,Segmento C,Region 1,Zona 2,0,0,1,1,0,1,0,1,0,1,0,61,Regular,Regular,M,1,Federacion,18,78,77,54,13,52,80,60,68,37,64,84,56,82,11,0,1,0,1,0,1,0,0,0,Bueno,SUJETO DE CREDITO-EVALUABLE,[2]Media_Propension,Cliente No Financiado,SI,SALESFORCE -WEB
1397,deudor no comercial,Turismo,Segmento C,Segmento A,Region 1,Zona 3,1,0,0,1,1,0,0,0,1,0,1,40,Malo,Bueno,F,1,Cooperativas,10,81,35,19,38,71,27,12,87,59,35,97,96,69,70,1,0,1,0,1,0,1,0,0,Malo,CON OBSERVACIONES-EVALUABLE,[3]Baja_Propension,Castigado o Sin Producto,SI,VENTA CENTRALIZADA
1398,deudor comercial,Comercial,Segmento A,Segmento C,Region 1,Zona 1,1,0,0,0,0,0,0,0,1,0,0,38,Malo,Regular,M,1,Sindicatos,52,55,5,83,83,26,17,74,71,47,62,47,42,58,63,1,1,1,0,1,0,1,1,1,Bueno,SUJETO DE CREDITO-EVALUABLE,[2]Media_Propension,Cliente Finaciado,NO,
1399,deudor no comercial,Turismo,Segmento B,Segmento B,Region 3,Zona 2,1,1,1,0,0,1,0,0,0,1,1,36,Regular,Regular,F,2,Federacion,15,38,74,86,62,79,39,86,23,33,62,40,80,0,7,1,0,0,0,0,0,0,0,0,Malo,NO SUJETO DE CREDITO,[1]Alta_Propension,Cliente No Financiado,NO,
1400,deudor no comercial,Transporte,Segmento C,Segmento A,Region 2,Zona 3,0,1,0,0,0,1,0,0,0,0,1,20,Regular,Malo,M,1,SPA,33,60,3,72,52,82,55,16,1,49,24,6,38,85,78,0,1,1,0,0,1,0,1,0,Excelente,NO SUJETO DE CREDITO,[1]Alta_Propension,Castigado o Sin Producto,SI,
1401,Microempresas,Transporte,Segmento A,Segmento B,Region 2,Zona 1,0,0,1,1,0,0,1,0,0,1,1,57,Malo,Malo,M,1,Sociedad,75,99,33,39,32,45,11,82,31,76,82,62,18,43,36,0,0,1,1,1,0,1,0,1,Bueno,NO SUJETO DE CREDITO,[1]Alta_Propension,Cliente Finaciado,SI,SALESFORCE -WEB
1402,Microempresas,Comercial,Segmento C,Segmento B,Region 1,Zona 3,1,0,0,1,1,0,0,1,0,0,1,31,Malo,Bueno,F,2,Sindicatos,61,79,6,85,93,93,36,87,12,12,63,56,24,12,92,0,0,0,0,0,0,1,0,0,Malo,CON OBSERVACIONES-EVALUABLE,[3]Baja_Propension,Cliente No Financiado,NO,SALESFORCE -WEB
1403,deudor no comercial,Transporte,Segmento C,Segmento B,Region 3,Zona 2,0,0,1,0,0,1,0,1,1,0,0,18,Regular,Bueno,M,1,Sindicatos,84,3,66,59,8,89,84,66,31,60,32,90,41,98,92,1,1,1,1,1,1,0,1,1,Malo,SUJETO DE CREDITO-EVALUABLE,[3]Baja_Propension,Castigado o Sin Producto,SI,VENTA CENTRALIZADA
1404,deudor no comercial,Transporte,Segmento A,Segmento A,Region 1,Zona 3,1,0,0,0,1,0,1,1,0,0,0,47,Malo,Bueno,F,1,Sindicatos,78,13,46,91,51,23,67,49,79,97,22,9,77,56,75,0,1,0,0,1,0,0,1,0,Excelente,NO SUJETO DE CREDITO,[1]Alta_Propension,Cliente Finaciado,NO,SALESFORCE -WEB
1405,deudor no comercial,Turismo,Segmento C,Segmento A,Region 1,Zona 1,0,0,1,1,0,0,0,0,0,0,0,52,Malo,Regular,F,2,SPA,30,78,3,49,22,14,52,24,69,82,46,11,53,55,2,0,1,0,1,0,1,1,0,1,Bueno,NO SUJETO DE CREDITO,[2]Media_Propension,Cliente No Financiado,SI,SALESFORCE -WEB
1406,deudor comercial,Transporte,Segmento C,Segmento B,Region 1,Zona 1,0,0,0,0,0,0,1,1,0,1,1,40,Bueno,Regular,F,2,Cooperativas,84,97,99,41,4,40,56,48,39,82,37,80,49,21,90,1,0,1,1,1,0,0,1,1,Malo,CON OBSERVACIONES-EVALUABLE,[1]Alta_Propension,Castigado o Sin Producto,NO,
1407,Microempresas,Comercial,Segmento B,Segmento A,Region 2,Zona 2,1,1,1,0,1,0,0,1,0,0,1,30,Bueno,Bueno,M,1,SPA,11,15,96,98,80,35,99,7,24,58,81,67,55,12,71,0,1,1,1,1,0,1,1,1,Excelente,SUJETO DE CREDITO-EVALUABLE,[2]Media_Propension,Cliente Finaciado,SI,RED SUCURSALES
1408,deudor comercial,Transporte,Segmento A,Segmento A,Region 3,Zona 2,0,1,0,1,1,1,1,1,0,0,1,57,Bueno,Malo,M,1,Sindicatos,98,43,86,19,34,51,43,11,80,15,57,23,9,21,71,1,0,1,1,1,0,1,0,0,Excelente,CON OBSERVACIONES-EVALUABLE,[2]Media_Propension,Cliente No Financiado,SI,SALESFORCE - CCL
1409,Microempresas,Transporte,Segmento B,Segmento B,Region 1,Zona 2,1,1,0,0,1,1,1,1,1,1,1,60,Bueno,Regular,F,2,Federacion,81,54,20,67,70,5,75,0,87,48,83,40,26,90,49,0,1,1,1,1,1,0,0,1,Bueno,CON OBSERVACIONES-EVALUABLE,[2]Media_Propension,Cliente Finaciado,NO,RED SUCURSALES
1410,deudor comercial,Transporte,Segmento B,Segmento B,Region 2,Zona 1,0,1,1,1,1,1,0,1,0,1,1,22,Malo,Regular,M,1,Federacion,95,60,34,12,65,86,68,50,76,20,3,73,79,28,50,0,1,0,0,0,0,0,1,1,Excelente,NO SUJETO DE CREDITO,[1]Alta_Propension,Cliente Finaciado,SI,SALESFORCE - CCL
1411,deudor comercial,Transporte,Segmento B,Segmento C,Region 3,Zona 2,0,1,0,1,0,1,1,1,1,0,0,33,Regular,Regular,F,2,Sindicatos,1,9,7,74,49,5,77,46,23,94,34,0,35,47,31,1,1,0,0,1,1,1,1,0,Excelente,SUJETO DE CREDITO-EVALUABLE,[3]Baja_Propension,Cliente Finaciado,NO,SALESFORCE -WEB
1412,deudor no comercial,Turismo,Segmento C,Segmento B,Region 3,Zona 1,1,0,0,0,1,1,1,1,1,0,1,60,Bueno,Malo,F,1,Sindicatos,20,18,26,26,22,5,98,1,84,95,61,70,72,88,44,0,0,1,1,1,0,1,0,0,Bueno,NO SUJETO DE CREDITO,[3]Baja_Propension,Castigado o Sin Producto,SI,RED SUCURSALES
1413,Microempresas,Turismo,Segmento B,Segmento A,Region 2,Zona 1,0,1,0,1,1,1,1,1,0,0,0,59,Malo,Regular,M,2,Sindicatos,9,60,64,13,23,10,70,31,80,56,85,80,34,76,93,1,0,0,1,1,1,0,1,0,Bueno,CON OBSERVACIONES-EVALUABLE,[2]Media_Propension,Cliente No Financiado,SI,VENTA CENTRALIZADA
1414,deudor no comercial,Comercial,Segmento C,Segmento C,Region 2,Zona 2,1,0,1,0,1,1,1,1,0,1,1,22,Regular,Bueno,M,2,SPA,48,78,42,68,76,42,85,38,13,79,46,73,97,53,72,0,1,0,1,1,0,1,0,1,Excelente,CON OBSERVACIONES-EVALUABLE,[1]Alta_Propension,Cliente No Financiado,SI,VENTA CENTRALIZADA
1415,deudor comercial,Transporte,Segmento C,Segmento C,Region 1,Zona 1,0,0,0,0,1,0,1,1,1,1,1,31,Regular,Malo,F,2,SPA,34,41,38,41,21,46,39,93,28,87,52,94,37,46,32,0,0,0,1,1,0,1,0,1,Malo,CON OBSERVACIONES-EVALUABLE,[2]Media_Propension,Cliente No Financiado,NO,SALESFORCE - CCL
1416,deudor no comercial,Turismo,Segmento A,Segmento A,Region 2,Zona 1,0,1,1,1,0,1,0,1,1,0,1,52,Malo,Regular,F,1,Cooperativas,9,32,96,47,63,19,23,48,50,22,28,61,55,98,47,0,0,1,1,1,0,1,1,0,Malo,CON OBSERVACIONES-EVALUABLE,[2]Media_Propension,Castigado o Sin Producto,NO,VENTA CENTRALIZADA
1417,Microempresas,Comercial,Segmento B,Segmento A,Region 1,Zona 2,1,0,0,0,0,1,1,0,1,1,1,50,Regular,Bueno,M,1,Cooperativas,42,56,3,34,43,77,93,83,67,60,82,32,60,25,21,1,0,0,1,1,1,0,1,0,Excelente,SUJETO DE CREDITO-EVALUABLE,[2]Media_Propension,Cliente No Financiado,NO,VENTA CENTRALIZADA
1418,deudor comercial,Comercial,Segmento B,Segmento A,Region 2,Zona 3,0,1,0,0,1,0,1,0,0,1,0,40,Malo,Regular,M,2,SPA,53,63,57,16,96,59,5,10,4,10,77,40,17,58,38,0,0,1,1,0,1,0,1,0,Bueno,NO SUJETO DE CREDITO,[2]Media_Propension,Castigado o Sin Producto,SI,SALESFORCE -WEB
1419,deudor comercial,Transporte,Segmento A,Segmento B,Region 2,Zona 2,1,0,1,1,0,0,0,0,1,1,0,43,Regular,Regular,M,1,Sociedad,46,97,82,63,22,5,68,65,12,29,66,67,77,30,65,1,0,1,1,1,0,0,0,1,Bueno,SUJETO DE CREDITO-EVALUABLE,[2]Media_Propension,Cliente Finaciado,NO,
1420,Microempresas,Turismo,Segmento B,Segmento A,Region 1,Zona 1,1,0,0,1,1,0,0,1,0,0,1,40,Bueno,Malo,F,2,Sindicatos,14,28,94,16,38,63,27,36,82,95,67,65,21,19,2,1,0,0,1,0,1,0,0,1,Excelente,NO SUJETO DE CREDITO,[3]Baja_Propension,Cliente No Financiado,SI,RED SUCURSALES
1421,deudor no comercial,Transporte,Segmento B,Segmento A,Region 1,Zona 1,0,0,1,0,1,1,0,1,1,0,1,34,Bueno,Bueno,M,1,Federacion,65,35,34,91,21,20,80,55,40,54,38,97,83,77,50,0,1,1,0,1,1,0,0,1,Bueno,CON OBSERVACIONES-EVALUABLE,[3]Baja_Propension,Cliente Finaciado,NO,SALESFORCE -WEB
1422,deudor no comercial,Comercial,Segmento A,Segmento A,Region 2,Zona 1,0,0,0,0,0,0,0,1,0,0,0,69,Bueno,Regular,M,1,Federacion,0,16,48,94,18,57,54,43,21,67,85,16,32,68,78,0,0,1,0,0,0,1,1,1,Bueno,NO SUJETO DE CREDITO,[2]Media_Propension,Cliente No Financiado,NO,
1423,deudor comercial,Transporte,Segmento C,Segmento C,Region 1,Zona 2,0,0,1,1,1,0,0,0,1,1,0,68,Bueno,Bueno,F,1,SPA,90,7,91,99,50,85,46,55,97,34,56,4,63,35,41,0,0,1,0,1,0,0,1,0,Excelente,CON OBSERVACIONES-EVALUABLE,[3]Baja_Propension,Cliente Finaciado,SI,SALESFORCE -WEB
1424,deudor comercial,Transporte,Segmento B,Segmento C,Region 2,Zona 2,1,1,0,1,0,1,1,0,0,0,1,43,Bueno,Regular,F,1,Sociedad,48,2,56,19,2,17,50,11,47,57,36,75,45,58,63,1,0,0,1,1,1,1,1,0,Malo,SUJETO DE CREDITO-EVALUABLE,[1]Alta_Propension,Cliente Finaciado,NO,
1425,deudor comercial,Turismo,Segmento A,Segmento B,Region 2,Zona 3,1,1,0,1,1,1,0,1,1,1,1,72,Malo,Regular,M,1,Sociedad,54,9,85,89,71,16,62,74,5,67,19,91,74,37,57,0,1,0,0,0,0,1,0,1,Bueno,CON OBSERVACIONES-EVALUABLE,[3]Baja_Propension,Cliente No Financiado,SI,VENTA CENTRALIZADA
1426,Microempresas,Turismo,Segmento C,Segmento A,Region 3,Zona 3,1,0,0,1,0,1,0,0,1,0,1,50,Malo,Bueno,F,2,Sindicatos,47,42,97,88,78,12,41,81,1,50,89,56,60,31,95,0,0,1,0,0,1,1,1,0,Malo,NO SUJETO DE CREDITO,[2]Media_Propension,Cliente Finaciado,SI,
1427,deudor comercial,Transporte,Segmento B,Segmento B,Region 1,Zona 2,0,1,0,0,0,0,1,1,0,1,1,46,Bueno,Regular,F,2,SPA,4,55,74,79,31,94,21,37,59,87,51,49,10,84,20,0,1,0,0,1,1,0,0,1,Excelente,SUJETO DE CREDITO-EVALUABLE,[3]Baja_Propension,Cliente Finaciado,NO,SALESFORCE - CCL
1428,deudor no comercial,Comercial,Segmento B,Segmento A,Region 3,Zona 2,1,1,0,0,0,0,1,1,1,0,0,26,Bueno,Bueno,F,1,SPA,36,64,9,69,20,15,72,68,33,21,69,87,46,72,41,1,1,1,1,1,0,1,1,1,Bueno,NO SUJETO DE CREDITO,[2]Media_Propension,Cliente No Financiado,NO,VENTA CENTRALIZADA
1429,deudor no comercial,Turismo,Segmento A,Segmento C,Region 3,Zona 3,0,1,0,1,1,1,0,0,1,0,1,62,Malo,Bueno,M,1,Cooperativas,63,60,63,43,87,7,20,13,25,31,7,25,61,11,30,1,0,1,1,0,1,1,1,1,Bueno,CON OBSERVACIONES-EVALUABLE,[3]Baja_Propension,Cliente No Financiado,SI,VENTA CENTRALIZADA
1430,deudor no comercial,Comercial,Segmento A,Segmento C,Region 1,Zona 2,0,1,0,0,1,0,1,1,0,1,1,26,Bueno,Malo,M,2,SPA,22,98,0,95,33,73,86,39,80,16,26,36,13,40,41,0,1,0,1,1,0,1,1,0,Bueno,CON OBSERVACIONES-EVALUABLE,[1]Alta_Propension,Cliente No Financiado,NO,SALESFORCE - CCL
1431,deudor comercial,Turismo,Segmento A,Segmento B,Region 2,Zona 1,1,1,0,1,0,0,1,1,0,1,0,19,Regular,Bueno,M,1,Federacion,71,82,87,13,89,74,57,25,33,57,99,32,4,20,11,1,0,0,0,0,0,0,0,1,Bueno,NO SUJETO DE CREDITO,[2]Media_Propension,Cliente Finaciado,SI,SALESFORCE - CCL
1432,Microempresas,Turismo,Segmento C,Segmento B,Region 2,Zona 2,0,1,0,0,1,0,0,0,1,1,0,73,Malo,Regular,F,2,Sociedad,33,57,55,11,55,65,11,27,17,0,51,87,80,99,91,1,1,0,1,1,1,1,1,0,Bueno,SUJETO DE CREDITO-EVALUABLE,[3]Baja_Propension,Cliente Finaciado,SI,RED SUCURSALES
1433,Microempresas,Turismo,Segmento A,Segmento B,Region 3,Zona 1,0,1,0,0,0,0,1,1,0,0,0,25,Malo,Bueno,F,1,SPA,14,66,91,10,57,38,63,9,4,6,59,55,16,26,77,0,1,1,1,0,1,0,0,0,Bueno,NO SUJETO DE CREDITO,[2]Media_Propension,Cliente No Financiado,NO,RED SUCURSALES
1434,deudor no comercial,Turismo,Segmento A,Segmento A,Region 1,Zona 1,1,0,1,1,0,0,1,1,1,0,1,27,Regular,Regular,M,1,Sindicatos,93,40,40,16,81,66,27,60,2,24,0,51,86,82,36,1,1,1,0,1,0,0,0,1,Excelente,SUJETO DE CREDITO-EVALUABLE,[3]Baja_Propension,Cliente No Financiado,SI,RED SUCURSALES
1435,Microempresas,Transporte,Segmento A,Segmento A,Region 1,Zona 1,1,0,1,0,0,1,1,0,1,0,1,65,Malo,Regular,M,1,Sindicatos,47,83,19,25,20,42,80,2,17,20,9,67,62,48,40,0,0,1,1,1,1,1,0,0,Bueno,CON OBSERVACIONES-EVALUABLE,[1]Alta_Propension,Cliente Finaciado,NO,RED SUCURSALES
1436,Microempresas,Comercial,Segmento C,Segmento C,Region 1,Zona 1,1,0,0,0,0,0,0,0,1,0,1,51,Bueno,Regular,F,2,Sindicatos,5,44,15,77,99,61,57,1,97,70,24,26,68,6,20,0,0,1,1,0,0,1,1,1,Malo,SUJETO DE CREDITO-EVALUABLE,[2]Media_Propension,Cliente Finaciado,NO,SALESFORCE - CCL
1437,deudor no comercial,Comercial,Segmento C,Segmento A,Region 1,Zona 2,0,0,0,0,0,0,1,0,0,0,0,37,Malo,Regular,M,2,Federacion,31,1,95,7,66,14,10,93,6,51,54,11,40,13,30,1,0,1,1,1,0,0,0,1,Malo,SUJETO DE CREDITO-EVALUABLE,[1]Alta_Propension,Cliente No Financiado,NO,VENTA CENTRALIZADA
1438,deudor comercial,Turismo,Segmento C,Segmento A,Region 2,Zona 2,1,0,0,0,1,1,0,1,1,0,0,34,Malo,Bueno,F,2,Cooperativas,93,57,70,14,84,11,97,34,40,87,51,80,13,69,98,1,0,1,0,1,1,1,1,0,Malo,SUJETO DE CREDITO-EVALUABLE,[3]Baja_Propension,Cliente Finaciado,NO,VENTA CENTRALIZADA
1439,deudor no comercial,Turismo,Segmento C,Segmento C,Region 2,Zona 2,1,0,1,0,1,1,1,1,0,0,0,40,Regular,Malo,M,1,Federacion,2,72,44,46,42,63,99,14,26,26,43,49,17,60,48,1,0,1,1,1,0,0,1,0,Malo,NO SUJETO DE CREDITO,[2]Media_Propension,Cliente No Financiado,NO,RED SUCURSALES
1440,deudor no comercial,Transporte,Segmento C,Segmento C,Region 1,Zona 2,1,0,1,1,1,1,1,0,0,0,1,47,Regular,Malo,M,2,Federacion,60,46,98,74,48,65,92,82,2,30,48,7,63,84,37,1,0,1,0,0,0,1,1,1,Malo,NO SUJETO DE CREDITO,[3]Baja_Propension,Cliente Finaciado,NO,VENTA CENTRALIZADA
1441,deudor comercial,Transporte,Segmento B,Segmento C,Region 1,Zona 2,0,0,0,1,0,1,1,0,1,1,1,27,Malo,Bueno,M,1,SPA,73,12,37,60,65,4,83,32,61,11,10,82,85,35,82,0,1,1,0,1,1,0,0,1,Excelente,NO SUJETO DE CREDITO,[2]Media_Propension,Cliente No Financiado,SI,
1442,deudor no comercial,Transporte,Segmento A,Segmento B,Region 3,Zona 1,1,1,0,0,0,0,0,0,0,1,0,40,Malo,Regular,M,1,Sociedad,31,40,35,50,39,82,28,62,95,91,25,6,23,12,21,1,1,1,1,1,1,0,1,0,Malo,SUJETO DE CREDITO-EVALUABLE,[2]Media_Propension,Cliente Finaciado,SI,
1443,Microempresas,Comercial,Segmento A,Segmento A,Region 2,Zona 1,1,0,1,1,1,1,0,0,1,0,1,53,Regular,Bueno,F,2,Federacion,8,26,26,96,96,46,7,12,98,6,22,30,85,99,9,0,1,0,1,0,1,1,0,0,Excelente,CON OBSERVACIONES-EVALUABLE,[2]Media_Propension,Cliente Finaciado,NO,RED SUCURSALES
1444,deudor comercial,Comercial,Segmento A,Segmento A,Region 2,Zona 2,1,1,0,1,0,1,0,0,0,0,0,35,Bueno,Bueno,M,2,SPA,38,8,23,85,40,28,21,34,67,88,94,12,33,55,97,0,0,1,1,1,1,1,1,0,Malo,NO SUJETO DE CREDITO,[2]Media_Propension,Cliente Finaciado,SI,RED SUCURSALES
1445,Microempresas,Transporte,Segmento A,Segmento A,Region 3,Zona 2,1,1,1,1,1,1,1,0,0,1,0,23,Malo,Regular,M,1,SPA,94,2,22,96,89,14,3,45,32,13,7,88,71,11,59,1,1,0,1,0,1,1,0,1,Bueno,CON OBSERVACIONES-EVALUABLE,[3]Baja_Propension,Cliente No Financiado,NO,
1446,deudor comercial,Transporte,Segmento C,Segmento C,Region 3,Zona 1,1,0,1,0,0,1,1,1,0,1,1,70,Malo,Bueno,M,2,Sindicatos,78,71,38,1,77,95,59,97,29,83,8,37,59,71,46,0,0,1,1,1,0,1,0,0,Bueno,CON OBSERVACIONES-EVALUABLE,[3]Baja_Propension,Castigado o Sin Producto,SI,SALESFORCE -WEB
1447,deudor comercial,Transporte,Segmento A,Segmento A,Region 2,Zona 3,1,1,0,0,1,0,1,1,1,0,1,55,Bueno,Bueno,F,2,SPA,0,58,29,10,86,48,60,37,66,24,50,76,32,70,42,0,0,0,1,1,0,1,0,0,Bueno,CON OBSERVACIONES-EVALUABLE,[3]Baja_Propension,Castigado o Sin Producto,SI,SALESFORCE - CCL
1448,deudor comercial,Turismo,Segmento A,Segmento A,Region 1,Zona 1,1,0,0,0,1,0,0,1,1,1,0,68,Regular,Malo,M,1,Sociedad,8,19,81,63,44,44,10,74,37,57,96,44,98,57,18,0,0,0,0,0,1,0,1,1,Malo,CON OBSERVACIONES-EVALUABLE,[1]Alta_Propension,Cliente No Financiado,NO,VENTA CENTRALIZADA
1449,Microempresas,Comercial,Segmento C,Segmento A,Region 2,Zona 2,0,0,0,0,1,1,1,0,1,1,0,50,Bueno,Malo,F,2,Sindicatos,42,67,12,32,62,25,54,93,97,30,72,39,32,23,15,1,0,1,1,1,1,0,1,0,Bueno,NO SUJETO DE CREDITO,[3]Baja_Propension,Cliente No Financiado,NO,SALESFORCE - CCL
1450,Microempresas,Transporte,Segmento B,Segmento B,Region 2,Zona 3,0,1,0,0,0,0,1,0,0,0,0,65,Regular,Bueno,F,1,Sociedad,42,21,16,73,80,88,18,4,35,70,2,73,50,53,76,1,1,1,0,1,1,1,0,1,Bueno,NO SUJETO DE CREDITO,[1]Alta_Propension,Cliente No Financiado,NO,
1451,deudor comercial,Transporte,Segmento C,Segmento A,Region 1,Zona 2,1,1,1,0,1,1,0,0,0,1,1,33,Bueno,Regular,M,1,Cooperativas,19,56,64,78,76,40,80,62,32,81,64,91,48,24,34,1,1,1,1,0,1,0,1,1,Bueno,SUJETO DE CREDITO-EVALUABLE,[2]Media_Propension,Cliente No Financiado,SI,SALESFORCE -WEB
1452,deudor comercial,Comercial,Segmento A,Segmento A,Region 2,Zona 3,1,0,1,0,1,0,1,0,0,0,0,28,Regular,Malo,M,1,SPA,20,13,88,49,36,55,1,50,12,68,41,94,71,47,69,1,1,0,0,0,0,1,1,1,Bueno,NO SUJETO DE CREDITO,[2]Media_Propension,Castigado o Sin Producto,SI,
1453,deudor no comercial,Transporte,Segmento A,Segmento B,Region 3,Zona 1,1,0,0,0,0,1,1,0,1,0,0,56,Bueno,Regular,F,1,SPA,12,36,5,67,42,54,59,28,71,59,8,65,92,70,89,0,1,0,0,0,0,0,0,0,Bueno,SUJETO DE CREDITO-EVALUABLE,[1]Alta_Propension,Cliente Finaciado,SI,SALESFORCE - CCL
1454,deudor comercial,Comercial,Segmento A,Segmento C,Region 3,Zona 3,0,0,0,1,1,0,1,0,0,1,0,42,Malo,Malo,M,2,Sociedad,34,50,56,77,26,3,69,44,97,33,57,69,79,90,14,0,0,1,1,0,1,1,0,0,Bueno,NO SUJETO DE CREDITO,[3]Baja_Propension,Cliente Finaciado,SI,RED SUCURSALES
1455,Microempresas,Comercial,Segmento A,Segmento C,Region 3,Zona 3,1,1,1,0,1,0,0,0,0,1,0,47,Bueno,Malo,F,2,SPA,86,12,60,22,26,59,9,84,91,53,3,95,40,13,71,0,1,0,1,0,0,0,0,0,Bueno,SUJETO DE CREDITO-EVALUABLE,[1]Alta_Propension,Castigado o Sin Producto,NO,SALESFORCE -WEB
1456,deudor comercial,Turismo,Segmento C,Segmento C,Region 1,Zona 2,1,0,0,0,1,1,0,0,0,0,1,58,Regular,Regular,F,1,Cooperativas,77,27,21,71,15,38,25,9,39,27,90,39,42,78,76,1,0,0,1,1,1,0,1,1,Malo,NO SUJETO DE CREDITO,[3]Baja_Propension,Cliente Finaciado,NO,RED SUCURSALES
1457,deudor no comercial,Comercial,Segmento C,Segmento B,Region 3,Zona 1,0,0,0,1,0,0,1,1,1,0,1,22,Malo,Regular,F,1,Sindicatos,90,6,20,21,14,51,31,65,42,34,83,55,88,97,1,1,1,1,0,0,1,1,1,1,Excelente,SUJETO DE CREDITO-EVALUABLE,[3]Baja_Propension,Cliente Finaciado,NO,
1458,Microempresas,Turismo,Segmento C,Segmento C,Region 3,Zona 3,1,1,1,1,0,1,0,1,0,0,0,66,Regular,Regular,F,2,Sindicatos,97,19,82,4,68,43,21,97,6,72,23,81,26,33,84,1,0,1,0,0,1,1,0,0,Malo,CON OBSERVACIONES-EVALUABLE,[2]Media_Propension,Cliente Finaciado,NO,SALESFORCE -WEB
1459,deudor comercial,Turismo,Segmento B,Segmento A,Region 1,Zona 3,0,1,1,1,1,1,0,1,1,1,1,37,Regular,Regular,M,1,Cooperativas,89,49,54,41,65,89,67,78,3,98,80,66,41,9,67,0,1,1,0,0,1,1,1,1,Excelente,NO SUJETO DE CREDITO,[3]Baja_Propension,Castigado o Sin Producto,NO,VENTA CENTRALIZADA
1460,deudor no comercial,Turismo,Segmento C,Segmento A,Region 1,Zona 1,1,0,1,0,0,0,0,1,1,1,1,48,Malo,Regular,M,1,SPA,30,56,39,75,34,34,21,18,40,0,85,37,63,39,95,1,1,0,0,0,0,1,1,1,Bueno,CON OBSERVACIONES-EVALUABLE,[3]Baja_Propension,Castigado o Sin Producto,NO,RED SUCURSALES
1461,Microempresas,Comercial,Segmento B,Segmento B,Region 1,Zona 2,0,1,1,1,0,0,0,1,1,1,1,45,Malo,Bueno,F,2,SPA,38,28,64,27,59,29,42,73,18,55,87,43,32,32,6,0,1,1,1,0,1,0,0,0,Malo,SUJETO DE CREDITO-EVALUABLE,[2]Media_Propension,Castigado o Sin Producto,SI,VENTA CENTRALIZADA
1462,deudor no comercial,Turismo,Segmento A,Segmento C,Region 3,Zona 2,1,0,0,0,1,0,1,1,0,0,1,44,Regular,Malo,M,2,SPA,6,90,92,83,20,28,20,18,12,4,25,67,79,70,26,0,0,0,1,1,1,0,0,1,Malo,CON OBSERVACIONES-EVALUABLE,[1]Alta_Propension,Cliente No Financiado,NO,RED SUCURSALES
1463,Microempresas,Comercial,Segmento A,Segmento C,Region 2,Zona 2,1,0,0,0,1,0,0,0,1,0,1,21,Regular,Bueno,F,1,SPA,86,98,48,72,54,16,11,36,89,66,96,53,99,81,70,0,0,1,1,1,1,1,1,0,Malo,NO SUJETO DE CREDITO,[3]Baja_Propension,Castigado o Sin Producto,SI,SALESFORCE -WEB
1464,deudor no comercial,Comercial,Segmento B,Segmento B,Region 2,Zona 3,1,1,0,0,1,0,1,0,0,1,1,69,Bueno,Bueno,F,2,Federacion,5,55,91,24,20,28,7,86,65,46,29,92,89,34,8,0,1,1,0,0,0,0,1,1,Malo,SUJETO DE CREDITO-EVALUABLE,[1]Alta_Propension,Cliente No Financiado,SI,
1465,deudor comercial,Comercial,Segmento B,Segmento A,Region 3,Zona 2,0,1,0,0,1,1,0,0,1,0,0,73,Bueno,Malo,M,1,Sindicatos,58,65,0,60,44,33,52,82,41,14,25,36,61,60,83,0,0,1,0,1,1,1,0,1,Malo,CON OBSERVACIONES-EVALUABLE,[2]Media_Propension,Cliente No Financiado,NO,
1466,deudor comercial,Comercial,Segmento B,Segmento C,Region 2,Zona 2,0,0,1,0,1,1,0,1,1,0,1,60,Bueno,Malo,F,1,Federacion,80,41,33,63,16,41,48,33,4,73,13,0,45,20,56,1,1,1,1,1,1,0,0,1,Excelente,SUJETO DE CREDITO-EVALUABLE,[1]Alta_Propension,Castigado o Sin Producto,SI,
1467,deudor comercial,Turismo,Segmento B,Segmento C,Region 2,Zona 2,1,0,1,1,0,0,0,0,0,1,0,66,Malo,Bueno,M,2,SPA,37,53,77,66,5,51,96,80,78,58,59,53,12,81,11,0,1,0,1,0,1,1,1,0,Malo,NO SUJETO DE CREDITO,[2]Media_Propension,Cliente Finaciado,NO,RED SUCURSALES
1468,deudor comercial,Transporte,Segmento B,Segmento C,Region 2,Zona 3,0,0,0,1,0,1,1,0,0,0,0,28,Malo,Malo,M,2,Sindicatos,57,55,88,22,61,45,30,44,87,54,56,50,23,48,48,0,0,1,1,1,0,1,0,1,Malo,NO SUJETO DE CREDITO,[2]Media_Propension,Cliente Finaciado,NO,SALESFORCE - CCL
1469,Microempresas,Comercial,Segmento C,Segmento C,Region 1,Zona 1,0,1,1,1,1,1,0,0,1,0,0,30,Regular,Malo,F,2,Cooperativas,29,35,65,89,15,39,57,41,50,59,0,2,82,52,90,1,0,0,0,0,1,1,0,0,Excelente,CON OBSERVACIONES-EVALUABLE,[3]Baja_Propension,Cliente No Financiado,SI,RED SUCURSALES
1470,deudor comercial,Turismo,Segmento A,Segmento C,Region 2,Zona 1,1,1,0,1,1,0,1,0,1,0,1,30,Bueno,Bueno,F,1,SPA,97,74,18,26,96,0,25,72,0,94,30,84,35,8,52,0,1,1,0,0,0,1,1,1,Malo,NO SUJETO DE CREDITO,[1]Alta_Propension,Cliente Finaciado,NO,VENTA CENTRALIZADA
1471,deudor comercial,Turismo,Segmento A,Segmento B,Region 3,Zona 2,1,1,1,0,0,1,0,0,1,1,1,18,Malo,Bueno,F,2,Federacion,64,99,48,29,73,85,86,62,12,47,63,72,97,22,65,0,0,1,1,0,0,0,1,1,Malo,SUJETO DE CREDITO-EVALUABLE,[2]Media_Propension,Cliente Finaciado,NO,SALESFORCE - CCL
1472,Microempresas,Comercial,Segmento C,Segmento C,Region 2,Zona 3,1,1,1,1,1,1,1,1,1,0,1,36,Bueno,Malo,M,1,Cooperativas,84,62,29,69,79,34,75,32,76,83,24,25,36,92,58,1,1,1,0,1,1,1,1,1,Bueno,SUJETO DE CREDITO-EVALUABLE,[1]Alta_Propension,Cliente Finaciado,SI,VENTA CENTRALIZADA
1473,Microempresas,Transporte,Segmento A,Segmento A,Region 3,Zona 2,1,1,1,1,0,1,1,0,1,0,1,56,Bueno,Malo,M,2,SPA,4,72,48,9,30,56,51,5,41,50,39,32,51,63,19,1,1,0,0,1,1,0,1,1,Malo,SUJETO DE CREDITO-EVALUABLE,[3]Baja_Propension,Castigado o Sin Producto,NO,
1474,deudor no comercial,Comercial,Segmento B,Segmento A,Region 1,Zona 1,1,0,1,0,0,0,1,1,1,1,1,26,Malo,Malo,F,1,Sociedad,88,17,17,21,14,78,96,63,41,9,12,5,40,57,17,0,0,1,0,1,0,1,0,0,Bueno,SUJETO DE CREDITO-EVALUABLE,[1]Alta_Propension,Cliente No Financiado,NO,SALESFORCE - CCL
1475,deudor no comercial,Comercial,Segmento B,Segmento A,Region 1,Zona 1,1,1,0,1,0,1,0,1,1,1,1,54,Bueno,Malo,M,1,Sindicatos,60,48,84,61,85,10,98,86,2,54,17,32,64,76,24,1,0,0,0,1,1,1,1,0,Excelente,NO SUJETO DE CREDITO,[1]Alta_Propension,Cliente Finaciado,NO,VENTA CENTRALIZADA
1476,deudor no comercial,Turismo,Segmento C,Segmento A,Region 3,Zona 1,1,1,1,0,0,1,0,0,0,1,1,50,Malo,Bueno,F,1,Sociedad,89,86,54,39,59,13,93,92,66,2,34,58,72,64,83,1,1,1,1,1,0,0,1,0,Malo,CON OBSERVACIONES-EVALUABLE,[3]Baja_Propension,Cliente Finaciado,SI,
1477,deudor comercial,Comercial,Segmento B,Segmento C,Region 1,Zona 2,0,0,1,1,1,0,1,1,0,1,1,38,Bueno,Regular,M,2,SPA,44,65,31,89,16,94,65,9,39,1,99,17,45,68,78,0,0,1,0,0,0,0,0,1,Malo,NO SUJETO DE CREDITO,[1]Alta_Propension,Cliente No Financiado,NO,
1478,Microempresas,Transporte,Segmento A,Segmento C,Region 3,Zona 3,1,1,0,0,1,0,1,0,0,1,0,56,Bueno,Regular,F,1,Sindicatos,59,62,89,48,72,65,26,86,5,34,76,25,96,71,99,0,1,1,1,0,0,0,1,0,Bueno,SUJETO DE CREDITO-EVALUABLE,[1]Alta_Propension,Cliente No Financiado,NO,RED SUCURSALES
1479,deudor no comercial,Transporte,Segmento B,Segmento C,Region 1,Zona 1,0,0,1,0,1,0,0,0,0,0,0,67,Malo,Bueno,F,1,Sindicatos,2,14,10,64,64,84,57,96,88,93,33,98,3,64,82,1,0,1,0,0,1,0,0,1,Malo,CON OBSERVACIONES-EVALUABLE,[1]Alta_Propension,Castigado o Sin Producto,SI,VENTA CENTRALIZADA
1480,deudor comercial,Transporte,Segmento A,Segmento C,Region 3,Zona 2,0,0,0,1,1,1,1,1,0,0,1,31,Malo,Malo,M,1,SPA,19,72,37,7,40,11,52,11,25,57,76,59,46,91,69,0,1,0,0,1,0,0,0,1,Malo,NO SUJETO DE CREDITO,[2]Media_Propension,Castigado o Sin Producto,NO,
1481,deudor no comercial,Turismo,Segmento B,Segmento C,Region 1,Zona 2,0,0,1,1,1,1,1,0,1,0,0,23,Bueno,Malo,M,2,Cooperativas,41,26,33,31,3,66,34,96,15,41,16,91,93,50,93,1,0,1,0,1,0,0,1,1,Bueno,NO SUJETO DE CREDITO,[2]Media_Propension,Cliente No Financiado,SI,SALESFORCE -WEB
1482,deudor comercial,Transporte,Segmento C,Segmento C,Region 2,Zona 1,0,0,0,0,1,0,1,1,1,1,1,71,Malo,Malo,F,1,Sociedad,2,30,99,27,82,52,27,67,1,35,13,51,50,80,93,0,1,0,1,0,0,1,0,0,Malo,NO SUJETO DE CREDITO,[3]Baja_Propension,Cliente No Financiado,SI,VENTA CENTRALIZADA
1483,deudor comercial,Turismo,Segmento B,Segmento A,Region 2,Zona 3,0,0,0,0,1,0,1,0,0,0,1,38,Regular,Malo,F,2,Federacion,46,3,23,6,36,11,1,51,11,10,22,71,52,95,52,0,0,0,0,0,0,0,0,1,Bueno,NO SUJETO DE CREDITO,[3]Baja_Propension,Cliente Finaciado,NO,
1484,deudor comercial,Transporte,Segmento C,Segmento A,Region 3,Zona 3,1,1,1,1,1,1,1,0,1,0,0,35,Regular,Malo,F,1,Cooperativas,70,28,76,8,11,93,14,77,98,96,5,37,9,47,89,1,0,0,1,0,0,1,1,0,Excelente,SUJETO DE CREDITO-EVALUABLE,[2]Media_Propension,Cliente Finaciado,NO,VENTA CENTRALIZADA
1485,deudor no comercial,Comercial,Segmento C,Segmento A,Region 2,Zona 3,0,0,1,0,0,0,0,1,0,0,1,38,Malo,Bueno,F,2,Sindicatos,83,66,17,17,56,65,24,68,20,87,52,52,65,78,48,1,0,1,1,1,0,0,0,1,Malo,CON OBSERVACIONES-EVALUABLE,[3]Baja_Propension,Cliente Finaciado,SI,RED SUCURSALES
1486,deudor no comercial,Transporte,Segmento C,Segmento A,Region 3,Zona 1,1,1,0,1,1,0,0,0,1,0,0,19,Malo,Bueno,M,1,Sociedad,31,73,64,70,52,43,68,80,31,31,51,46,56,90,47,0,1,1,0,0,0,0,1,1,Malo,SUJETO DE CREDITO-EVALUABLE,[1]Alta_Propension,Cliente No Financiado,NO,SALESFORCE -WEB
1487,deudor comercial,Turismo,Segmento B,Segmento B,Region 1,Zona 2,0,1,0,1,0,1,0,0,1,1,0,38,Regular,Regular,F,1,SPA,18,89,3,94,67,39,53,7,99,57,91,17,72,25,80,1,0,0,0,0,1,1,0,0,Bueno,SUJETO DE CREDITO-EVALUABLE,[1]Alta_Propension,Castigado o Sin Producto,NO,RED SUCURSALES
1488,deudor no comercial,Turismo,Segmento A,Segmento C,Region 2,Zona 3,1,0,1,0,1,0,0,1,0,0,1,26,Bueno,Bueno,M,2,Sindicatos,38,47,51,91,12,18,93,85,71,54,88,78,8,82,25,1,0,1,0,0,1,1,1,1,Bueno,NO SUJETO DE CREDITO,[2]Media_Propension,Cliente No Financiado,SI,
1489,deudor comercial,Comercial,Segmento A,Segmento C,Region 1,Zona 3,1,0,1,0,1,0,1,1,0,1,1,50,Malo,Bueno,M,1,SPA,14,74,87,14,93,93,43,40,23,84,73,4,32,55,33,1,0,1,1,1,1,1,0,0,Malo,NO SUJETO DE CREDITO,[1]Alta_Propension,Castigado o Sin Producto,SI,SALESFORCE -WEB
1490,Microempresas,Transporte,Segmento B,Segmento C,Region 1,Zona 2,0,0,1,0,0,1,1,1,1,0,1,47,Bueno,Malo,F,2,Cooperativas,57,57,15,72,5,52,32,73,28,87,55,26,27,90,79,0,0,0,0,0,0,0,1,1,Excelente,SUJETO DE CREDITO-EVALUABLE,[3]Baja_Propension,Cliente No Financiado,SI,RED SUCURSALES
1491,deudor no comercial,Comercial,Segmento B,Segmento B,Region 3,Zona 1,0,1,1,0,1,0,0,1,0,1,0,34,Regular,Malo,F,2,Cooperativas,52,70,75,11,71,11,53,0,75,66,74,20,99,30,18,1,1,0,1,1,0,1,1,0,Bueno,SUJETO DE CREDITO-EVALUABLE,[1]Alta_Propension,Cliente No Financiado,NO,
1492,deudor comercial,Turismo,Segmento C,Segmento C,Region 3,Zona 2,1,0,1,1,0,1,1,1,1,0,1,59,Bueno,Malo,F,1,SPA,94,98,39,87,79,36,17,33,83,53,69,99,23,99,20,0,1,0,0,1,0,1,0,1,Bueno,SUJETO DE CREDITO-EVALUABLE,[2]Media_Propension,Castigado o Sin Producto,SI,VENTA CENTRALIZADA
1493,deudor comercial,Comercial,Segmento A,Segmento A,Region 2,Zona 1,1,0,0,1,1,0,1,1,0,1,1,45,Bueno,Regular,M,1,Cooperativas,68,56,25,24,21,65,35,68,62,31,47,62,0,47,59,1,1,1,1,0,0,0,0,0,Excelente,SUJETO DE CREDITO-EVALUABLE,[3]Baja_Propension,Cliente No Financiado,SI,
1494,deudor no comercial,Turismo,Segmento A,Segmento C,Region 3,Zona 2,0,1,1,1,0,1,1,1,1,0,1,30,Bueno,Bueno,M,1,Cooperativas,3,85,30,59,20,67,74,33,99,31,1,71,47,60,69,0,1,0,1,1,0,0,0,1,Excelente,SUJETO DE CREDITO-EVALUABLE,[2]Media_Propension,Cliente Finaciado,NO,VENTA CENTRALIZADA
1495,deudor no comercial,Turismo,Segmento B,Segmento A,Region 2,Zona 3,0,0,0,0,0,0,1,1,1,1,1,65,Bueno,Regular,F,1,Cooperativas,17,59,87,85,60,34,78,53,46,96,79,44,74,74,26,0,0,1,0,1,0,0,0,0,Bueno,NO SUJETO DE CREDITO,[1]Alta_Propension,Cliente Finaciado,SI,SALESFORCE -WEB
1496,Microempresas,Turismo,Segmento B,Segmento C,Region 2,Zona 2,0,0,1,0,0,0,0,1,1,0,0,71,Regular,Malo,F,1,SPA,89,88,21,92,48,67,92,22,43,19,24,39,51,8,3,1,1,0,1,0,1,0,1,1,Excelente,CON OBSERVACIONES-EVALUABLE,[2]Media_Propension,Cliente Finaciado,NO,
1497,deudor no comercial,Turismo,Segmento A,Segmento A,Region 1,Zona 2,0,0,0,1,1,0,1,0,1,0,1,44,Regular,Malo,M,2,Cooperativas,35,12,58,38,0,0,59,51,50,11,85,31,78,78,61,1,1,1,1,0,1,0,0,1,Excelente,CON OBSERVACIONES-EVALUABLE,[2]Media_Propension,Castigado o Sin Producto,NO,
1498,deudor no comercial,Comercial,Segmento C,Segmento C,Region 3,Zona 1,0,0,1,0,0,0,0,1,0,1,0,18,Malo,Bueno,M,2,SPA,16,6,80,95,77,20,42,0,91,28,32,63,30,51,67,0,0,0,1,0,0,1,1,0,Excelente,SUJETO DE CREDITO-EVALUABLE,[1]Alta_Propension,Cliente Finaciado,SI,SALESFORCE - CCL
1499,deudor comercial,Comercial,Segmento B,Segmento B,Region 2,Zona 2,0,1,1,1,1,0,0,0,1,1,0,67,Bueno,Regular,M,1,Cooperativas,87,28,42,45,44,74,34,31,39,6,96,0,34,11,59,0,1,0,1,1,1,1,0,0,Malo,NO SUJETO DE CREDITO,[2]Media_Propension,Cliente Finaciado,SI,
1500,Microempresas,Transporte,Segmento C,Segmento A,Region 2,Zona 1,0,1,0,0,1,0,0,1,1,0,0,57,Regular,Bueno,F,2,Federacion,67,19,94,57,83,91,71,48,96,39,35,16,59,67,52,0,1,1,1,1,1,0,0,0,Excelente,CON OBSERVACIONES-EVALUABLE,[2]Media_Propension,Cliente Finaciado,NO,SALESFORCE -WEB
1501,deudor no comercial,Biotecnologia,Segmento E,Segmento D,Region 5,Zona 4,1,1,0,0,1,0,0,1,0,1,1,56,Regular,Regular,M,1,SPA,40,59,25,36,18,99,95,69,17,74,20,98,13,73,16,0,1,0,0,0,0,1,1,1,Malo,CON OBSERVACIONES-EVALUABLE,[1]Alta_Propension,Cliente No Financiado,SI,VENTA CENTRALIZADA
1502,deudor no comercial,Agricola,Segmento D,Segmento D,Region 4,Zona 5,1,0,1,0,1,0,0,1,0,1,0,54,Malo,Regular,F,2,SPA,99,40,46,83,49,18,37,84,46,81,48,21,42,96,26,1,1,1,1,0,1,0,0,1,Excelente,NO SUJETO DE CREDITO,[2]Media_Propension,Cliente Finaciado,SI,RED SUCURSALES
1503,deudor uso medio de pago,Pesca,Segmento D,Segmento F,Region 6,Zona 4,1,1,0,0,1,0,0,1,0,0,1,53,Regular,Regular,F,2,Sindicatos,81,52,79,34,94,16,99,41,15,53,81,79,27,22,43,0,1,0,1,1,0,0,0,0,Malo,NO SUJETO DE CREDITO,[1]Alta_Propension,Cliente Finaciado,SI,SALESFORCE - CCL
1504,deudor uso medio de pago,Agricola,Segmento E,Segmento F,Region 4,Zona 5,0,0,1,1,1,1,0,1,1,0,0,40,Regular,Excelente,M,2,Sindicatos,48,63,73,85,11,85,74,27,16,49,51,78,61,50,7,1,0,1,1,0,0,1,0,1,Excelente,SUJETO DE CREDITO-EVALUABLE,[3]Baja_Propension,Cliente No Financiado,NO,
1505,deudor no comercial,Agricola,Segmento D,Segmento F,Region 6,Zona 4,0,1,1,0,1,1,1,0,0,1,0,29,Excelente,Malo,M,2,Cooperativas,53,61,11,84,96,5,48,8,95,90,1,64,63,46,40,1,0,1,1,0,0,1,1,1,Bueno,CON OBSERVACIONES-EVALUABLE,[3]Baja_Propension,Castigado o Sin Producto,NO,SALESFORCE -WEB
1506,deudor comercial,Pesca,Segmento E,Segmento D,Region 4,Zona 6,0,1,0,0,0,0,0,1,1,1,0,58,Malo,Regular,M,2,SPA,59,16,86,9,14,26,76,21,62,76,59,17,95,51,26,0,1,1,1,0,1,1,1,1,Bueno,NO SUJETO DE CREDITO,[3]Baja_Propension,Cliente Finaciado,NO,VENTA CENTRALIZADA
1507,deudor comercial,Pesca,Segmento F,Segmento E,Region 4,Zona 4,1,1,1,1,0,0,1,0,1,0,0,36,Regular,Regular,M,2,SPA,85,1,68,9,91,77,64,36,58,60,25,79,42,41,69,0,0,1,1,1,0,0,1,1,Excelente,NO SUJETO DE CREDITO,[1]Alta_Propension,Castigado o Sin Producto,NO,SALESFORCE - CCL
1508,deudor no comercial,Agricola,Segmento F,Segmento F,Region 6,Zona 6,0,1,1,1,1,1,1,1,1,0,0,21,Malo,Malo,M,1,Federacion,2,47,25,89,61,40,52,36,3,30,31,89,37,89,87,0,0,1,0,1,0,1,0,1,Excelente,SUJETO DE CREDITO-EVALUABLE,[2]Media_Propension,Cliente No Financiado,NO,
1509,deudor no comercial,Pesca,Segmento F,Segmento F,Region 4,Zona 6,0,0,0,1,1,1,0,0,0,1,1,39,Malo,Excelente,M,2,Sociedad,46,64,61,17,55,51,46,95,19,83,90,0,30,23,75,1,0,0,1,1,1,1,1,0,Bueno,NO SUJETO DE CREDITO,[3]Baja_Propension,Cliente Finaciado,NO,RED SUCURSALES
1510,deudor no comercial,Agricola,Segmento F,Segmento D,Region 6,Zona 6,0,1,1,1,1,0,1,0,0,0,1,35,Regular,Regular,M,1,Sindicatos,69,79,46,26,85,50,49,49,47,34,43,67,95,85,52,0,1,0,1,0,0,1,0,1,Excelente,SUJETO DE CREDITO-EVALUABLE,[2]Media_Propension,Cliente Finaciado,SI,VENTA CENTRALIZADA
1511,deudor comercial,Pesca,Segmento F,Segmento D,Region 4,Zona 6,0,0,0,0,1,1,0,0,1,1,1,39,Malo,Excelente,M,1,Federacion,3,29,53,18,4,35,68,45,48,93,56,9,37,86,72,0,1,1,1,1,1,0,0,1,Bueno,NO SUJETO DE CREDITO,[1]Alta_Propension,Cliente No Financiado,NO,RED SUCURSALES
1512,deudor comercial,Biotecnologia,Segmento F,Segmento F,Region 5,Zona 6,0,1,0,0,1,1,0,1,0,0,0,39,Regular,Excelente,M,2,Sindicatos,89,45,70,4,59,97,57,63,18,2,27,43,48,7,52,0,1,0,1,1,1,0,0,0,Excelente,SUJETO DE CREDITO-EVALUABLE,[2]Media_Propension,Castigado o Sin Producto,NO,VENTA CENTRALIZADA
1513,deudor comercial,Pesca,Segmento E,Segmento E,Region 4,Zona 6,0,1,0,1,0,0,1,0,1,1,1,63,Regular,Excelente,F,1,Sindicatos,19,17,13,61,50,43,85,63,16,49,68,13,44,7,13,1,0,1,1,0,0,1,1,0,Excelente,CON OBSERVACIONES-EVALUABLE,[3]Baja_Propension,Cliente No Financiado,SI,
1514,deudor comercial,Biotecnologia,Segmento F,Segmento E,Region 4,Zona 4,1,1,1,1,0,0,0,1,1,0,0,50,Malo,Malo,M,1,Federacion,59,84,90,72,8,47,28,43,4,42,38,89,95,6,80,1,1,0,1,1,0,1,1,0,Bueno,CON OBSERVACIONES-EVALUABLE,[3]Baja_Propension,Cliente Finaciado,NO,SALESFORCE - CCL
1515,deudor no comercial,Pesca,Segmento E,Segmento E,Region 5,Zona 4,1,1,0,1,0,1,1,0,0,1,0,56,Regular,Malo,M,2,Federacion,60,81,21,94,66,68,3,15,91,0,11,40,5,25,69,0,0,1,1,1,0,1,1,1,Malo,SUJETO DE CREDITO-EVALUABLE,[2]Media_Propension,Cliente No Financiado,SI,SALESFORCE - CCL
1516,deudor comercial,Pesca,Segmento D,Segmento E,Region 6,Zona 4,0,0,1,0,0,0,1,1,0,1,0,23,Regular,Excelente,M,1,Federacion,67,0,1,14,91,65,7,29,49,32,43,99,97,74,18,1,0,0,1,1,1,0,1,0,Excelente,SUJETO DE CREDITO-EVALUABLE,[1]Alta_Propension,Cliente No Financiado,NO,
1517,deudor comercial,Pesca,Segmento D,Segmento F,Region 6,Zona 5,0,1,1,0,0,0,1,0,1,0,1,49,Excelente,Regular,M,2,Federacion,2,70,86,0,43,65,65,84,74,5,26,99,47,85,35,0,1,1,1,1,0,0,0,1,Malo,CON OBSERVACIONES-EVALUABLE,[2]Media_Propension,Cliente Finaciado,NO,RED SUCURSALES
1518,deudor uso medio de pago,Pesca,Segmento E,Segmento D,Region 5,Zona 5,1,0,1,1,1,1,0,0,0,0,0,62,Excelente,Regular,F,2,Sindicatos,80,40,45,65,27,83,46,77,68,55,14,60,65,25,63,1,0,0,0,0,1,1,0,0,Malo,NO SUJETO DE CREDITO,[3]Baja_Propension,Cliente Finaciado,NO,SALESFORCE -WEB
1519,deudor uso medio de pago,Biotecnologia,Segmento F,Segmento E,Region 6,Zona 4,1,0,1,1,0,1,1,0,1,1,0,64,Malo,Malo,M,2,Cooperativas,90,76,74,88,3,43,21,75,38,51,74,33,87,12,13,1,1,1,1,1,0,1,1,0,Malo,NO SUJETO DE CREDITO,[2]Media_Propension,Castigado o Sin Producto,SI,SALESFORCE -WEB
1520,deudor no comercial,Biotecnologia,Segmento F,Segmento E,Region 6,Zona 5,1,1,1,0,0,0,1,1,1,1,1,18,Excelente,Excelente,M,2,Federacion,75,63,40,76,63,31,8,74,1,35,62,24,7,44,10,1,1,1,0,1,1,0,0,1,Excelente,CON OBSERVACIONES-EVALUABLE,[2]Media_Propension,Cliente No Financiado,NO,SALESFORCE - CCL
1521,deudor uso medio de pago,Pesca,Segmento F,Segmento D,Region 4,Zona 4,0,1,1,0,0,0,0,0,1,1,0,56,Malo,Excelente,M,2,SPA,49,30,13,78,59,23,35,47,81,98,83,3,53,27,80,1,1,1,1,1,1,0,1,0,Excelente,CON OBSERVACIONES-EVALUABLE,[3]Baja_Propension,Castigado o Sin Producto,NO,
1522,deudor no comercial,Pesca,Segmento F,Segmento F,Region 4,Zona 6,1,1,1,0,0,0,1,1,0,1,1,74,Excelente,Excelente,M,1,Cooperativas,61,85,64,57,39,25,3,79,92,83,37,0,78,45,15,1,0,1,0,1,0,1,0,1,Bueno,SUJETO DE CREDITO-EVALUABLE,[1]Alta_Propension,Castigado o Sin Producto,NO,VENTA CENTRALIZADA
1523,deudor comercial,Pesca,Segmento E,Segmento E,Region 6,Zona 4,1,0,0,0,0,1,1,0,1,0,0,44,Malo,Malo,M,1,SPA,79,48,5,21,92,35,44,77,52,55,55,49,68,1,49,1,0,0,1,0,0,0,1,1,Malo,CON OBSERVACIONES-EVALUABLE,[3]Baja_Propension,Cliente No Financiado,NO,
1524,deudor no comercial,Biotecnologia,Segmento E,Segmento F,Region 5,Zona 4,0,1,1,1,1,1,0,1,0,1,1,30,Excelente,Malo,F,2,Sociedad,27,46,95,39,7,36,91,79,69,7,77,82,42,52,96,1,0,1,1,1,1,1,0,1,Bueno,SUJETO DE CREDITO-EVALUABLE,[2]Media_Propension,Cliente Finaciado,SI,RED SUCURSALES
1525,deudor no comercial,Agricola,Segmento E,Segmento E,Region 5,Zona 5,1,1,0,1,1,0,0,0,1,1,0,19,Regular,Regular,F,1,Sindicatos,98,35,22,53,98,78,42,1,82,31,8,30,64,0,60,0,1,1,1,1,1,0,0,0,Bueno,SUJETO DE CREDITO-EVALUABLE,[3]Baja_Propension,Castigado o Sin Producto,SI,VENTA CENTRALIZADA
1526,deudor uso medio de pago,Biotecnologia,Segmento F,Segmento E,Region 6,Zona 6,1,1,0,1,1,0,1,1,1,0,0,25,Regular,Malo,F,2,Federacion,12,7,52,22,35,93,74,84,45,20,31,49,3,49,68,1,0,0,0,0,1,1,0,1,Excelente,CON OBSERVACIONES-EVALUABLE,[3]Baja_Propension,Cliente Finaciado,NO,
1527,deudor no comercial,Pesca,Segmento F,Segmento F,Region 5,Zona 5,0,0,1,1,1,0,0,1,0,1,0,61,Excelente,Malo,M,1,Federacion,51,13,18,27,35,24,11,70,76,73,57,47,34,41,30,0,0,0,0,0,0,0,0,0,Bueno,CON OBSERVACIONES-EVALUABLE,[1]Alta_Propension,Cliente Finaciado,NO,VENTA CENTRALIZADA
1528,deudor comercial,Biotecnologia,Segmento E,Segmento D,Region 4,Zona 4,0,1,1,0,0,0,0,1,0,1,1,74,Regular,Excelente,M,1,Federacion,21,3,76,70,55,52,76,73,18,95,49,62,28,58,97,0,0,1,1,1,1,1,0,1,Malo,SUJETO DE CREDITO-EVALUABLE,[3]Baja_Propension,Cliente Finaciado,NO,SALESFORCE -WEB
1529,deudor comercial,Agricola,Segmento D,Segmento F,Region 4,Zona 5,0,0,1,1,0,0,1,0,0,0,1,21,Regular,Excelente,F,2,Sindicatos,22,84,99,93,85,4,90,94,87,64,69,21,77,12,43,0,1,1,1,0,1,1,0,1,Bueno,SUJETO DE CREDITO-EVALUABLE,[3]Baja_Propension,Cliente Finaciado,SI,VENTA CENTRALIZADA
1530,deudor comercial,Biotecnologia,Segmento F,Segmento E,Region 4,Zona 6,1,0,1,1,0,0,1,0,0,0,1,41,Malo,Regular,M,2,Federacion,31,42,38,44,86,10,44,67,97,44,76,51,57,78,28,0,0,0,0,1,1,0,0,0,Bueno,CON OBSERVACIONES-EVALUABLE,[2]Media_Propension,Cliente No Financiado,NO,RED SUCURSALES
1531,deudor uso medio de pago,Biotecnologia,Segmento F,Segmento E,Region 4,Zona 4,0,1,0,1,1,0,0,1,0,0,0,37,Excelente,Regular,F,1,SPA,51,59,57,60,0,9,60,11,71,97,83,86,13,50,45,0,1,0,0,1,1,0,0,1,Malo,NO SUJETO DE CREDITO,[3]Baja_Propension,Cliente Finaciado,SI,VENTA CENTRALIZADA
1532,deudor no comercial,Biotecnologia,Segmento E,Segmento E,Region 5,Zona 4,1,0,0,1,0,0,0,0,1,1,0,57,Excelente,Malo,F,2,Sociedad,32,72,73,84,88,57,2,22,79,45,77,66,64,88,85,1,0,0,0,1,1,0,0,1,Bueno,NO SUJETO DE CREDITO,[3]Baja_Propension,Cliente No Financiado,NO,VENTA CENTRALIZADA
1533,deudor uso medio de pago,Pesca,Segmento D,Segmento F,Region 6,Zona 4,0,1,1,0,0,1,1,0,0,0,1,32,Regular,Regular,F,1,SPA,17,18,79,48,51,80,74,48,40,67,22,46,99,20,59,0,0,0,0,1,0,1,0,0,Malo,SUJETO DE CREDITO-EVALUABLE,[1]Alta_Propension,Cliente Finaciado,SI,SALESFORCE - CCL
1534,deudor no comercial,Agricola,Segmento F,Segmento F,Region 6,Zona 5,1,0,0,0,1,1,1,1,1,0,0,30,Malo,Excelente,M,2,Sindicatos,30,23,20,91,72,35,83,4,40,24,15,99,99,83,92,1,1,0,0,0,0,0,1,0,Malo,NO SUJETO DE CREDITO,[3]Baja_Propension,Cliente Finaciado,NO,RED SUCURSALES
1535,deudor uso medio de pago,Biotecnologia,Segmento F,Segmento E,Region 6,Zona 4,1,0,1,0,0,0,0,1,1,0,0,29,Excelente,Excelente,F,1,Sociedad,3,79,65,4,95,24,76,46,38,70,29,29,70,68,14,1,0,1,1,0,1,1,0,1,Excelente,CON OBSERVACIONES-EVALUABLE,[2]Media_Propension,Cliente No Financiado,SI,
1536,deudor uso medio de pago,Agricola,Segmento E,Segmento F,Region 6,Zona 4,1,0,1,0,0,0,0,0,1,0,1,45,Excelente,Malo,F,1,Sociedad,55,66,85,93,16,25,53,51,35,99,8,3,57,7,84,0,1,0,1,1,1,0,1,1,Bueno,NO SUJETO DE CREDITO,[3]Baja_Propension,Castigado o Sin Producto,SI,SALESFORCE - CCL
1537,deudor no comercial,Pesca,Segmento F,Segmento F,Region 5,Zona 5,0,1,0,1,0,1,1,1,0,1,0,22,Excelente,Excelente,F,2,Sociedad,7,4,6,69,29,20,54,48,74,44,52,75,21,60,60,0,1,0,1,1,1,0,0,0,Bueno,NO SUJETO DE CREDITO,[2]Media_Propension,Cliente Finaciado,SI,
1538,deudor comercial,Pesca,Segmento D,Segmento E,Region 5,Zona 5,0,0,0,0,0,1,1,1,0,0,1,46,Excelente,Regular,M,1,Federacion,99,69,16,35,94,95,65,5,24,14,66,46,82,66,38,0,0,1,0,0,1,0,0,0,Malo,CON OBSERVACIONES-EVALUABLE,[2]Media_Propension,Castigado o Sin Producto,SI,VENTA CENTRALIZADA
1539,deudor comercial,Biotecnologia,Segmento F,Segmento D,Region 5,Zona 6,0,1,1,0,1,0,1,1,1,0,0,55,Malo,Malo,M,2,Federacion,62,9,71,91,99,25,16,55,94,97,2,54,80,3,98,0,1,1,1,1,0,1,0,1,Malo,NO SUJETO DE CREDITO,[3]Baja_Propension,Cliente Finaciado,NO,SALESFORCE - CCL
1540,deudor uso medio de pago,Biotecnologia,Segmento F,Segmento F,Region 4,Zona 5,1,1,0,0,0,0,1,0,0,1,0,62,Malo,Regular,F,2,Sociedad,92,76,18,99,42,98,4,26,53,40,76,20,21,10,0,0,0,1,0,0,1,0,0,1,Malo,SUJETO DE CREDITO-EVALUABLE,[2]Media_Propension,Castigado o Sin Producto,SI,
1541,deudor uso medio de pago,Pesca,Segmento E,Segmento E,Region 5,Zona 4,0,1,1,1,0,0,1,0,0,1,0,70,Malo,Malo,F,1,Federacion,43,57,84,63,39,98,90,92,99,79,79,87,64,58,53,0,1,1,0,0,1,1,1,0,Bueno,NO SUJETO DE CREDITO,[2]Media_Propension,Castigado o Sin Producto,SI,
1542,deudor no comercial,Pesca,Segmento F,Segmento E,Region 4,Zona 6,1,1,1,1,0,1,0,0,0,0,0,45,Regular,Regular,M,1,SPA,21,70,14,38,52,97,12,34,22,77,40,13,50,70,27,0,0,0,1,1,1,1,0,1,Malo,CON OBSERVACIONES-EVALUABLE,[3]Baja_Propension,Cliente Finaciado,SI,
1543,deudor no comercial,Agricola,Segmento E,Segmento E,Region 5,Zona 6,1,0,1,0,0,0,0,1,0,1,0,54,Excelente,Excelente,M,2,Federacion,54,93,94,70,77,16,67,15,88,63,99,6,56,95,66,0,1,0,0,0,1,0,0,1,Malo,NO SUJETO DE CREDITO,[1]Alta_Propension,Cliente Finaciado,SI,SALESFORCE -WEB
1544,deudor uso medio de pago,Agricola,Segmento D,Segmento E,Region 4,Zona 6,1,1,1,0,1,0,0,0,1,0,0,65,Excelente,Malo,M,1,SPA,1,17,7,29,55,54,73,69,28,0,99,73,98,73,44,1,1,1,1,1,0,1,0,0,Bueno,SUJETO DE CREDITO-EVALUABLE,[1]Alta_Propension,Castigado o Sin Producto,SI,VENTA CENTRALIZADA
1545,deudor comercial,Biotecnologia,Segmento D,Segmento F,Region 5,Zona 4,1,1,0,1,0,0,0,1,0,0,0,71,Regular,Malo,F,1,Cooperativas,61,33,72,39,55,1,59,78,88,33,19,79,57,6,69,1,1,0,1,0,0,1,0,1,Excelente,NO SUJETO DE CREDITO,[1]Alta_Propension,Castigado o Sin Producto,SI,VENTA CENTRALIZADA
1546,deudor comercial,Pesca,Segmento F,Segmento F,Region 5,Zona 5,1,0,1,1,1,0,1,1,1,1,0,63,Malo,Regular,M,2,Federacion,89,66,54,30,2,17,22,66,65,9,70,99,36,82,26,1,1,1,1,0,1,0,0,0,Bueno,CON OBSERVACIONES-EVALUABLE,[3]Baja_Propension,Cliente No Financiado,SI,VENTA CENTRALIZADA
1547,deudor comercial,Agricola,Segmento D,Segmento F,Region 6,Zona 4,1,1,0,0,1,0,0,0,1,0,1,44,Regular,Excelente,F,2,Federacion,63,27,78,52,85,70,8,67,41,14,31,38,76,10,19,0,1,0,0,1,1,1,0,0,Malo,NO SUJETO DE CREDITO,[2]Media_Propension,Cliente No Financiado,SI,RED SUCURSALES
1548,deudor comercial,Agricola,Segmento D,Segmento D,Region 6,Zona 6,1,0,1,0,0,1,1,0,0,1,0,70,Regular,Regular,F,2,Federacion,28,14,92,13,14,0,84,17,23,57,69,26,51,6,23,0,0,1,0,1,1,0,1,1,Bueno,CON OBSERVACIONES-EVALUABLE,[3]Baja_Propension,Cliente Finaciado,SI,
1549,deudor comercial,Biotecnologia,Segmento E,Segmento F,Region 5,Zona 6,0,0,1,1,0,0,0,0,0,1,1,31,Excelente,Regular,F,1,SPA,81,2,34,2,66,58,69,99,49,40,32,14,95,66,58,1,0,0,1,1,0,0,1,1,Bueno,SUJETO DE CREDITO-EVALUABLE,[1]Alta_Propension,Cliente Finaciado,NO,RED SUCURSALES
1550,deudor uso medio de pago,Agricola,Segmento D,Segmento E,Region 6,Zona 5,1,1,1,0,0,1,0,1,0,1,1,46,Malo,Regular,F,2,Cooperativas,41,9,7,29,83,44,68,18,68,82,68,45,34,52,98,0,1,1,0,1,1,0,0,1,Excelente,CON OBSERVACIONES-EVALUABLE,[1]Alta_Propension,Cliente Finaciado,SI,RED SUCURSALES
1551,deudor comercial,Agricola,Segmento D,Segmento D,Region 5,Zona 6,1,0,0,0,0,1,0,1,1,0,0,65,Regular,Malo,M,2,SPA,59,95,97,47,82,18,37,73,85,41,82,42,40,44,15,1,0,1,0,1,1,1,0,1,Malo,NO SUJETO DE CREDITO,[1]Alta_Propension,Cliente Finaciado,NO,SALESFORCE - CCL
1552,deudor no comercial,Agricola,Segmento E,Segmento D,Region 4,Zona 6,0,0,0,1,0,0,1,1,0,1,1,65,Excelente,Regular,M,2,SPA,50,72,62,68,49,5,27,31,26,77,93,85,0,29,58,1,1,0,0,0,1,1,0,0,Bueno,CON OBSERVACIONES-EVALUABLE,[3]Baja_Propension,Cliente No Financiado,SI,
1553,deudor no comercial,Biotecnologia,Segmento D,Segmento D,Region 5,Zona 6,0,0,1,1,1,1,1,0,0,0,1,55,Excelente,Excelente,M,1,Sindicatos,74,23,17,2,68,19,98,92,22,94,14,30,71,53,96,0,0,0,0,0,0,1,1,1,Excelente,SUJETO DE CREDITO-EVALUABLE,[2]Media_Propension,Cliente No Financiado,SI,VENTA CENTRALIZADA
1554,deudor comercial,Agricola,Segmento E,Segmento F,Region 5,Zona 5,1,1,0,1,0,1,1,1,1,1,0,60,Excelente,Regular,M,1,Federacion,49,14,43,22,79,65,28,2,85,43,93,45,11,17,8,1,1,0,1,1,1,1,0,0,Excelente,SUJETO DE CREDITO-EVALUABLE,[2]Media_Propension,Cliente No Financiado,SI,RED SUCURSALES
1555,deudor no comercial,Pesca,Segmento D,Segmento D,Region 6,Zona 6,1,0,0,1,1,1,1,0,1,1,0,58,Excelente,Malo,M,1,Sociedad,84,4,27,26,70,86,89,84,95,31,31,66,58,37,54,0,1,0,0,1,0,0,0,0,Bueno,SUJETO DE CREDITO-EVALUABLE,[1]Alta_Propension,Cliente Finaciado,SI,SALESFORCE -WEB
1556,deudor no comercial,Pesca,Segmento D,Segmento F,Region 5,Zona 5,1,1,0,0,1,1,0,1,0,0,1,48,Malo,Malo,F,2,Sindicatos,24,58,69,61,55,14,9,76,86,82,54,63,9,78,8,1,0,1,1,0,0,1,0,0,Bueno,CON OBSERVACIONES-EVALUABLE,[2]Media_Propension,Cliente No Financiado,NO,
1557,deudor uso medio de pago,Agricola,Segmento D,Segmento D,Region 6,Zona 6,1,0,1,0,0,0,0,1,0,1,1,62,Excelente,Excelente,M,2,Sindicatos,66,54,80,34,50,62,80,94,68,16,82,35,27,44,40,0,0,1,1,1,0,0,0,0,Malo,CON OBSERVACIONES-EVALUABLE,[2]Media_Propension,Cliente Finaciado,NO,
1558,deudor no comercial,Agricola,Segmento F,Segmento E,Region 6,Zona 5,0,1,0,0,1,0,1,0,1,0,1,47,Excelente,Malo,F,1,Sindicatos,61,71,78,56,9,55,32,74,66,70,88,93,82,77,61,0,1,0,1,1,1,0,0,1,Malo,SUJETO DE CREDITO-EVALUABLE,[3]Baja_Propension,Cliente No Financiado,SI,SALESFORCE - CCL
1559,deudor uso medio de pago,Agricola,Segmento D,Segmento D,Region 5,Zona 6,0,1,0,1,1,0,1,0,1,0,1,36,Regular,Excelente,F,1,SPA,32,74,7,16,54,14,80,76,48,59,93,82,63,16,44,0,1,0,1,0,0,0,0,0,Malo,SUJETO DE CREDITO-EVALUABLE,[2]Media_Propension,Cliente Finaciado,SI,RED SUCURSALES
1560,deudor uso medio de pago,Pesca,Segmento D,Segmento D,Region 4,Zona 6,0,0,1,0,1,1,0,1,1,0,0,23,Excelente,Regular,M,2,Federacion,26,72,34,83,10,14,96,70,35,31,77,23,23,75,51,1,0,1,0,0,1,1,1,0,Bueno,NO SUJETO DE CREDITO,[3]Baja_Propension,Cliente Finaciado,SI,SALESFORCE -WEB
1561,deudor no comercial,Agricola,Segmento F,Segmento D,Region 6,Zona 5,0,0,0,0,0,1,1,0,0,0,1,70,Malo,Malo,F,1,Sindicatos,5,66,60,4,5,83,86,34,60,89,73,32,32,59,89,1,0,0,0,1,0,1,1,1,Bueno,SUJETO DE CREDITO-EVALUABLE,[3]Baja_Propension,Cliente No Financiado,SI,
1562,deudor uso medio de pago,Biotecnologia,Segmento D,Segmento F,Region 6,Zona 5,1,1,0,0,1,1,1,0,0,1,0,59,Malo,Malo,F,2,Cooperativas,47,86,21,16,91,79,48,51,34,44,31,89,35,99,50,1,1,1,0,0,0,0,1,1,Malo,CON OBSERVACIONES-EVALUABLE,[2]Media_Propension,Cliente No Financiado,NO,VENTA CENTRALIZADA
1563,deudor no comercial,Agricola,Segmento E,Segmento D,Region 6,Zona 6,0,0,0,1,1,1,1,0,1,0,0,64,Malo,Malo,M,2,Cooperativas,10,9,83,71,80,15,35,69,96,86,29,27,32,45,15,1,0,1,1,0,1,1,1,1,Excelente,CON OBSERVACIONES-EVALUABLE,[1]Alta_Propension,Cliente No Financiado,NO,SALESFORCE - CCL
1564,deudor uso medio de pago,Biotecnologia,Segmento D,Segmento D,Region 4,Zona 5,0,1,0,0,1,0,1,1,0,1,1,50,Excelente,Regular,M,2,Federacion,20,82,72,16,29,26,23,50,62,46,97,85,89,65,61,0,1,1,0,1,1,0,1,0,Malo,CON OBSERVACIONES-EVALUABLE,[2]Media_Propension,Castigado o Sin Producto,NO,SALESFORCE -WEB
1565,deudor comercial,Pesca,Segmento E,Segmento D,Region 5,Zona 5,1,0,1,0,1,0,1,1,0,0,0,58,Malo,Malo,F,2,SPA,24,87,18,50,12,64,17,38,17,12,6,29,74,61,27,0,0,0,0,1,0,1,0,0,Excelente,SUJETO DE CREDITO-EVALUABLE,[1]Alta_Propension,Cliente No Financiado,NO,
1566,deudor comercial,Biotecnologia,Segmento E,Segmento E,Region 6,Zona 6,0,0,0,0,1,0,0,0,1,0,1,51,Regular,Regular,F,2,Sindicatos,87,93,47,54,64,12,3,12,92,68,66,14,39,51,56,1,1,1,0,1,1,0,0,0,Malo,CON OBSERVACIONES-EVALUABLE,[1]Alta_Propension,Castigado o Sin Producto,NO,SALESFORCE -WEB
1567,deudor uso medio de pago,Pesca,Segmento D,Segmento D,Region 6,Zona 6,1,1,1,1,1,1,0,1,0,0,1,41,Regular,Excelente,M,2,SPA,17,72,70,2,19,31,75,14,50,40,51,87,52,73,73,0,1,1,0,1,0,0,1,0,Malo,CON OBSERVACIONES-EVALUABLE,[3]Baja_Propension,Cliente No Financiado,SI,SALESFORCE - CCL
1568,deudor no comercial,Pesca,Segmento D,Segmento D,Region 5,Zona 5,0,0,1,1,0,0,1,0,1,0,0,33,Malo,Malo,M,1,Sociedad,55,45,34,20,12,37,21,40,57,15,85,44,15,4,74,1,0,1,1,1,1,0,1,0,Malo,NO SUJETO DE CREDITO,[2]Media_Propension,Cliente No Financiado,NO,SALESFORCE -WEB
1569,deudor uso medio de pago,Biotecnologia,Segmento F,Segmento E,Region 5,Zona 5,1,0,1,1,0,0,1,1,1,1,0,29,Regular,Regular,F,1,Federacion,96,56,23,81,22,65,0,88,94,51,94,61,65,23,59,0,0,0,0,1,0,1,1,0,Excelente,NO SUJETO DE CREDITO,[2]Media_Propension,Castigado o Sin Producto,SI,RED SUCURSALES
1570,deudor comercial,Biotecnologia,Segmento D,Segmento E,Region 6,Zona 6,0,0,0,1,1,1,0,1,0,1,1,69,Regular,Malo,M,1,SPA,5,64,1,59,71,67,35,93,31,40,9,95,79,83,26,1,1,0,1,1,0,0,1,0,Excelente,NO SUJETO DE CREDITO,[2]Media_Propension,Castigado o Sin Producto,SI,
1571,deudor uso medio de pago,Agricola,Segmento D,Segmento F,Region 4,Zona 6,1,1,1,0,1,0,1,0,0,1,0,49,Excelente,Excelente,M,1,Federacion,12,20,69,67,43,25,14,20,17,6,56,93,8,21,20,1,0,1,1,1,0,0,1,0,Malo,CON OBSERVACIONES-EVALUABLE,[3]Baja_Propension,Cliente Finaciado,SI,SALESFORCE -WEB
1572,deudor no comercial,Agricola,Segmento D,Segmento D,Region 5,Zona 5,1,1,0,1,1,1,1,1,1,1,0,56,Malo,Excelente,M,2,Sociedad,40,29,58,90,22,14,7,59,73,11,23,47,98,98,24,0,0,1,1,1,1,1,1,0,Malo,CON OBSERVACIONES-EVALUABLE,[2]Media_Propension,Castigado o Sin Producto,NO,VENTA CENTRALIZADA
1573,deudor uso medio de pago,Agricola,Segmento D,Segmento D,Region 4,Zona 6,0,1,1,0,1,1,0,1,1,1,0,47,Malo,Excelente,M,2,Sindicatos,38,95,61,13,9,91,38,22,30,50,36,51,93,45,85,1,0,0,0,0,0,1,1,1,Excelente,SUJETO DE CREDITO-EVALUABLE,[1]Alta_Propension,Castigado o Sin Producto,SI,SALESFORCE -WEB
1574,deudor no comercial,Agricola,Segmento E,Segmento D,Region 5,Zona 5,1,1,0,0,0,1,1,0,0,1,1,69,Regular,Excelente,F,1,Cooperativas,63,5,89,82,53,32,40,3,57,53,64,51,45,25,41,0,0,1,1,0,0,0,0,1,Bueno,NO SUJETO DE CREDITO,[3]Baja_Propension,Cliente No Financiado,SI,SALESFORCE - CCL
1575,deudor no comercial,Biotecnologia,Segmento E,Segmento F,Region 4,Zona 5,1,0,0,1,0,0,0,1,0,1,0,59,Malo,Malo,M,2,SPA,24,97,18,32,5,69,51,82,69,88,29,67,22,86,88,1,0,0,1,1,0,1,1,1,Malo,CON OBSERVACIONES-EVALUABLE,[3]Baja_Propension,Castigado o Sin Producto,SI,SALESFORCE -WEB
1576,deudor no comercial,Biotecnologia,Segmento D,Segmento E,Region 5,Zona 5,0,0,0,0,1,0,0,0,0,0,1,31,Regular,Excelente,M,1,Sociedad,38,90,65,44,52,30,15,15,18,72,36,87,39,70,75,0,1,1,1,0,1,1,0,1,Bueno,CON OBSERVACIONES-EVALUABLE,[3]Baja_Propension,Castigado o Sin Producto,SI,SALESFORCE -WEB
1577,deudor no comercial,Pesca,Segmento E,Segmento E,Region 6,Zona 6,0,1,0,0,0,0,1,1,0,0,1,44,Regular,Regular,M,2,Sociedad,9,64,94,99,89,2,11,15,33,45,14,63,83,33,57,0,1,1,0,0,1,1,1,1,Bueno,SUJETO DE CREDITO-EVALUABLE,[3]Baja_Propension,Castigado o Sin Producto,SI,
1578,deudor comercial,Agricola,Segmento F,Segmento F,Region 5,Zona 4,1,0,0,1,1,0,0,1,0,1,1,44,Malo,Regular,M,2,Sociedad,3,65,32,51,60,33,70,59,12,45,14,56,94,18,11,1,1,0,0,0,1,1,0,0,Bueno,NO SUJETO DE CREDITO,[1]Alta_Propension,Cliente No Financiado,NO,RED SUCURSALES
1579,deudor uso medio de pago,Agricola,Segmento E,Segmento F,Region 5,Zona 4,1,1,1,0,1,0,0,1,1,1,1,42,Regular,Regular,M,2,Federacion,57,8,94,33,77,13,96,58,44,28,56,97,9,67,40,1,0,0,0,0,0,0,0,1,Excelente,CON OBSERVACIONES-EVALUABLE,[2]Media_Propension,Castigado o Sin Producto,NO,VENTA CENTRALIZADA
1580,deudor uso medio de pago,Pesca,Segmento D,Segmento D,Region 6,Zona 6,0,0,1,0,0,0,0,1,0,0,1,73,Malo,Excelente,F,1,Cooperativas,79,83,23,91,20,73,29,22,98,92,19,55,70,92,36,0,0,1,0,1,1,1,0,0,Bueno,NO SUJETO DE CREDITO,[3]Baja_Propension,Cliente No Financiado,SI,
1581,deudor no comercial,Agricola,Segmento E,Segmento D,Region 6,Zona 6,1,1,1,1,0,0,0,1,0,1,0,32,Malo,Regular,F,2,Federacion,69,55,79,94,98,36,34,33,91,40,58,57,68,80,16,1,0,1,1,0,1,1,0,0,Malo,CON OBSERVACIONES-EVALUABLE,[1]Alta_Propension,Cliente No Financiado,NO,SALESFORCE -WEB
1582,deudor uso medio de pago,Pesca,Segmento F,Segmento E,Region 6,Zona 5,1,0,0,0,1,0,1,1,1,0,0,70,Excelente,Regular,F,1,Federacion,4,54,6,34,77,29,90,97,37,33,5,11,18,84,35,1,1,0,1,1,0,0,1,0,Malo,NO SUJETO DE CREDITO,[1]Alta_Propension,Castigado o Sin Producto,SI,
1583,deudor no comercial,Pesca,Segmento E,Segmento E,Region 4,Zona 6,0,0,1,1,1,0,0,0,0,0,0,69,Excelente,Excelente,M,2,Sindicatos,83,78,10,88,47,51,77,27,60,18,26,46,39,54,21,0,0,0,0,0,1,0,1,1,Malo,CON OBSERVACIONES-EVALUABLE,[2]Media_Propension,Castigado o Sin Producto,SI,SALESFORCE - CCL
1584,deudor comercial,Pesca,Segmento E,Segmento D,Region 4,Zona 4,1,0,1,1,0,0,1,0,0,1,1,70,Regular,Excelente,F,1,Sociedad,96,64,74,90,1,9,92,88,50,33,44,96,63,4,41,1,0,1,0,0,1,1,0,1,Malo,SUJETO DE CREDITO-EVALUABLE,[3]Baja_Propension,Castigado o Sin Producto,SI,SALESFORCE -WEB
1585,deudor uso medio de pago,Pesca,Segmento E,Segmento F,Region 5,Zona 4,0,1,1,0,0,1,1,0,0,1,0,50,Malo,Malo,M,2,Sindicatos,83,43,54,35,18,42,75,73,33,0,6,33,48,20,13,1,1,1,0,0,1,1,0,1,Excelente,SUJETO DE CREDITO-EVALUABLE,[1]Alta_Propension,Castigado o Sin Producto,NO,SALESFORCE -WEB
1586,deudor comercial,Pesca,Segmento D,Segmento F,Region 5,Zona 5,1,0,1,1,0,0,0,1,1,1,0,51,Malo,Regular,F,1,Federacion,58,39,5,13,57,20,24,30,83,99,5,92,51,90,98,0,0,0,1,1,0,1,1,1,Malo,NO SUJETO DE CREDITO,[2]Media_Propension,Castigado o Sin Producto,SI,SALESFORCE -WEB
1587,deudor comercial,Pesca,Segmento D,Segmento F,Region 6,Zona 6,0,1,1,0,0,1,1,1,0,0,0,30,Malo,Excelente,F,1,Federacion,0,95,61,8,69,94,64,44,50,25,99,85,50,53,94,0,0,0,1,0,1,0,0,1,Malo,SUJETO DE CREDITO-EVALUABLE,[1]Alta_Propension,Castigado o Sin Producto,SI,SALESFORCE -WEB
1588,deudor no comercial,Pesca,Segmento D,Segmento E,Region 5,Zona 5,1,1,1,1,1,1,1,0,0,0,0,22,Excelente,Regular,M,1,SPA,62,76,52,68,61,32,37,65,79,57,4,92,7,96,54,0,1,1,1,1,1,1,1,1,Bueno,CON OBSERVACIONES-EVALUABLE,[3]Baja_Propension,Cliente No Financiado,SI,
1589,deudor comercial,Biotecnologia,Segmento D,Segmento F,Region 6,Zona 6,1,1,0,0,1,0,0,1,1,1,0,26,Malo,Excelente,M,1,Federacion,12,96,4,73,81,11,28,15,37,84,95,60,42,93,31,0,0,0,0,0,1,1,0,0,Malo,CON OBSERVACIONES-EVALUABLE,[2]Media_Propension,Cliente Finaciado,SI,
1590,deudor comercial,Pesca,Segmento D,Segmento E,Region 6,Zona 6,1,0,1,0,1,0,1,0,1,0,0,60,Excelente,Malo,F,2,Cooperativas,81,87,6,95,42,43,79,18,50,4,90,62,39,40,39,0,0,1,0,1,1,0,0,1,Excelente,SUJETO DE CREDITO-EVALUABLE,[1]Alta_Propension,Castigado o Sin Producto,NO,SALESFORCE -WEB
1591,deudor comercial,Agricola,Segmento D,Segmento F,Region 4,Zona 4,1,0,0,0,1,0,0,0,1,0,0,65,Excelente,Malo,M,1,Sociedad,62,14,19,18,53,22,47,61,86,66,26,88,0,46,41,0,1,0,0,1,0,1,1,1,Excelente,NO SUJETO DE CREDITO,[2]Media_Propension,Cliente Finaciado,NO,SALESFORCE -WEB
1592,deudor uso medio de pago,Agricola,Segmento E,Segmento E,Region 4,Zona 5,1,0,1,0,1,1,0,0,0,0,1,59,Regular,Malo,F,2,Sindicatos,85,47,35,63,85,46,85,46,99,84,53,98,8,82,61,0,0,0,0,0,1,0,1,0,Bueno,SUJETO DE CREDITO-EVALUABLE,[2]Media_Propension,Cliente No Financiado,SI,SALESFORCE -WEB
1593,deudor uso medio de pago,Pesca,Segmento E,Segmento E,Region 6,Zona 5,1,0,0,0,1,0,1,0,0,1,0,60,Regular,Malo,F,2,SPA,36,53,71,97,8,14,82,43,12,75,31,74,21,88,9,0,0,0,1,1,0,0,1,1,Bueno,NO SUJETO DE CREDITO,[3]Baja_Propension,Cliente No Financiado,NO,SALESFORCE -WEB
1594,deudor comercial,Agricola,Segmento D,Segmento E,Region 4,Zona 4,1,0,0,0,1,1,1,0,1,1,0,56,Malo,Regular,M,2,Cooperativas,16,57,96,66,57,45,74,79,40,73,41,31,92,4,46,0,0,0,1,0,1,1,0,1,Bueno,NO SUJETO DE CREDITO,[2]Media_Propension,Cliente Finaciado,SI,SALESFORCE -WEB
1595,deudor comercial,Pesca,Segmento F,Segmento E,Region 4,Zona 5,1,0,1,0,0,1,0,0,1,1,0,25,Malo,Malo,F,2,Federacion,82,67,94,81,31,21,38,51,45,50,86,52,87,7,56,0,1,0,0,1,0,0,0,1,Excelente,SUJETO DE CREDITO-EVALUABLE,[3]Baja_Propension,Cliente No Financiado,NO,SALESFORCE -WEB
1596,deudor no comercial,Pesca,Segmento E,Segmento E,Region 4,Zona 6,1,0,1,0,1,1,1,1,1,0,1,63,Malo,Regular,F,1,Sociedad,58,52,89,9,89,19,18,45,78,14,10,73,59,45,13,1,0,1,1,1,0,0,0,1,Bueno,SUJETO DE CREDITO-EVALUABLE,[3]Baja_Propension,Castigado o Sin Producto,SI,SALESFORCE -WEB
1597,deudor no comercial,Biotecnologia,Segmento E,Segmento F,Region 5,Zona 5,0,0,1,0,1,0,1,1,0,1,1,43,Regular,Excelente,F,2,SPA,33,28,89,49,17,69,87,62,96,15,2,89,38,47,78,0,0,0,1,0,1,0,1,1,Excelente,NO SUJETO DE CREDITO,[1]Alta_Propension,Castigado o Sin Producto,NO,VENTA CENTRALIZADA
1598,deudor comercial,Pesca,Segmento F,Segmento D,Region 5,Zona 4,0,0,1,0,1,0,0,0,0,0,0,63,Regular,Regular,M,1,Sindicatos,84,99,96,54,26,87,64,5,62,50,50,70,88,28,21,1,0,0,0,1,0,0,0,1,Excelente,NO SUJETO DE CREDITO,[2]Media_Propension,Castigado o Sin Producto,SI,SALESFORCE -WEB
1599,deudor comercial,Biotecnologia,Segmento F,Segmento D,Region 4,Zona 6,1,1,0,1,1,0,0,1,0,0,1,70,Regular,Regular,M,1,Sindicatos,66,96,70,12,73,20,36,5,54,43,39,87,82,68,62,1,0,1,0,0,1,0,0,1,Excelente,NO SUJETO DE CREDITO,[3]Baja_Propension,Cliente No Financiado,SI,SALESFORCE - CCL
1600,deudor uso medio de pago,Pesca,Segmento E,Segmento E,Region 6,Zona 4,0,0,0,0,1,0,0,1,0,1,1,67,Malo,Malo,F,1,Sindicatos,18,87,7,18,51,76,99,95,71,81,93,7,61,72,84,1,0,1,1,0,0,1,0,1,Bueno,NO SUJETO DE CREDITO,[1]Alta_Propension,Cliente Finaciado,NO,SALESFORCE - CCL
1601,deudor comercial,Biotecnologia,Segmento F,Segmento E,Region 5,Zona 5,0,0,1,0,0,0,1,0,1,0,1,24,Excelente,Excelente,F,2,Federacion,4,76,94,0,81,9,43,21,26,48,97,79,42,96,80,0,0,1,0,0,0,1,0,1,Bueno,CON OBSERVACIONES-EVALUABLE,[1]Alta_Propension,Castigado o Sin Producto,SI,
1602,deudor no comercial,Agricola,Segmento F,Segmento D,Region 6,Zona 5,0,1,1,0,0,0,1,1,1,1,0,50,Regular,Regular,F,1,Sindicatos,13,65,91,2,80,62,94,25,92,25,7,44,70,59,52,1,1,0,0,0,0,0,0,0,Malo,NO SUJETO DE CREDITO,[2]Media_Propension,Cliente Finaciado,SI,SALESFORCE - CCL
1603,deudor no comercial,Biotecnologia,Segmento F,Segmento D,Region 6,Zona 6,1,1,0,1,0,1,1,0,1,1,1,22,Regular,Regular,M,2,SPA,85,64,95,24,87,65,18,47,78,23,16,42,73,4,98,0,0,1,0,0,1,0,0,1,Excelente,CON OBSERVACIONES-EVALUABLE,[3]Baja_Propension,Cliente Finaciado,SI,VENTA CENTRALIZADA
1604,deudor uso medio de pago,Agricola,Segmento D,Segmento E,Region 6,Zona 4,0,1,1,0,0,0,0,0,1,0,1,63,Excelente,Excelente,M,2,SPA,86,40,69,56,5,99,53,99,66,39,8,84,19,18,64,0,0,0,0,0,1,0,0,0,Malo,NO SUJETO DE CREDITO,[3]Baja_Propension,Cliente Finaciado,SI,RED SUCURSALES
1605,deudor uso medio de pago,Agricola,Segmento D,Segmento E,Region 6,Zona 4,0,0,1,1,1,0,1,1,0,1,0,51,Malo,Malo,F,1,Federacion,8,20,48,89,77,26,20,1,64,83,89,1,74,42,2,0,1,1,1,1,1,1,1,0,Bueno,NO SUJETO DE CREDITO,[1]Alta_Propension,Cliente Finaciado,NO,SALESFORCE - CCL
1606,deudor comercial,Biotecnologia,Segmento E,Segmento D,Region 4,Zona 5,0,0,1,1,0,1,1,0,1,1,1,23,Excelente,Malo,M,1,Cooperativas,6,76,92,48,53,88,65,20,34,64,20,18,53,19,27,1,1,0,1,1,1,0,0,0,Malo,CON OBSERVACIONES-EVALUABLE,[3]Baja_Propension,Castigado o Sin Producto,SI,SALESFORCE - CCL
1607,deudor no comercial,Agricola,Segmento E,Segmento F,Region 6,Zona 6,1,0,0,0,1,0,0,1,1,1,1,53,Malo,Excelente,F,1,SPA,79,86,25,43,80,49,35,45,27,21,70,71,80,24,16,1,0,0,1,1,0,0,1,1,Excelente,NO SUJETO DE CREDITO,[1]Alta_Propension,Cliente No Financiado,NO,VENTA CENTRALIZADA
1608,deudor comercial,Biotecnologia,Segmento D,Segmento D,Region 4,Zona 4,1,0,0,1,1,1,1,1,0,0,1,61,Regular,Malo,M,2,Sociedad,33,95,29,12,66,44,18,91,32,99,84,69,46,84,29,0,0,0,1,1,1,0,0,1,Bueno,SUJETO DE CREDITO-EVALUABLE,[1]Alta_Propension,Cliente No Financiado,NO,SALESFORCE -WEB
1609,deudor no comercial,Pesca,Segmento D,Segmento D,Region 4,Zona 4,1,0,0,0,0,1,1,1,1,0,1,47,Malo,Malo,M,1,Federacion,12,43,83,4,3,87,49,86,31,82,19,69,85,64,71,1,0,1,0,1,0,1,1,0,Excelente,NO SUJETO DE CREDITO,[1]Alta_Propension,Cliente Finaciado,SI,SALESFORCE - CCL
1610,deudor no comercial,Agricola,Segmento D,Segmento E,Region 6,Zona 4,0,1,0,1,1,1,1,0,1,1,0,19,Malo,Regular,M,2,Federacion,34,85,10,17,6,28,96,81,80,48,23,94,66,85,44,1,1,1,1,0,1,1,0,0,Excelente,SUJETO DE CREDITO-EVALUABLE,[2]Media_Propension,Cliente Finaciado,NO,SALESFORCE -WEB
1611,deudor no comercial,Biotecnologia,Segmento E,Segmento D,Region 5,Zona 6,1,0,1,1,1,0,1,1,0,0,1,39,Malo,Excelente,M,1,Cooperativas,72,22,2,23,91,4,43,15,97,83,74,65,13,80,95,0,1,0,0,1,1,0,1,1,Malo,CON OBSERVACIONES-EVALUABLE,[3]Baja_Propension,Cliente Finaciado,SI,SALESFORCE -WEB
1612,deudor comercial,Agricola,Segmento D,Segmento D,Region 5,Zona 6,1,1,1,1,1,1,1,0,0,1,0,52,Regular,Malo,F,2,Cooperativas,35,89,18,77,67,58,61,74,58,54,10,7,18,63,24,0,0,1,1,0,0,0,1,1,Excelente,CON OBSERVACIONES-EVALUABLE,[2]Media_Propension,Cliente No Financiado,SI,SALESFORCE - CCL
1613,deudor comercial,Pesca,Segmento F,Segmento F,Region 4,Zona 6,1,1,1,1,1,1,1,0,0,0,0,56,Malo,Excelente,F,2,Sindicatos,86,76,20,39,96,54,60,87,88,2,3,8,32,93,12,1,0,0,1,1,1,1,1,1,Excelente,CON OBSERVACIONES-EVALUABLE,[2]Media_Propension,Castigado o Sin Producto,NO,SALESFORCE - CCL
1614,deudor uso medio de pago,Agricola,Segmento E,Segmento F,Region 5,Zona 4,1,1,1,1,1,1,0,0,0,0,0,58,Excelente,Malo,F,2,Cooperativas,6,94,76,89,97,33,52,37,6,43,90,45,2,34,8,1,1,0,1,0,0,1,0,0,Excelente,SUJETO DE CREDITO-EVALUABLE,[1]Alta_Propension,Cliente No Financiado,SI,
1615,deudor comercial,Agricola,Segmento F,Segmento F,Region 5,Zona 6,0,0,0,1,1,1,1,1,0,0,1,47,Malo,Malo,M,1,SPA,67,70,96,62,21,41,92,65,61,55,8,91,86,95,50,0,0,0,0,0,1,0,0,1,Malo,SUJETO DE CREDITO-EVALUABLE,[2]Media_Propension,Cliente Finaciado,SI,
1616,deudor uso medio de pago,Agricola,Segmento F,Segmento F,Region 4,Zona 6,1,1,0,0,1,0,0,1,1,1,0,67,Regular,Malo,F,2,SPA,50,15,70,76,30,56,16,22,1,70,63,2,16,32,99,0,1,1,1,0,0,1,1,1,Excelente,CON OBSERVACIONES-EVALUABLE,[1]Alta_Propension,Cliente Finaciado,SI,SALESFORCE -WEB
1617,deudor comercial,Agricola,Segmento E,Segmento E,Region 5,Zona 4,0,0,0,1,1,0,1,1,1,1,0,29,Malo,Regular,M,1,Federacion,87,88,54,49,84,14,56,40,41,16,70,6,9,41,52,1,1,1,1,0,0,1,0,1,Bueno,NO SUJETO DE CREDITO,[3]Baja_Propension,Cliente Finaciado,SI,SALESFORCE - CCL
1618,deudor comercial,Biotecnologia,Segmento D,Segmento D,Region 4,Zona 4,1,0,1,1,0,1,1,0,0,1,1,40,Regular,Malo,M,1,Federacion,97,57,39,68,95,8,58,45,7,67,46,96,76,52,97,0,1,1,1,1,0,0,0,0,Excelente,SUJETO DE CREDITO-EVALUABLE,[3]Baja_Propension,Cliente No Financiado,SI,VENTA CENTRALIZADA
1619,deudor uso medio de pago,Biotecnologia,Segmento D,Segmento F,Region 5,Zona 6,1,0,0,0,1,0,0,0,0,0,0,72,Excelente,Malo,M,2,Federacion,31,8,20,32,27,8,4,30,42,89,20,87,25,45,85,1,0,0,1,1,0,0,1,0,Excelente,NO SUJETO DE CREDITO,[1]Alta_Propension,Castigado o Sin Producto,SI,SALESFORCE - CCL
1620,deudor comercial,Biotecnologia,Segmento F,Segmento E,Region 6,Zona 6,1,1,0,0,1,0,0,0,0,0,1,29,Malo,Excelente,F,2,Sindicatos,89,61,19,98,94,19,48,38,37,34,1,94,46,50,74,1,1,0,1,1,1,1,1,0,Bueno,NO SUJETO DE CREDITO,[2]Media_Propension,Castigado o Sin Producto,NO,SALESFORCE - CCL
1621,deudor uso medio de pago,Biotecnologia,Segmento D,Segmento E,Region 5,Zona 5,0,1,1,0,1,1,0,0,0,1,1,22,Regular,Regular,F,2,SPA,90,8,12,64,94,34,6,45,69,76,17,4,18,21,17,0,0,1,0,1,1,1,0,0,Bueno,SUJETO DE CREDITO-EVALUABLE,[1]Alta_Propension,Castigado o Sin Producto,NO,RED SUCURSALES
1622,deudor uso medio de pago,Pesca,Segmento D,Segmento D,Region 6,Zona 5,0,0,0,1,0,0,1,1,0,1,0,66,Regular,Regular,M,1,Sindicatos,65,68,40,28,85,19,0,52,19,22,34,17,76,96,38,1,0,0,0,1,1,1,1,1,Malo,CON OBSERVACIONES-EVALUABLE,[2]Media_Propension,Castigado o Sin Producto,SI,VENTA CENTRALIZADA
1623,deudor uso medio de pago,Pesca,Segmento D,Segmento F,Region 4,Zona 6,1,1,1,0,1,1,1,1,0,0,0,73,Regular,Malo,F,1,SPA,0,6,9,78,1,17,15,27,18,49,84,5,46,90,36,1,1,1,0,1,0,0,1,0,Bueno,NO SUJETO DE CREDITO,[1]Alta_Propension,Cliente No Financiado,SI,SALESFORCE -WEB
1624,deudor comercial,Pesca,Segmento F,Segmento F,Region 5,Zona 4,0,1,0,1,0,0,1,0,0,0,1,62,Regular,Regular,M,2,Cooperativas,52,98,86,18,36,76,14,54,15,59,18,51,12,99,99,0,0,1,0,1,0,0,1,1,Malo,CON OBSERVACIONES-EVALUABLE,[1]Alta_Propension,Castigado o Sin Producto,SI,RED SUCURSALES
1625,deudor uso medio de pago,Pesca,Segmento D,Segmento F,Region 4,Zona 4,0,1,0,0,0,0,0,1,1,0,0,58,Regular,Regular,F,1,Sindicatos,40,4,61,0,36,32,20,52,32,14,19,16,55,96,24,0,0,1,0,1,0,0,1,1,Malo,SUJETO DE CREDITO-EVALUABLE,[2]Media_Propension,Cliente Finaciado,NO,RED SUCURSALES
1626,deudor comercial,Pesca,Segmento D,Segmento F,Region 6,Zona 4,1,1,0,1,1,1,0,1,1,1,1,33,Malo,Malo,M,1,Sociedad,47,65,97,99,13,28,49,96,26,73,1,53,76,70,11,1,1,0,0,0,0,0,1,1,Bueno,NO SUJETO DE CREDITO,[3]Baja_Propension,Castigado o Sin Producto,NO,SALESFORCE -WEB
1627,deudor no comercial,Agricola,Segmento F,Segmento F,Region 6,Zona 5,0,1,1,0,1,1,0,1,1,0,1,54,Excelente,Malo,F,1,Federacion,90,69,80,32,10,56,1,5,6,68,85,62,29,91,53,0,0,0,0,0,1,0,0,1,Bueno,SUJETO DE CREDITO-EVALUABLE,[3]Baja_Propension,Castigado o Sin Producto,NO,
1628,deudor uso medio de pago,Agricola,Segmento E,Segmento E,Region 4,Zona 4,1,1,0,0,1,1,0,1,1,0,0,24,Malo,Malo,M,1,SPA,4,71,78,10,37,44,13,35,6,65,71,90,26,70,94,0,1,1,1,1,1,0,1,1,Excelente,CON OBSERVACIONES-EVALUABLE,[1]Alta_Propension,Castigado o Sin Producto,SI,SALESFORCE - CCL
1629,deudor comercial,Biotecnologia,Segmento D,Segmento E,Region 5,Zona 5,1,1,0,1,0,0,1,0,1,1,1,47,Malo,Excelente,M,2,Cooperativas,90,73,14,94,43,13,4,95,64,27,31,68,22,87,89,0,0,1,1,1,1,0,1,0,Malo,SUJETO DE CREDITO-EVALUABLE,[2]Media_Propension,Cliente No Financiado,NO,
1630,deudor uso medio de pago,Pesca,Segmento D,Segmento F,Region 6,Zona 4,1,0,0,1,0,0,1,1,0,0,0,24,Excelente,Malo,M,2,Sindicatos,50,93,41,38,15,12,33,66,34,20,23,26,88,37,29,1,1,0,0,1,1,0,1,0,Malo,NO SUJETO DE CREDITO,[2]Media_Propension,Castigado o Sin Producto,NO,SALESFORCE -WEB
1631,deudor comercial,Biotecnologia,Segmento F,Segmento E,Region 5,Zona 6,0,1,1,0,1,0,0,1,0,0,0,38,Excelente,Regular,M,1,Sociedad,31,8,92,7,72,36,68,71,4,34,56,24,72,1,24,0,0,1,1,0,0,0,1,1,Bueno,NO SUJETO DE CREDITO,[3]Baja_Propension,Cliente Finaciado,NO,VENTA CENTRALIZADA
1632,deudor no comercial,Agricola,Segmento E,Segmento E,Region 6,Zona 5,0,1,0,1,1,1,0,0,0,0,1,50,Malo,Excelente,F,1,Sindicatos,60,24,68,92,74,45,28,96,61,59,74,69,5,81,15,1,0,0,0,0,0,1,0,0,Bueno,NO SUJETO DE CREDITO,[3]Baja_Propension,Cliente Finaciado,NO,VENTA CENTRALIZADA
1633,deudor uso medio de pago,Biotecnologia,Segmento E,Segmento D,Region 5,Zona 5,1,1,1,1,1,0,1,0,0,0,1,53,Regular,Malo,F,1,Sociedad,35,29,86,69,40,48,66,0,12,65,93,15,68,63,33,1,0,0,0,0,1,1,0,0,Excelente,SUJETO DE CREDITO-EVALUABLE,[2]Media_Propension,Cliente Finaciado,SI,SALESFORCE - CCL
1634,deudor no comercial,Biotecnologia,Segmento F,Segmento D,Region 6,Zona 5,0,1,1,1,1,1,1,0,0,1,0,59,Excelente,Excelente,M,2,Federacion,47,19,7,79,54,15,32,59,27,97,66,88,86,54,67,0,0,1,1,1,0,0,0,0,Malo,NO SUJETO DE CREDITO,[2]Media_Propension,Castigado o Sin Producto,SI,SALESFORCE -WEB
1635,deudor comercial,Biotecnologia,Segmento F,Segmento E,Region 6,Zona 5,0,0,1,1,1,0,1,0,0,1,0,69,Excelente,Malo,F,2,Sindicatos,68,45,77,25,59,66,97,65,72,1,90,85,98,89,96,0,0,1,0,0,0,1,1,0,Malo,NO SUJETO DE CREDITO,[1]Alta_Propension,Cliente Finaciado,SI,RED SUCURSALES
1636,deudor comercial,Biotecnologia,Segmento E,Segmento D,Region 4,Zona 6,0,1,0,1,1,0,0,0,1,0,0,35,Malo,Regular,F,2,Federacion,2,6,60,34,73,71,51,14,17,37,68,67,41,6,85,1,0,1,0,0,0,1,0,0,Excelente,CON OBSERVACIONES-EVALUABLE,[1]Alta_Propension,Cliente No Financiado,NO,SALESFORCE -WEB
1637,deudor comercial,Biotecnologia,Segmento E,Segmento D,Region 6,Zona 6,0,1,0,0,1,0,1,0,1,1,1,27,Excelente,Excelente,F,2,Cooperativas,85,64,19,60,43,42,1,23,80,10,78,35,61,3,98,1,0,0,1,1,0,0,1,0,Bueno,SUJETO DE CREDITO-EVALUABLE,[1]Alta_Propension,Cliente No Financiado,NO,RED SUCURSALES
1638,deudor no comercial,Agricola,Segmento D,Segmento D,Region 5,Zona 5,1,1,1,1,0,1,1,0,0,1,1,48,Excelente,Regular,F,1,Federacion,76,70,26,10,97,16,90,64,45,41,18,50,92,11,84,1,1,1,0,1,1,1,0,1,Bueno,SUJETO DE CREDITO-EVALUABLE,[3]Baja_Propension,Cliente No Financiado,NO,RED SUCURSALES
1639,deudor uso medio de pago,Pesca,Segmento E,Segmento E,Region 4,Zona 4,0,1,0,1,0,0,1,0,0,1,1,62,Malo,Malo,F,2,Sociedad,26,31,29,92,84,67,57,49,14,0,39,97,53,0,86,1,0,0,1,1,1,1,1,0,Malo,SUJETO DE CREDITO-EVALUABLE,[2]Media_Propension,Cliente Finaciado,NO,VENTA CENTRALIZADA
1640,deudor uso medio de pago,Biotecnologia,Segmento F,Segmento D,Region 4,Zona 4,0,1,0,1,0,1,0,0,1,0,0,66,Excelente,Regular,M,1,Sindicatos,52,12,91,94,84,17,95,80,97,94,9,59,71,10,82,0,0,0,1,1,0,0,1,1,Excelente,CON OBSERVACIONES-EVALUABLE,[2]Media_Propension,Cliente Finaciado,NO,VENTA CENTRALIZADA
1641,deudor no comercial,Agricola,Segmento E,Segmento D,Region 4,Zona 6,0,0,0,1,1,0,0,0,0,1,0,40,Malo,Excelente,M,1,Cooperativas,42,20,52,88,31,54,34,54,56,66,15,17,64,16,94,0,1,1,0,1,0,0,0,0,Bueno,NO SUJETO DE CREDITO,[3]Baja_Propension,Castigado o Sin Producto,SI,SALESFORCE -WEB
1642,deudor uso medio de pago,Biotecnologia,Segmento D,Segmento E,Region 4,Zona 5,0,1,0,0,1,1,1,1,0,1,0,43,Malo,Regular,F,2,Cooperativas,90,63,35,85,9,94,29,24,33,62,6,43,73,75,47,1,1,0,1,1,0,0,0,1,Excelente,CON OBSERVACIONES-EVALUABLE,[3]Baja_Propension,Castigado o Sin Producto,SI,SALESFORCE -WEB
1643,deudor comercial,Agricola,Segmento F,Segmento D,Region 5,Zona 6,0,1,1,0,0,0,0,1,1,0,1,71,Excelente,Malo,M,1,Federacion,79,47,11,45,78,48,86,81,81,18,19,62,63,13,40,0,1,1,0,1,0,1,1,0,Bueno,SUJETO DE CREDITO-EVALUABLE,[3]Baja_Propension,Cliente Finaciado,NO,VENTA CENTRALIZADA
1644,deudor uso medio de pago,Pesca,Segmento F,Segmento F,Region 5,Zona 4,0,0,1,1,0,1,0,1,1,0,0,22,Excelente,Regular,F,2,Federacion,47,69,61,90,9,16,53,47,24,79,34,16,30,73,83,0,1,0,0,1,0,0,1,0,Excelente,SUJETO DE CREDITO-EVALUABLE,[2]Media_Propension,Cliente No Financiado,NO,VENTA CENTRALIZADA
1645,deudor no comercial,Biotecnologia,Segmento F,Segmento E,Region 5,Zona 4,1,1,1,1,0,0,0,1,0,1,1,23,Regular,Excelente,F,2,Federacion,86,98,87,75,84,56,44,77,9,81,96,81,48,85,88,0,0,0,1,0,0,1,0,1,Malo,SUJETO DE CREDITO-EVALUABLE,[2]Media_Propension,Cliente Finaciado,NO,
1646,deudor no comercial,Pesca,Segmento D,Segmento D,Region 4,Zona 4,1,0,0,1,1,1,0,1,1,0,1,54,Malo,Regular,F,2,Sociedad,17,82,97,78,65,39,53,61,47,29,21,29,5,39,12,0,0,0,0,1,1,1,0,1,Malo,CON OBSERVACIONES-EVALUABLE,[1]Alta_Propension,Castigado o Sin Producto,NO,
1647,deudor uso medio de pago,Biotecnologia,Segmento D,Segmento D,Region 6,Zona 6,1,1,0,1,1,1,0,1,1,1,0,30,Excelente,Malo,F,1,Sindicatos,87,2,51,24,45,31,51,99,69,84,21,74,96,40,50,0,1,1,0,0,1,0,1,0,Bueno,NO SUJETO DE CREDITO,[3]Baja_Propension,Cliente No Financiado,NO,SALESFORCE -WEB
1648,deudor uso medio de pago,Agricola,Segmento D,Segmento E,Region 5,Zona 5,0,1,1,0,0,0,1,0,1,0,0,43,Excelente,Malo,F,2,Sociedad,21,31,77,78,71,8,27,23,9,10,68,35,49,1,69,1,0,1,1,0,0,1,1,0,Bueno,NO SUJETO DE CREDITO,[3]Baja_Propension,Castigado o Sin Producto,NO,SALESFORCE - CCL
1649,deudor no comercial,Agricola,Segmento D,Segmento E,Region 6,Zona 5,1,0,0,1,0,1,1,1,0,1,1,60,Excelente,Regular,F,2,Federacion,39,46,86,19,40,20,91,92,27,0,0,81,11,15,63,0,1,1,0,1,1,1,1,1,Excelente,NO SUJETO DE CREDITO,[2]Media_Propension,Cliente No Financiado,NO,SALESFORCE -WEB
1650,deudor no comercial,Pesca,Segmento E,Segmento D,Region 4,Zona 4,0,0,0,0,0,1,0,0,1,1,1,20,Regular,Regular,M,1,SPA,44,78,11,20,46,32,37,42,92,99,24,93,5,27,82,1,1,1,0,0,1,0,0,1,Excelente,NO SUJETO DE CREDITO,[1]Alta_Propension,Cliente Finaciado,NO,SALESFORCE - CCL
1651,deudor no comercial,Pesca,Segmento D,Segmento F,Region 4,Zona 5,1,0,0,1,1,1,0,0,0,1,1,41,Malo,Excelente,F,2,Sociedad,54,68,93,61,91,89,92,97,66,12,22,43,23,66,78,0,1,1,0,1,1,1,1,0,Malo,CON OBSERVACIONES-EVALUABLE,[1]Alta_Propension,Castigado o Sin Producto,NO,VENTA CENTRALIZADA
1652,deudor uso medio de pago,Biotecnologia,Segmento E,Segmento E,Region 4,Zona 5,1,1,1,1,1,1,0,1,0,1,1,58,Malo,Malo,M,2,Sociedad,29,29,40,5,38,14,0,76,55,60,13,25,40,22,97,0,1,1,1,1,1,0,1,0,Malo,SUJETO DE CREDITO-EVALUABLE,[2]Media_Propension,Cliente No Financiado,NO,
1653,deudor comercial,Pesca,Segmento F,Segmento D,Region 5,Zona 6,0,0,0,0,0,1,1,0,0,0,1,57,Regular,Malo,F,2,Sindicatos,65,15,54,53,31,80,41,22,39,23,10,85,89,93,37,0,0,0,1,0,1,1,0,1,Malo,NO SUJETO DE CREDITO,[1]Alta_Propension,Cliente Finaciado,NO,SALESFORCE -WEB
1654,deudor no comercial,Pesca,Segmento E,Segmento E,Region 6,Zona 5,1,1,0,0,0,0,1,1,0,0,0,31,Malo,Regular,M,1,Federacion,63,92,69,27,19,46,38,49,89,78,98,8,83,69,56,0,0,0,0,1,1,1,0,0,Excelente,SUJETO DE CREDITO-EVALUABLE,[3]Baja_Propension,Castigado o Sin Producto,SI,RED SUCURSALES
1655,deudor comercial,Agricola,Segmento E,Segmento F,Region 4,Zona 4,0,1,0,1,1,1,1,1,1,1,0,18,Malo,Excelente,F,1,Sindicatos,82,72,99,50,26,86,87,6,63,79,35,83,75,67,80,0,1,1,0,0,0,0,0,0,Malo,SUJETO DE CREDITO-EVALUABLE,[3]Baja_Propension,Cliente No Financiado,NO,VENTA CENTRALIZADA
1656,deudor no comercial,Agricola,Segmento F,Segmento E,Region 5,Zona 6,0,1,1,1,0,0,1,0,1,0,0,41,Malo,Malo,F,2,Cooperativas,59,69,48,53,67,48,8,41,54,92,43,86,96,11,5,1,1,0,0,0,1,0,0,1,Excelente,NO SUJETO DE CREDITO,[3]Baja_Propension,Cliente No Financiado,NO,VENTA CENTRALIZADA
1657,deudor no comercial,Pesca,Segmento E,Segmento F,Region 4,Zona 4,0,0,0,0,0,0,0,1,1,0,0,31,Regular,Malo,F,2,Sindicatos,93,49,35,30,44,84,4,15,23,53,45,42,50,0,1,0,1,1,0,0,0,0,0,0,Bueno,CON OBSERVACIONES-EVALUABLE,[3]Baja_Propension,Castigado o Sin Producto,NO,RED SUCURSALES
1658,deudor uso medio de pago,Biotecnologia,Segmento E,Segmento F,Region 5,Zona 4,1,1,0,0,1,1,0,0,1,0,0,57,Malo,Regular,M,1,Federacion,88,60,90,36,82,26,50,81,23,4,35,84,58,64,7,1,0,0,0,0,1,0,1,1,Malo,CON OBSERVACIONES-EVALUABLE,[3]Baja_Propension,Castigado o Sin Producto,SI,SALESFORCE - CCL
1659,deudor comercial,Biotecnologia,Segmento F,Segmento D,Region 4,Zona 5,0,0,1,1,0,0,0,1,1,0,1,40,Malo,Excelente,M,2,SPA,57,55,31,16,63,7,48,3,4,95,19,87,4,32,47,1,1,0,0,1,0,0,0,0,Malo,SUJETO DE CREDITO-EVALUABLE,[3]Baja_Propension,Cliente No Financiado,NO,VENTA CENTRALIZADA
1660,deudor comercial,Agricola,Segmento F,Segmento D,Region 6,Zona 6,0,0,1,0,1,1,1,1,0,1,0,35,Excelente,Regular,F,1,Sociedad,15,82,18,72,99,77,53,27,96,87,85,81,57,74,22,1,0,1,0,1,1,0,1,1,Malo,CON OBSERVACIONES-EVALUABLE,[1]Alta_Propension,Castigado o Sin Producto,SI,VENTA CENTRALIZADA
1661,deudor comercial,Biotecnologia,Segmento D,Segmento E,Region 6,Zona 6,0,1,1,0,0,1,0,1,0,0,1,41,Regular,Regular,F,1,SPA,20,77,69,40,48,27,39,31,94,94,52,82,42,86,49,1,1,1,0,0,1,1,1,0,Malo,SUJETO DE CREDITO-EVALUABLE,[2]Media_Propension,Castigado o Sin Producto,SI,SALESFORCE - CCL
1662,deudor no comercial,Pesca,Segmento D,Segmento D,Region 6,Zona 6,1,1,0,1,0,1,1,0,0,1,0,31,Excelente,Malo,F,2,SPA,65,14,47,35,2,29,3,39,73,53,27,19,92,67,40,0,0,0,1,0,1,0,1,0,Excelente,SUJETO DE CREDITO-EVALUABLE,[2]Media_Propension,Cliente No Financiado,NO,SALESFORCE -WEB
1663,deudor no comercial,Pesca,Segmento E,Segmento E,Region 5,Zona 4,1,0,0,0,0,0,0,0,0,1,0,25,Regular,Malo,F,2,Cooperativas,24,68,54,25,37,69,5,24,40,58,18,46,65,3,18,0,0,0,0,0,0,0,1,0,Malo,CON OBSERVACIONES-EVALUABLE,[2]Media_Propension,Castigado o Sin Producto,NO,VENTA CENTRALIZADA
1664,deudor uso medio de pago,Agricola,Segmento F,Segmento F,Region 5,Zona 5,1,1,0,0,0,0,1,1,1,0,0,18,Malo,Malo,F,2,Federacion,35,59,69,23,91,53,56,77,43,66,19,95,91,18,58,1,1,0,1,0,0,0,1,1,Excelente,NO SUJETO DE CREDITO,[3]Baja_Propension,Castigado o Sin Producto,SI,VENTA CENTRALIZADA
1665,deudor no comercial,Pesca,Segmento E,Segmento F,Region 5,Zona 6,1,1,0,1,0,1,0,0,0,1,0,18,Malo,Malo,F,2,Federacion,9,48,38,47,54,8,75,4,39,61,69,23,30,77,60,0,0,1,1,0,0,0,1,0,Bueno,CON OBSERVACIONES-EVALUABLE,[2]Media_Propension,Cliente No Financiado,SI,
1666,deudor uso medio de pago,Biotecnologia,Segmento D,Segmento F,Region 4,Zona 6,1,1,1,1,0,0,0,1,0,1,1,68,Excelente,Regular,M,2,Federacion,74,94,38,32,13,51,14,76,15,59,19,95,59,90,96,1,0,1,1,1,1,0,0,0,Malo,NO SUJETO DE CREDITO,[3]Baja_Propension,Castigado o Sin Producto,SI,SALESFORCE -WEB
1667,deudor uso medio de pago,Biotecnologia,Segmento D,Segmento E,Region 4,Zona 4,1,0,0,1,1,1,0,0,0,0,0,44,Malo,Regular,F,2,Federacion,33,37,55,48,21,58,54,52,17,74,63,45,60,28,29,1,0,0,0,0,0,1,0,1,Malo,CON OBSERVACIONES-EVALUABLE,[1]Alta_Propension,Castigado o Sin Producto,NO,RED SUCURSALES
1668,deudor uso medio de pago,Agricola,Segmento F,Segmento D,Region 5,Zona 5,1,0,0,0,1,0,0,1,0,1,1,20,Excelente,Excelente,M,1,SPA,33,16,26,66,71,88,18,75,20,32,96,2,52,50,65,0,1,0,1,1,1,0,0,0,Excelente,SUJETO DE CREDITO-EVALUABLE,[3]Baja_Propension,Cliente No Financiado,NO,VENTA CENTRALIZADA
1669,deudor no comercial,Biotecnologia,Segmento F,Segmento E,Region 4,Zona 4,0,0,1,1,1,0,0,0,1,1,1,41,Malo,Regular,F,2,Sociedad,60,48,36,2,82,10,12,75,3,64,23,56,83,81,74,1,1,0,1,1,0,0,1,1,Bueno,SUJETO DE CREDITO-EVALUABLE,[1]Alta_Propension,Cliente Finaciado,SI,
1670,deudor no comercial,Pesca,Segmento E,Segmento E,Region 6,Zona 5,0,0,0,1,0,1,0,0,0,0,1,46,Regular,Regular,M,2,Cooperativas,20,18,12,38,69,72,94,10,9,85,90,69,52,85,28,0,0,0,0,1,1,1,0,0,Malo,CON OBSERVACIONES-EVALUABLE,[3]Baja_Propension,Cliente No Financiado,SI,RED SUCURSALES
1671,deudor no comercial,Pesca,Segmento D,Segmento F,Region 5,Zona 5,0,0,0,0,0,0,1,0,1,0,0,42,Excelente,Malo,M,1,Sindicatos,94,76,58,14,57,89,8,84,75,39,21,41,78,6,87,1,1,1,0,0,0,0,0,0,Malo,NO SUJETO DE CREDITO,[2]Media_Propension,Cliente No Financiado,SI,SALESFORCE -WEB
1672,deudor comercial,Agricola,Segmento D,Segmento F,Region 4,Zona 6,0,1,1,0,0,0,1,0,0,1,0,69,Malo,Regular,M,1,Sindicatos,47,8,94,0,44,18,72,99,5,34,9,58,33,44,46,1,1,0,0,0,1,0,0,1,Excelente,CON OBSERVACIONES-EVALUABLE,[3]Baja_Propension,Castigado o Sin Producto,NO,
1673,deudor no comercial,Agricola,Segmento E,Segmento D,Region 4,Zona 4,1,0,1,0,1,0,0,0,0,1,1,18,Excelente,Malo,M,1,SPA,21,3,12,21,37,5,62,56,5,5,72,60,23,20,43,1,0,0,1,0,0,1,1,0,Malo,NO SUJETO DE CREDITO,[3]Baja_Propension,Cliente Finaciado,NO,RED SUCURSALES
1674,deudor comercial,Pesca,Segmento F,Segmento D,Region 5,Zona 5,1,1,0,1,1,0,1,1,1,1,1,58,Malo,Regular,M,1,Federacion,63,10,33,12,76,43,84,25,44,79,60,60,23,34,97,0,1,0,0,0,1,1,1,0,Malo,SUJETO DE CREDITO-EVALUABLE,[2]Media_Propension,Castigado o Sin Producto,NO,SALESFORCE -WEB
1675,deudor uso medio de pago,Biotecnologia,Segmento E,Segmento D,Region 4,Zona 4,1,1,1,0,0,1,0,0,0,1,1,22,Malo,Excelente,F,2,Sociedad,36,71,3,12,21,47,60,82,17,42,81,22,90,21,19,0,0,0,1,1,0,0,1,0,Bueno,SUJETO DE CREDITO-EVALUABLE,[2]Media_Propension,Cliente Finaciado,SI,SALESFORCE - CCL
1676,deudor no comercial,Biotecnologia,Segmento E,Segmento D,Region 5,Zona 5,0,0,0,1,0,1,0,1,0,1,0,67,Malo,Regular,F,1,SPA,1,34,69,77,50,82,0,67,9,7,71,52,63,23,17,1,0,1,0,0,1,0,1,0,Malo,CON OBSERVACIONES-EVALUABLE,[3]Baja_Propension,Cliente No Financiado,SI,VENTA CENTRALIZADA
1677,deudor uso medio de pago,Pesca,Segmento F,Segmento D,Region 4,Zona 6,1,1,0,0,1,1,1,0,0,0,1,32,Malo,Excelente,M,2,SPA,18,4,4,13,29,31,19,10,25,52,57,1,53,76,7,1,1,0,1,1,0,1,1,0,Excelente,NO SUJETO DE CREDITO,[2]Media_Propension,Cliente No Financiado,SI,SALESFORCE -WEB
1678,deudor no comercial,Pesca,Segmento F,Segmento E,Region 5,Zona 6,0,1,0,0,0,1,1,0,1,0,0,48,Excelente,Excelente,M,1,Federacion,66,57,23,5,77,82,93,75,90,6,88,35,14,61,77,1,1,1,0,1,0,0,0,1,Bueno,SUJETO DE CREDITO-EVALUABLE,[2]Media_Propension,Castigado o Sin Producto,NO,RED SUCURSALES
1679,deudor uso medio de pago,Agricola,Segmento F,Segmento D,Region 6,Zona 4,1,0,1,1,1,0,0,1,0,0,1,68,Regular,Malo,M,1,Federacion,75,72,48,62,58,0,71,28,51,2,35,11,32,4,61,1,0,0,1,1,0,1,0,1,Malo,SUJETO DE CREDITO-EVALUABLE,[3]Baja_Propension,Cliente Finaciado,NO,SALESFORCE -WEB
1680,deudor uso medio de pago,Pesca,Segmento F,Segmento F,Region 5,Zona 5,0,0,1,1,0,0,0,1,0,1,1,33,Malo,Regular,M,1,SPA,74,59,81,81,85,30,13,99,91,85,42,40,66,49,50,0,0,0,0,0,1,1,1,1,Malo,NO SUJETO DE CREDITO,[3]Baja_Propension,Cliente No Financiado,NO,VENTA CENTRALIZADA
1681,deudor comercial,Biotecnologia,Segmento F,Segmento E,Region 6,Zona 4,0,1,1,1,1,0,0,1,1,0,1,63,Malo,Excelente,M,1,Federacion,4,69,26,71,64,34,17,77,33,40,86,11,35,83,47,0,1,0,1,0,0,0,0,0,Excelente,NO SUJETO DE CREDITO,[3]Baja_Propension,Cliente No Financiado,NO,RED SUCURSALES
1682,deudor no comercial,Agricola,Segmento E,Segmento F,Region 4,Zona 5,1,1,1,1,1,0,0,0,1,0,1,65,Malo,Regular,F,2,Cooperativas,9,58,75,77,99,73,53,85,59,87,53,68,43,96,98,0,1,1,1,1,0,1,0,0,Excelente,NO SUJETO DE CREDITO,[1]Alta_Propension,Castigado o Sin Producto,SI,SALESFORCE -WEB
1683,deudor uso medio de pago,Biotecnologia,Segmento F,Segmento F,Region 5,Zona 4,0,1,1,0,1,0,0,1,1,1,1,66,Malo,Regular,M,2,Sindicatos,41,60,69,82,95,73,47,31,21,2,77,36,99,58,35,1,1,1,0,0,0,1,1,1,Malo,NO SUJETO DE CREDITO,[2]Media_Propension,Cliente Finaciado,SI,SALESFORCE - CCL
1684,deudor uso medio de pago,Agricola,Segmento D,Segmento F,Region 6,Zona 5,1,1,0,1,1,1,0,0,1,1,1,60,Excelente,Excelente,F,1,Sindicatos,39,16,35,52,15,19,85,28,25,54,37,91,6,30,64,0,0,0,0,0,0,1,1,1,Malo,CON OBSERVACIONES-EVALUABLE,[2]Media_Propension,Cliente Finaciado,SI,RED SUCURSALES
1685,deudor no comercial,Agricola,Segmento F,Segmento D,Region 6,Zona 6,0,0,1,0,0,1,1,0,0,0,0,26,Excelente,Malo,F,2,SPA,27,47,56,64,91,8,25,79,53,3,95,6,5,90,32,0,0,0,1,0,1,1,0,1,Bueno,CON OBSERVACIONES-EVALUABLE,[2]Media_Propension,Cliente Finaciado,SI,
1686,deudor no comercial,Pesca,Segmento D,Segmento E,Region 6,Zona 5,0,0,1,0,0,0,1,0,1,0,0,22,Excelente,Excelente,F,2,Sociedad,49,88,55,79,94,26,42,14,46,38,79,1,82,90,80,0,1,1,1,1,1,1,0,0,Malo,NO SUJETO DE CREDITO,[1]Alta_Propension,Cliente Finaciado,SI,
1687,deudor uso medio de pago,Pesca,Segmento F,Segmento F,Region 4,Zona 6,0,0,1,0,0,0,1,0,1,0,1,50,Excelente,Excelente,F,1,SPA,83,65,20,52,25,90,94,41,37,2,63,86,14,33,53,0,0,1,0,0,0,1,1,1,Malo,NO SUJETO DE CREDITO,[3]Baja_Propension,Cliente Finaciado,NO,SALESFORCE - CCL
1688,deudor no comercial,Pesca,Segmento F,Segmento D,Region 5,Zona 6,1,1,1,1,1,1,0,0,1,0,0,54,Regular,Excelente,M,2,Sindicatos,68,29,67,79,5,12,51,23,94,79,86,99,62,90,11,0,0,1,0,0,1,0,1,1,Malo,CON OBSERVACIONES-EVALUABLE,[3]Baja_Propension,Castigado o Sin Producto,SI,RED SUCURSALES
1689,deudor comercial,Biotecnologia,Segmento E,Segmento F,Region 5,Zona 4,0,0,0,1,0,1,1,0,0,0,0,35,Regular,Excelente,F,1,Cooperativas,83,39,69,9,78,94,30,56,96,67,29,58,24,88,42,0,1,0,0,0,1,1,1,0,Excelente,CON OBSERVACIONES-EVALUABLE,[3]Baja_Propension,Cliente Finaciado,SI,
1690,deudor no comercial,Biotecnologia,Segmento D,Segmento F,Region 5,Zona 4,1,0,1,1,1,1,1,0,1,0,0,23,Malo,Regular,M,1,Federacion,99,50,94,79,41,10,29,51,7,91,25,60,93,43,14,0,0,0,0,1,1,0,1,0,Bueno,CON OBSERVACIONES-EVALUABLE,[2]Media_Propension,Castigado o Sin Producto,SI,
1691,deudor no comercial,Biotecnologia,Segmento D,Segmento E,Region 4,Zona 5,0,0,1,0,1,1,1,1,0,1,0,50,Excelente,Regular,M,1,Cooperativas,98,35,7,19,29,83,42,71,33,82,64,60,51,70,17,1,1,1,1,1,0,0,0,1,Malo,CON OBSERVACIONES-EVALUABLE,[2]Media_Propension,Cliente Finaciado,SI,VENTA CENTRALIZADA
1692,deudor no comercial,Pesca,Segmento D,Segmento E,Region 6,Zona 6,0,0,0,1,0,0,1,0,0,0,1,19,Regular,Regular,M,2,Federacion,21,5,88,35,18,43,7,81,21,65,95,49,56,54,6,1,0,0,1,1,0,0,1,1,Malo,NO SUJETO DE CREDITO,[1]Alta_Propension,Cliente No Financiado,NO,VENTA CENTRALIZADA
1693,deudor uso medio de pago,Pesca,Segmento F,Segmento D,Region 4,Zona 4,1,0,1,0,0,1,1,0,0,0,0,19,Malo,Excelente,M,1,Cooperativas,45,39,61,21,85,3,57,81,89,65,82,51,67,58,77,1,1,0,1,0,0,1,0,1,Excelente,SUJETO DE CREDITO-EVALUABLE,[3]Baja_Propension,Cliente Finaciado,NO,
1694,deudor comercial,Biotecnologia,Segmento D,Segmento F,Region 6,Zona 5,0,1,1,1,0,0,1,0,1,1,0,34,Regular,Excelente,M,2,Cooperativas,72,77,86,2,29,94,84,54,26,59,58,34,74,21,4,1,0,0,0,1,0,0,0,1,Malo,CON OBSERVACIONES-EVALUABLE,[1]Alta_Propension,Castigado o Sin Producto,SI,SALESFORCE - CCL
1695,deudor uso medio de pago,Pesca,Segmento D,Segmento F,Region 4,Zona 6,0,0,0,0,0,0,0,0,1,0,1,51,Malo,Regular,F,2,SPA,21,13,13,31,4,89,12,64,80,31,29,89,97,26,8,1,0,0,0,0,1,0,1,0,Excelente,CON OBSERVACIONES-EVALUABLE,[3]Baja_Propension,Cliente Finaciado,NO,VENTA CENTRALIZADA
1696,deudor comercial,Biotecnologia,Segmento D,Segmento E,Region 5,Zona 5,0,0,1,1,0,1,1,1,0,0,0,48,Malo,Regular,M,2,Sociedad,51,2,51,37,31,5,15,63,76,68,13,40,65,43,50,1,1,1,0,1,0,1,0,0,Bueno,SUJETO DE CREDITO-EVALUABLE,[3]Baja_Propension,Castigado o Sin Producto,SI,VENTA CENTRALIZADA
1697,deudor comercial,Biotecnologia,Segmento F,Segmento D,Region 6,Zona 6,1,1,1,1,0,1,0,0,0,1,1,23,Malo,Excelente,M,2,SPA,11,95,13,60,24,22,89,65,62,59,96,92,33,47,87,1,0,1,1,0,1,0,0,1,Bueno,SUJETO DE CREDITO-EVALUABLE,[2]Media_Propension,Castigado o Sin Producto,NO,RED SUCURSALES
1698,deudor no comercial,Pesca,Segmento F,Segmento E,Region 4,Zona 6,1,1,1,1,0,0,0,0,0,1,1,73,Malo,Regular,F,1,Sociedad,57,3,51,76,47,4,99,15,87,32,84,25,77,36,91,1,0,1,1,1,1,0,1,0,Excelente,SUJETO DE CREDITO-EVALUABLE,[2]Media_Propension,Cliente Finaciado,NO,SALESFORCE - CCL
1699,deudor no comercial,Pesca,Segmento E,Segmento F,Region 5,Zona 6,1,0,0,1,0,1,0,0,0,1,1,54,Regular,Malo,M,2,SPA,84,13,23,65,3,21,34,8,14,61,39,37,22,8,67,0,1,0,1,1,1,0,0,1,Malo,CON OBSERVACIONES-EVALUABLE,[1]Alta_Propension,Cliente Finaciado,NO,SALESFORCE -WEB
1700,deudor comercial,Agricola,Segmento E,Segmento D,Region 6,Zona 4,1,1,0,0,1,0,1,1,0,0,1,58,Malo,Regular,M,2,Sindicatos,66,49,83,40,51,61,21,1,41,68,81,75,21,92,31,0,1,0,1,0,1,1,1,0,Malo,CON OBSERVACIONES-EVALUABLE,[1]Alta_Propension,Cliente Finaciado,NO,
1701,deudor no comercial,Agricola,Segmento F,Segmento E,Region 5,Zona 6,1,1,1,1,1,1,0,0,1,1,1,61,Excelente,Excelente,F,1,Sindicatos,22,24,87,13,77,39,89,34,46,59,21,38,3,47,77,0,0,1,0,0,0,0,0,1,Excelente,NO SUJETO DE CREDITO,[1]Alta_Propension,Castigado o Sin Producto,NO,VENTA CENTRALIZADA
1702,deudor no comercial,Agricola,Segmento F,Segmento D,Region 5,Zona 6,0,1,1,1,1,0,0,1,0,0,0,27,Regular,Regular,F,2,Cooperativas,32,92,8,29,35,68,3,66,53,31,88,1,9,41,12,0,1,1,0,0,1,1,1,0,Excelente,SUJETO DE CREDITO-EVALUABLE,[1]Alta_Propension,Castigado o Sin Producto,SI,SALESFORCE - CCL
1703,deudor uso medio de pago,Pesca,Segmento F,Segmento D,Region 4,Zona 4,0,1,0,0,0,1,1,1,1,1,0,53,Malo,Malo,M,2,Sindicatos,41,1,7,78,23,12,9,25,62,74,27,57,75,45,40,0,1,0,0,0,0,0,0,1,Excelente,SUJETO DE CREDITO-EVALUABLE,[3]Baja_Propension,Castigado o Sin Producto,SI,RED SUCURSALES
1704,deudor no comercial,Pesca,Segmento D,Segmento D,Region 6,Zona 4,0,0,1,1,0,1,0,1,0,0,1,42,Malo,Regular,F,1,SPA,48,7,0,32,19,68,83,84,41,96,79,10,12,60,55,0,0,1,0,0,1,0,1,1,Bueno,NO SUJETO DE CREDITO,[1]Alta_Propension,Castigado o Sin Producto,NO,
1705,deudor uso medio de pago,Agricola,Segmento F,Segmento E,Region 5,Zona 6,0,1,0,1,0,1,1,1,1,1,0,44,Excelente,Malo,M,1,Cooperativas,56,47,34,91,51,81,86,65,50,28,95,13,33,58,64,1,0,1,1,0,0,1,0,1,Bueno,SUJETO DE CREDITO-EVALUABLE,[1]Alta_Propension,Cliente No Financiado,SI,
1706,deudor no comercial,Agricola,Segmento E,Segmento E,Region 6,Zona 4,1,1,0,1,1,1,1,1,0,1,0,49,Excelente,Malo,M,1,Cooperativas,30,71,32,26,0,9,71,45,0,23,67,36,45,55,36,1,0,0,0,0,1,1,1,1,Bueno,SUJETO DE CREDITO-EVALUABLE,[3]Baja_Propension,Cliente No Financiado,SI,VENTA CENTRALIZADA
1707,deudor no comercial,Agricola,Segmento E,Segmento E,Region 4,Zona 4,1,0,0,0,1,1,0,1,1,0,0,62,Regular,Regular,F,2,SPA,54,97,87,84,48,81,53,69,78,59,19,56,76,18,64,1,1,0,0,1,0,1,0,1,Bueno,SUJETO DE CREDITO-EVALUABLE,[2]Media_Propension,Cliente Finaciado,NO,SALESFORCE -WEB
1708,deudor uso medio de pago,Biotecnologia,Segmento E,Segmento E,Region 4,Zona 4,0,0,0,1,1,0,1,0,1,1,0,39,Excelente,Malo,F,2,Federacion,95,16,26,3,8,23,46,83,5,28,75,31,96,53,86,1,0,0,1,0,1,0,0,0,Excelente,NO SUJETO DE CREDITO,[1]Alta_Propension,Cliente Finaciado,NO,SALESFORCE - CCL
1709,deudor comercial,Pesca,Segmento F,Segmento E,Region 6,Zona 5,1,1,1,0,0,0,1,0,1,1,1,70,Regular,Malo,F,1,Federacion,23,8,15,35,46,75,63,77,10,83,88,98,47,2,55,1,0,0,1,1,0,1,0,0,Excelente,NO SUJETO DE CREDITO,[1]Alta_Propension,Cliente Finaciado,SI,SALESFORCE - CCL
1710,deudor uso medio de pago,Pesca,Segmento F,Segmento D,Region 6,Zona 4,0,1,0,1,1,0,1,0,0,1,0,69,Excelente,Malo,M,2,Sociedad,86,38,27,81,85,96,85,28,15,18,29,33,55,49,6,1,0,0,0,1,0,0,1,1,Excelente,CON OBSERVACIONES-EVALUABLE,[2]Media_Propension,Castigado o Sin Producto,NO,SALESFORCE - CCL
1711,deudor no comercial,Pesca,Segmento D,Segmento E,Region 5,Zona 6,0,1,0,0,1,1,0,0,1,1,0,42,Excelente,Regular,F,1,SPA,28,52,81,33,66,80,41,86,95,25,45,83,99,34,10,1,1,0,0,0,1,1,1,1,Malo,SUJETO DE CREDITO-EVALUABLE,[3]Baja_Propension,Castigado o Sin Producto,NO,VENTA CENTRALIZADA
1712,deudor no comercial,Agricola,Segmento D,Segmento E,Region 4,Zona 5,0,0,0,0,1,0,0,1,1,0,0,63,Regular,Malo,F,1,Sindicatos,77,81,10,80,18,63,85,91,69,55,64,82,25,4,27,1,1,1,0,0,0,0,0,0,Bueno,CON OBSERVACIONES-EVALUABLE,[1]Alta_Propension,Cliente Finaciado,NO,SALESFORCE -WEB
1713,deudor no comercial,Pesca,Segmento D,Segmento D,Region 6,Zona 5,0,0,1,0,1,0,1,1,1,1,1,34,Malo,Regular,M,1,Sociedad,83,82,39,39,79,28,36,75,63,39,15,1,48,10,91,0,0,1,0,0,0,0,1,0,Excelente,CON OBSERVACIONES-EVALUABLE,[2]Media_Propension,Cliente No Financiado,NO,RED SUCURSALES
1714,deudor uso medio de pago,Pesca,Segmento F,Segmento E,Region 5,Zona 4,0,1,0,0,0,0,1,0,1,0,0,39,Malo,Regular,M,1,Sindicatos,74,25,71,41,7,49,17,25,27,19,34,4,22,96,13,0,0,1,1,0,1,1,0,1,Excelente,NO SUJETO DE CREDITO,[1]Alta_Propension,Castigado o Sin Producto,NO,VENTA CENTRALIZADA
1715,deudor comercial,Biotecnologia,Segmento E,Segmento F,Region 6,Zona 5,1,0,1,0,0,1,0,0,0,0,0,21,Excelente,Excelente,M,1,SPA,61,21,64,50,95,89,12,93,75,52,20,17,75,7,24,1,1,0,1,1,0,0,0,0,Bueno,CON OBSERVACIONES-EVALUABLE,[3]Baja_Propension,Cliente Finaciado,NO,SALESFORCE -WEB
1716,deudor no comercial,Biotecnologia,Segmento D,Segmento D,Region 4,Zona 4,1,0,1,0,1,1,1,1,0,0,0,45,Excelente,Excelente,F,2,Sindicatos,24,84,85,89,70,89,56,98,63,47,9,58,21,19,51,1,1,1,0,0,1,0,0,0,Bueno,SUJETO DE CREDITO-EVALUABLE,[1]Alta_Propension,Castigado o Sin Producto,NO,
1717,deudor comercial,Agricola,Segmento D,Segmento D,Region 6,Zona 5,1,0,0,0,1,1,1,1,0,1,1,52,Regular,Malo,F,1,Sociedad,16,58,40,2,68,49,47,17,5,87,41,97,84,94,69,1,1,1,1,1,0,1,1,1,Excelente,CON OBSERVACIONES-EVALUABLE,[3]Baja_Propension,Cliente Finaciado,NO,
1718,deudor no comercial,Biotecnologia,Segmento D,Segmento E,Region 5,Zona 4,0,0,1,1,0,1,0,0,0,1,1,53,Excelente,Excelente,F,1,Sociedad,60,57,52,7,85,53,65,59,85,2,11,44,52,36,17,0,1,0,1,1,1,0,0,0,Bueno,CON OBSERVACIONES-EVALUABLE,[2]Media_Propension,Castigado o Sin Producto,SI,RED SUCURSALES
1719,deudor no comercial,Pesca,Segmento D,Segmento D,Region 5,Zona 6,0,1,1,0,1,0,0,0,0,0,1,30,Regular,Excelente,M,2,Sindicatos,35,63,3,2,21,65,89,48,60,0,99,97,79,22,88,0,1,0,1,1,1,0,1,1,Malo,CON OBSERVACIONES-EVALUABLE,[3]Baja_Propension,Castigado o Sin Producto,SI,
1720,deudor comercial,Agricola,Segmento F,Segmento E,Region 4,Zona 6,0,0,1,1,0,1,1,0,0,0,1,43,Malo,Malo,M,1,Cooperativas,67,72,34,87,96,12,41,18,0,43,52,36,13,56,76,0,1,0,0,1,1,1,0,0,Malo,SUJETO DE CREDITO-EVALUABLE,[1]Alta_Propension,Castigado o Sin Producto,SI,VENTA CENTRALIZADA
1721,deudor no comercial,Agricola,Segmento E,Segmento F,Region 5,Zona 4,0,0,0,0,1,1,0,1,1,0,1,43,Malo,Malo,M,1,Sindicatos,0,46,79,84,99,67,6,10,79,69,79,18,80,93,34,1,0,0,0,0,0,1,1,0,Bueno,CON OBSERVACIONES-EVALUABLE,[2]Media_Propension,Castigado o Sin Producto,NO,VENTA CENTRALIZADA
1722,deudor uso medio de pago,Biotecnologia,Segmento F,Segmento E,Region 4,Zona 4,1,0,1,0,0,0,0,1,1,1,0,19,Regular,Malo,M,1,Sindicatos,27,3,90,58,79,16,77,51,38,3,69,39,65,93,22,1,1,1,1,0,0,0,0,1,Malo,CON OBSERVACIONES-EVALUABLE,[1]Alta_Propension,Cliente Finaciado,NO,SALESFORCE - CCL
1723,deudor uso medio de pago,Pesca,Segmento D,Segmento D,Region 5,Zona 6,0,1,1,1,0,1,0,1,0,1,1,74,Malo,Malo,M,2,Sindicatos,99,61,51,70,32,74,52,64,69,39,78,32,13,31,60,0,0,0,1,1,1,1,0,1,Bueno,NO SUJETO DE CREDITO,[1]Alta_Propension,Castigado o Sin Producto,NO,SALESFORCE -WEB
1724,deudor no comercial,Agricola,Segmento E,Segmento D,Region 6,Zona 5,0,0,0,1,0,0,0,1,1,1,0,36,Excelente,Malo,F,2,Sociedad,63,44,43,10,84,71,44,8,98,49,29,16,90,74,22,0,1,1,0,0,0,0,1,0,Bueno,NO SUJETO DE CREDITO,[2]Media_Propension,Cliente Finaciado,NO,RED SUCURSALES
1725,deudor uso medio de pago,Pesca,Segmento F,Segmento E,Region 5,Zona 4,0,1,1,0,0,1,0,1,1,1,1,73,Regular,Malo,F,1,SPA,51,43,54,26,55,73,72,34,83,71,76,25,8,70,54,0,0,0,0,0,1,1,1,0,Excelente,CON OBSERVACIONES-EVALUABLE,[3]Baja_Propension,Cliente Finaciado,NO,SALESFORCE - CCL
1726,deudor no comercial,Pesca,Segmento E,Segmento D,Region 6,Zona 5,1,0,0,0,0,1,1,1,0,1,1,19,Excelente,Excelente,F,2,SPA,73,92,96,67,5,48,67,64,42,93,58,85,17,33,29,0,1,0,0,1,1,0,1,1,Bueno,SUJETO DE CREDITO-EVALUABLE,[3]Baja_Propension,Cliente No Financiado,SI,SALESFORCE - CCL
1727,deudor comercial,Agricola,Segmento D,Segmento F,Region 4,Zona 6,1,0,1,1,1,1,0,0,0,0,1,37,Excelente,Regular,F,2,Federacion,50,83,95,21,76,35,83,41,73,36,0,55,29,72,87,0,0,0,1,1,1,1,1,0,Bueno,SUJETO DE CREDITO-EVALUABLE,[1]Alta_Propension,Cliente No Financiado,NO,SALESFORCE - CCL
1728,deudor uso medio de pago,Biotecnologia,Segmento D,Segmento F,Region 4,Zona 5,0,0,0,1,0,0,1,1,1,1,1,67,Excelente,Regular,F,2,Sociedad,23,79,80,33,74,1,39,79,45,32,48,54,74,6,64,0,1,0,1,0,1,1,0,0,Malo,CON OBSERVACIONES-EVALUABLE,[1]Alta_Propension,Castigado o Sin Producto,SI,SALESFORCE - CCL
1729,deudor uso medio de pago,Biotecnologia,Segmento D,Segmento E,Region 4,Zona 5,0,1,0,1,0,1,1,1,0,1,1,37,Regular,Excelente,F,1,Federacion,69,34,20,17,27,31,59,17,46,36,46,36,36,75,31,0,0,0,0,1,1,1,0,1,Bueno,SUJETO DE CREDITO-EVALUABLE,[3]Baja_Propension,Cliente No Financiado,SI,SALESFORCE -WEB
1730,deudor uso medio de pago,Pesca,Segmento E,Segmento D,Region 5,Zona 5,0,1,1,0,0,1,0,1,1,0,0,31,Malo,Excelente,F,2,Sociedad,78,58,15,89,84,36,28,66,63,38,42,45,90,36,76,0,0,0,0,1,0,1,0,1,Excelente,SUJETO DE CREDITO-EVALUABLE,[3]Baja_Propension,Cliente Finaciado,SI,SALESFORCE -WEB
1731,deudor no comercial,Agricola,Segmento D,Segmento F,Region 6,Zona 5,1,1,0,0,0,0,1,1,0,1,1,20,Excelente,Excelente,M,2,Sociedad,7,99,73,65,94,11,28,69,25,46,38,7,66,75,94,0,0,0,1,1,0,0,1,1,Malo,SUJETO DE CREDITO-EVALUABLE,[3]Baja_Propension,Cliente Finaciado,NO,SALESFORCE - CCL
1732,deudor uso medio de pago,Biotecnologia,Segmento F,Segmento E,Region 5,Zona 5,1,1,0,1,1,0,0,1,0,1,0,34,Excelente,Regular,M,2,Cooperativas,92,46,58,98,46,40,42,53,69,1,36,39,65,60,62,0,1,1,1,0,0,1,0,0,Excelente,CON OBSERVACIONES-EVALUABLE,[1]Alta_Propension,Cliente No Financiado,NO,SALESFORCE - CCL
1733,deudor comercial,Pesca,Segmento F,Segmento E,Region 4,Zona 6,0,0,0,0,1,0,0,0,0,1,1,25,Excelente,Excelente,M,1,Sindicatos,88,10,63,29,21,48,68,14,14,33,86,47,88,17,55,0,1,1,1,1,1,1,1,0,Malo,CON OBSERVACIONES-EVALUABLE,[3]Baja_Propension,Castigado o Sin Producto,NO,
1734,deudor no comercial,Biotecnologia,Segmento E,Segmento E,Region 4,Zona 6,1,1,0,0,1,0,0,0,1,1,0,45,Excelente,Excelente,M,2,Sociedad,16,40,49,48,67,20,26,77,22,97,15,39,14,86,7,0,1,0,0,1,1,0,1,0,Malo,CON OBSERVACIONES-EVALUABLE,[3]Baja_Propension,Cliente No Financiado,SI,RED SUCURSALES
1735,deudor comercial,Pesca,Segmento E,Segmento E,Region 4,Zona 6,0,0,0,1,1,1,0,0,1,1,1,48,Malo,Regular,F,2,Sociedad,68,88,96,54,92,55,85,23,99,92,52,27,24,49,6,1,1,1,1,0,0,1,0,0,Excelente,SUJETO DE CREDITO-EVALUABLE,[1]Alta_Propension,Cliente Finaciado,NO,
1736,deudor uso medio de pago,Agricola,Segmento F,Segmento D,Region 6,Zona 4,0,0,1,1,0,1,0,0,1,1,1,41,Malo,Regular,M,1,Sindicatos,54,27,69,30,85,36,21,95,91,26,95,41,58,31,45,1,0,0,0,0,1,1,0,1,Excelente,CON OBSERVACIONES-EVALUABLE,[2]Media_Propension,Cliente No Financiado,SI,RED SUCURSALES
1737,deudor uso medio de pago,Biotecnologia,Segmento D,Segmento E,Region 6,Zona 4,0,0,1,0,1,0,1,0,1,0,1,62,Excelente,Regular,F,2,SPA,83,14,45,10,64,64,57,76,21,58,3,4,62,58,41,0,0,0,1,1,1,0,1,0,Bueno,SUJETO DE CREDITO-EVALUABLE,[1]Alta_Propension,Cliente Finaciado,NO,RED SUCURSALES
1738,deudor no comercial,Pesca,Segmento D,Segmento F,Region 6,Zona 6,1,0,0,1,0,0,0,0,0,1,0,65,Regular,Excelente,M,1,Federacion,32,95,17,55,42,70,60,17,3,27,98,67,88,19,37,1,1,0,0,1,1,0,0,0,Malo,SUJETO DE CREDITO-EVALUABLE,[3]Baja_Propension,Cliente Finaciado,SI,SALESFORCE - CCL
1739,deudor comercial,Agricola,Segmento D,Segmento E,Region 6,Zona 5,1,0,0,0,1,0,0,0,0,1,1,70,Malo,Malo,M,2,SPA,5,35,60,77,6,66,54,1,37,38,5,80,6,29,58,1,1,0,0,0,0,0,0,1,Malo,SUJETO DE CREDITO-EVALUABLE,[3]Baja_Propension,Cliente Finaciado,SI,SALESFORCE -WEB
1740,deudor uso medio de pago,Agricola,Segmento D,Segmento D,Region 5,Zona 6,1,0,1,1,1,1,1,0,0,0,1,42,Malo,Malo,M,2,SPA,8,99,40,95,14,2,82,26,53,15,5,2,99,56,62,0,1,1,1,0,1,1,1,0,Excelente,CON OBSERVACIONES-EVALUABLE,[1]Alta_Propension,Cliente Finaciado,NO,RED SUCURSALES
1741,deudor comercial,Agricola,Segmento E,Segmento D,Region 4,Zona 4,0,0,1,0,1,1,1,0,1,0,1,28,Regular,Regular,F,2,Federacion,63,0,8,32,71,67,9,85,93,47,18,2,88,70,35,1,0,1,1,1,0,0,1,0,Bueno,NO SUJETO DE CREDITO,[3]Baja_Propension,Castigado o Sin Producto,NO,SALESFORCE -WEB
1742,deudor comercial,Pesca,Segmento D,Segmento D,Region 5,Zona 5,1,1,1,1,0,0,0,1,1,0,1,23,Excelente,Malo,M,2,Federacion,82,20,92,60,59,84,11,65,29,15,1,5,88,13,79,1,0,1,0,1,0,0,0,1,Excelente,CON OBSERVACIONES-EVALUABLE,[3]Baja_Propension,Cliente No Financiado,SI,
1743,deudor comercial,Pesca,Segmento E,Segmento D,Region 5,Zona 5,0,1,1,0,0,0,1,1,0,1,1,50,Regular,Malo,M,1,Sociedad,24,56,11,97,16,81,92,17,68,91,31,19,88,11,79,0,1,1,1,0,0,1,0,0,Malo,CON OBSERVACIONES-EVALUABLE,[1]Alta_Propension,Cliente Finaciado,NO,
1744,deudor no comercial,Agricola,Segmento E,Segmento E,Region 5,Zona 4,1,0,1,0,0,1,0,1,0,0,1,32,Excelente,Excelente,M,1,Cooperativas,99,67,89,51,43,28,32,83,50,28,93,30,79,43,82,0,0,0,1,1,1,1,0,1,Excelente,NO SUJETO DE CREDITO,[3]Baja_Propension,Castigado o Sin Producto,SI,VENTA CENTRALIZADA
1745,deudor comercial,Pesca,Segmento D,Segmento F,Region 6,Zona 6,1,1,1,0,0,0,0,1,0,1,0,28,Regular,Excelente,M,2,Sindicatos,91,82,36,22,87,85,25,69,93,58,20,99,12,55,23,0,0,0,1,0,1,1,0,1,Excelente,SUJETO DE CREDITO-EVALUABLE,[1]Alta_Propension,Cliente Finaciado,NO,VENTA CENTRALIZADA
1746,deudor no comercial,Pesca,Segmento E,Segmento E,Region 4,Zona 4,1,0,0,0,1,0,0,0,1,0,0,52,Malo,Excelente,M,1,Sociedad,27,58,60,37,22,82,25,99,9,20,83,21,92,73,39,0,0,1,1,0,1,1,1,0,Malo,CON OBSERVACIONES-EVALUABLE,[1]Alta_Propension,Castigado o Sin Producto,SI,
1747,deudor comercial,Biotecnologia,Segmento F,Segmento E,Region 5,Zona 5,1,1,1,1,0,0,1,1,0,1,1,31,Excelente,Regular,F,1,Sociedad,45,39,95,59,9,8,77,72,27,41,95,96,6,68,32,1,1,1,0,0,0,0,0,1,Malo,SUJETO DE CREDITO-EVALUABLE,[1]Alta_Propension,Cliente No Financiado,SI,VENTA CENTRALIZADA
1748,deudor uso medio de pago,Agricola,Segmento E,Segmento D,Region 6,Zona 5,0,0,1,0,1,0,0,1,0,0,0,30,Malo,Regular,F,1,Federacion,90,69,66,27,84,6,15,36,46,68,87,65,45,98,2,1,0,1,0,1,0,0,0,0,Excelente,SUJETO DE CREDITO-EVALUABLE,[1]Alta_Propension,Cliente Finaciado,NO,VENTA CENTRALIZADA
1749,deudor no comercial,Biotecnologia,Segmento F,Segmento D,Region 4,Zona 4,0,0,0,0,1,1,1,1,0,1,1,43,Malo,Excelente,M,1,Sindicatos,66,6,58,62,19,89,38,81,9,63,98,76,26,69,40,0,1,1,0,1,1,0,0,0,Malo,NO SUJETO DE CREDITO,[1]Alta_Propension,Castigado o Sin Producto,SI,RED SUCURSALES
1750,deudor no comercial,Pesca,Segmento F,Segmento D,Region 5,Zona 5,1,0,1,1,1,1,0,1,0,1,0,20,Excelente,Excelente,F,2,Sociedad,43,85,93,19,80,87,38,27,8,94,45,63,98,2,65,1,1,1,1,0,1,1,1,1,Excelente,CON OBSERVACIONES-EVALUABLE,[1]Alta_Propension,Cliente No Financiado,NO,VENTA CENTRALIZADA
1751,deudor no comercial,Agricola,Segmento D,Segmento E,Region 5,Zona 6,1,0,1,1,1,1,1,0,0,0,0,59,Malo,Regular,F,2,Federacion,34,70,81,9,3,14,5,11,3,61,42,86,73,56,32,1,1,1,1,1,1,1,0,0,Bueno,CON OBSERVACIONES-EVALUABLE,[3]Baja_Propension,Cliente Finaciado,NO,RED SUCURSALES
1752,deudor uso medio de pago,Biotecnologia,Segmento D,Segmento E,Region 6,Zona 6,0,0,0,0,1,1,1,1,0,0,0,42,Regular,Regular,F,2,Sociedad,42,28,67,83,39,20,96,17,95,33,78,91,36,2,58,0,1,1,1,0,1,0,0,0,Excelente,NO SUJETO DE CREDITO,[2]Media_Propension,Castigado o Sin Producto,SI,RED SUCURSALES
1753,deudor no comercial,Agricola,Segmento E,Segmento D,Region 6,Zona 6,1,0,1,0,0,0,1,1,1,1,1,20,Regular,Regular,M,2,Cooperativas,44,34,43,18,42,8,40,84,93,9,1,46,47,97,77,0,0,1,0,1,0,1,1,0,Malo,NO SUJETO DE CREDITO,[3]Baja_Propension,Cliente No Financiado,SI,VENTA CENTRALIZADA
1754,deudor no comercial,Pesca,Segmento D,Segmento F,Region 6,Zona 4,0,0,0,0,1,0,0,1,0,1,0,60,Excelente,Excelente,M,1,Federacion,36,58,10,98,83,65,14,73,93,93,46,17,10,40,34,1,0,1,0,1,0,1,0,0,Excelente,CON OBSERVACIONES-EVALUABLE,[3]Baja_Propension,Cliente No Financiado,NO,SALESFORCE -WEB
1755,deudor comercial,Biotecnologia,Segmento F,Segmento F,Region 5,Zona 4,0,1,1,0,0,0,1,0,0,1,0,51,Malo,Malo,M,1,Sociedad,29,25,1,12,52,99,89,81,77,30,62,48,84,41,28,0,0,1,0,0,0,1,1,0,Excelente,NO SUJETO DE CREDITO,[2]Media_Propension,Cliente No Financiado,NO,
1756,deudor comercial,Agricola,Segmento D,Segmento F,Region 6,Zona 4,0,0,0,0,1,0,1,1,0,1,0,38,Malo,Malo,F,1,SPA,61,80,93,93,69,3,83,25,4,20,74,31,81,30,6,0,0,1,0,1,0,1,1,0,Bueno,CON OBSERVACIONES-EVALUABLE,[3]Baja_Propension,Castigado o Sin Producto,SI,
1757,deudor no comercial,Pesca,Segmento F,Segmento E,Region 5,Zona 6,1,0,1,1,1,1,1,0,1,0,0,55,Excelente,Regular,M,1,SPA,34,17,70,32,45,7,58,10,35,77,1,44,12,52,25,1,0,1,0,0,1,0,0,1,Bueno,SUJETO DE CREDITO-EVALUABLE,[3]Baja_Propension,Cliente Finaciado,SI,SALESFORCE - CCL
1758,deudor comercial,Agricola,Segmento E,Segmento E,Region 5,Zona 5,1,1,0,0,0,0,1,1,0,1,1,53,Malo,Regular,M,1,Sociedad,96,7,24,66,3,6,88,86,10,37,8,61,7,39,87,1,1,0,0,1,0,1,0,1,Excelente,CON OBSERVACIONES-EVALUABLE,[1]Alta_Propension,Cliente Finaciado,NO,RED SUCURSALES
1759,deudor comercial,Biotecnologia,Segmento E,Segmento E,Region 6,Zona 4,0,1,0,0,0,0,1,0,0,0,1,67,Malo,Regular,F,2,Sociedad,98,31,7,34,15,71,84,33,91,73,82,4,55,10,43,0,0,0,1,1,0,1,1,0,Bueno,CON OBSERVACIONES-EVALUABLE,[1]Alta_Propension,Castigado o Sin Producto,NO,SALESFORCE -WEB
1760,deudor no comercial,Biotecnologia,Segmento E,Segmento D,Region 5,Zona 4,0,1,1,1,0,0,1,1,0,0,1,35,Malo,Regular,M,1,Sociedad,23,87,41,3,13,70,17,96,83,84,0,42,27,4,56,1,0,1,0,1,1,0,0,0,Malo,SUJETO DE CREDITO-EVALUABLE,[2]Media_Propension,Cliente Finaciado,NO,
1761,deudor no comercial,Biotecnologia,Segmento F,Segmento F,Region 6,Zona 6,0,1,0,0,0,0,1,1,1,0,1,44,Malo,Malo,M,1,Federacion,58,70,68,13,77,51,59,93,72,90,19,63,59,41,39,1,0,0,0,0,0,0,0,1,Bueno,NO SUJETO DE CREDITO,[1]Alta_Propension,Cliente Finaciado,NO,SALESFORCE -WEB
1762,deudor comercial,Pesca,Segmento F,Segmento D,Region 4,Zona 6,0,1,1,1,0,1,1,0,0,1,1,48,Excelente,Malo,M,1,SPA,46,11,9,87,21,68,13,63,56,20,21,46,9,58,87,0,1,0,0,1,1,1,0,0,Malo,CON OBSERVACIONES-EVALUABLE,[3]Baja_Propension,Cliente Finaciado,NO,SALESFORCE -WEB
1763,deudor uso medio de pago,Agricola,Segmento F,Segmento F,Region 6,Zona 4,1,0,0,1,0,0,0,0,0,0,0,72,Malo,Excelente,M,1,Sindicatos,6,41,73,0,55,76,73,96,7,42,70,85,26,68,26,0,1,1,1,1,1,1,0,1,Excelente,SUJETO DE CREDITO-EVALUABLE,[1]Alta_Propension,Castigado o Sin Producto,SI,RED SUCURSALES
1764,deudor comercial,Biotecnologia,Segmento D,Segmento F,Region 4,Zona 5,0,0,1,0,0,0,1,0,1,1,0,43,Excelente,Malo,F,2,Cooperativas,13,11,51,13,86,38,75,50,12,68,92,51,35,72,3,0,0,1,0,1,1,1,1,0,Malo,SUJETO DE CREDITO-EVALUABLE,[1]Alta_Propension,Castigado o Sin Producto,NO,RED SUCURSALES
1765,deudor no comercial,Pesca,Segmento D,Segmento D,Region 5,Zona 6,1,0,1,1,0,1,1,1,1,0,1,74,Malo,Malo,F,2,SPA,50,67,53,34,76,25,26,25,13,7,29,26,37,80,45,0,0,0,1,1,0,0,0,0,Malo,SUJETO DE CREDITO-EVALUABLE,[1]Alta_Propension,Cliente Finaciado,SI,VENTA CENTRALIZADA
1766,deudor no comercial,Pesca,Segmento F,Segmento E,Region 5,Zona 4,1,0,0,1,0,1,0,1,0,1,0,29,Excelente,Excelente,F,2,SPA,92,43,56,82,50,21,31,69,48,0,4,24,2,48,19,0,0,0,0,1,0,0,1,0,Bueno,NO SUJETO DE CREDITO,[2]Media_Propension,Castigado o Sin Producto,SI,
1767,deudor uso medio de pago,Biotecnologia,Segmento E,Segmento D,Region 5,Zona 5,1,0,1,0,0,0,1,1,0,1,1,63,Regular,Malo,F,1,Cooperativas,3,64,48,94,73,45,19,13,44,6,95,56,6,88,85,1,1,0,1,0,0,0,1,1,Malo,CON OBSERVACIONES-EVALUABLE,[2]Media_Propension,Cliente Finaciado,SI,SALESFORCE - CCL
1768,deudor no comercial,Pesca,Segmento F,Segmento E,Region 6,Zona 6,0,0,1,0,0,0,1,1,1,1,0,74,Excelente,Excelente,F,1,Federacion,58,85,31,28,61,88,2,84,34,39,48,89,57,68,3,1,1,1,0,0,0,0,0,1,Malo,NO SUJETO DE CREDITO,[1]Alta_Propension,Cliente No Financiado,NO,SALESFORCE - CCL
1769,deudor comercial,Agricola,Segmento E,Segmento E,Region 5,Zona 4,0,1,0,0,0,0,1,0,0,1,1,67,Excelente,Malo,M,2,Federacion,44,74,25,92,16,73,21,42,83,28,23,80,0,76,56,1,1,1,0,1,1,0,0,0,Bueno,CON OBSERVACIONES-EVALUABLE,[1]Alta_Propension,Cliente No Financiado,SI,VENTA CENTRALIZADA
1770,deudor comercial,Pesca,Segmento F,Segmento D,Region 6,Zona 4,1,0,0,1,0,1,0,1,1,0,1,52,Malo,Regular,M,2,SPA,73,42,87,25,33,91,9,99,14,94,39,46,34,97,75,1,0,1,0,0,1,0,0,1,Malo,SUJETO DE CREDITO-EVALUABLE,[2]Media_Propension,Cliente Finaciado,NO,
1771,deudor no comercial,Pesca,Segmento D,Segmento D,Region 5,Zona 4,1,1,0,1,0,1,1,1,1,1,1,73,Excelente,Excelente,F,1,Cooperativas,61,67,45,5,69,85,63,7,49,39,3,46,82,81,19,1,1,1,0,1,0,0,1,0,Malo,NO SUJETO DE CREDITO,[1]Alta_Propension,Cliente No Financiado,NO,
1772,deudor no comercial,Biotecnologia,Segmento F,Segmento D,Region 4,Zona 4,1,0,0,1,1,0,0,1,0,1,1,46,Regular,Regular,M,2,Sindicatos,94,49,48,41,11,11,35,80,94,67,18,0,35,91,28,0,0,1,1,0,0,1,0,1,Excelente,NO SUJETO DE CREDITO,[3]Baja_Propension,Cliente No Financiado,SI,RED SUCURSALES
1773,deudor no comercial,Biotecnologia,Segmento D,Segmento D,Region 4,Zona 5,1,0,0,1,1,0,0,0,0,1,0,39,Excelente,Regular,F,2,Sindicatos,68,35,51,28,68,19,6,24,65,12,78,55,24,90,86,0,0,0,1,1,1,1,1,0,Malo,NO SUJETO DE CREDITO,[1]Alta_Propension,Castigado o Sin Producto,SI,SALESFORCE -WEB
1774,deudor uso medio de pago,Agricola,Segmento E,Segmento D,Region 5,Zona 6,0,0,1,0,0,1,1,1,0,1,0,52,Malo,Malo,M,2,SPA,54,13,66,89,78,67,28,40,34,89,0,1,44,49,67,0,1,0,1,0,1,0,1,0,Excelente,CON OBSERVACIONES-EVALUABLE,[1]Alta_Propension,Cliente No Financiado,SI,RED SUCURSALES
1775,deudor no comercial,Pesca,Segmento F,Segmento D,Region 6,Zona 6,1,0,0,1,1,0,0,1,1,1,1,40,Malo,Malo,F,2,Sociedad,99,8,1,45,71,56,21,5,48,36,67,79,54,39,52,1,0,0,0,1,1,0,0,1,Excelente,NO SUJETO DE CREDITO,[3]Baja_Propension,Cliente Finaciado,SI,SALESFORCE -WEB
1776,deudor uso medio de pago,Agricola,Segmento E,Segmento E,Region 6,Zona 6,0,1,1,1,1,1,0,1,0,0,0,59,Malo,Excelente,F,1,SPA,93,32,52,8,49,83,12,79,25,5,82,64,65,82,47,0,1,0,0,0,0,1,0,1,Excelente,CON OBSERVACIONES-EVALUABLE,[3]Baja_Propension,Cliente Finaciado,NO,RED SUCURSALES
1777,deudor uso medio de pago,Agricola,Segmento F,Segmento D,Region 4,Zona 5,0,0,0,1,0,1,0,1,1,1,1,41,Excelente,Malo,M,1,Sindicatos,14,76,70,78,58,84,24,0,43,5,94,41,18,62,47,1,0,1,1,1,1,1,0,0,Excelente,CON OBSERVACIONES-EVALUABLE,[2]Media_Propension,Castigado o Sin Producto,NO,SALESFORCE -WEB
1778,deudor comercial,Biotecnologia,Segmento F,Segmento F,Region 4,Zona 5,1,0,1,0,1,1,0,1,1,1,1,32,Malo,Excelente,M,2,SPA,64,85,45,42,80,55,97,60,12,15,5,87,6,44,49,1,1,0,1,0,0,0,1,0,Malo,SUJETO DE CREDITO-EVALUABLE,[3]Baja_Propension,Cliente Finaciado,SI,
1779,deudor no comercial,Biotecnologia,Segmento E,Segmento F,Region 6,Zona 5,1,1,0,0,1,0,1,0,0,0,1,61,Malo,Excelente,F,1,Sindicatos,78,97,53,15,24,10,72,48,16,9,2,86,78,69,56,1,1,1,0,0,0,0,1,1,Bueno,SUJETO DE CREDITO-EVALUABLE,[2]Media_Propension,Cliente Finaciado,SI,RED SUCURSALES
1780,deudor comercial,Pesca,Segmento D,Segmento D,Region 4,Zona 5,1,1,1,0,0,1,0,1,1,1,1,18,Excelente,Regular,F,2,SPA,65,30,59,16,9,25,52,7,72,26,83,72,51,59,63,1,1,1,0,0,0,0,1,1,Excelente,NO SUJETO DE CREDITO,[1]Alta_Propension,Cliente No Financiado,NO,SALESFORCE - CCL
1781,deudor comercial,Agricola,Segmento F,Segmento F,Region 5,Zona 4,1,1,1,0,0,0,1,0,0,0,0,26,Regular,Excelente,M,1,Sindicatos,56,21,43,84,44,9,39,81,71,24,33,54,22,86,13,1,0,0,1,0,0,0,1,0,Excelente,SUJETO DE CREDITO-EVALUABLE,[1]Alta_Propension,Castigado o Sin Producto,NO,SALESFORCE -WEB
1782,deudor no comercial,Agricola,Segmento E,Segmento D,Region 6,Zona 4,1,1,1,0,1,1,1,0,0,0,1,23,Malo,Malo,F,1,Federacion,59,20,86,81,51,45,11,26,11,26,23,47,84,93,52,1,1,1,1,0,1,1,0,1,Bueno,NO SUJETO DE CREDITO,[3]Baja_Propension,Castigado o Sin Producto,NO,SALESFORCE -WEB
1783,deudor comercial,Biotecnologia,Segmento D,Segmento D,Region 5,Zona 6,1,1,1,1,1,1,0,1,0,1,1,39,Regular,Excelente,M,1,Cooperativas,23,34,87,46,52,58,65,22,34,89,74,5,28,61,6,1,0,0,1,0,0,0,0,0,Excelente,CON OBSERVACIONES-EVALUABLE,[3]Baja_Propension,Cliente Finaciado,NO,SALESFORCE - CCL
1784,deudor comercial,Pesca,Segmento D,Segmento D,Region 5,Zona 6,1,1,0,1,0,0,0,1,1,0,1,67,Regular,Malo,F,1,Cooperativas,17,37,24,8,1,52,73,28,14,25,60,81,11,32,38,0,0,0,1,1,0,1,0,1,Bueno,NO SUJETO DE CREDITO,[2]Media_Propension,Cliente No Financiado,SI,RED SUCURSALES
1785,deudor uso medio de pago,Agricola,Segmento E,Segmento F,Region 5,Zona 5,1,1,1,1,1,0,1,0,0,0,0,45,Malo,Malo,F,1,Sociedad,99,46,50,63,90,33,22,7,12,80,53,91,77,11,92,0,0,1,1,1,0,0,1,1,Bueno,SUJETO DE CREDITO-EVALUABLE,[2]Media_Propension,Castigado o Sin Producto,SI,VENTA CENTRALIZADA
1786,deudor uso medio de pago,Pesca,Segmento E,Segmento E,Region 6,Zona 4,0,0,1,1,0,1,1,0,1,0,1,28,Excelente,Excelente,M,1,Sociedad,27,74,15,47,13,20,71,32,95,23,51,38,64,95,81,1,0,1,0,1,0,1,0,1,Bueno,NO SUJETO DE CREDITO,[2]Media_Propension,Castigado o Sin Producto,SI,RED SUCURSALES
1787,deudor comercial,Pesca,Segmento E,Segmento F,Region 6,Zona 6,0,0,0,1,1,0,1,1,1,0,0,18,Excelente,Excelente,F,1,Cooperativas,76,33,73,92,36,74,95,84,78,99,28,12,3,8,10,1,0,1,0,1,1,1,1,0,Excelente,SUJETO DE CREDITO-EVALUABLE,[3]Baja_Propension,Cliente Finaciado,NO,VENTA CENTRALIZADA
1788,deudor comercial,Agricola,Segmento F,Segmento F,Region 5,Zona 4,1,1,1,1,0,1,0,0,1,1,1,56,Regular,Excelente,F,2,Federacion,48,53,17,59,11,19,14,43,73,30,65,61,36,91,73,0,1,0,0,1,1,1,0,1,Excelente,SUJETO DE CREDITO-EVALUABLE,[3]Baja_Propension,Cliente No Financiado,NO,SALESFORCE - CCL
1789,deudor comercial,Biotecnologia,Segmento F,Segmento F,Region 4,Zona 6,0,1,0,1,0,1,0,1,0,1,1,24,Regular,Excelente,M,2,SPA,70,5,13,0,77,10,9,97,70,45,10,75,42,67,37,1,0,1,1,0,0,1,0,1,Bueno,CON OBSERVACIONES-EVALUABLE,[1]Alta_Propension,Cliente Finaciado,NO,
1790,deudor comercial,Agricola,Segmento F,Segmento F,Region 5,Zona 4,0,0,0,0,0,1,1,1,1,0,0,32,Regular,Malo,F,1,SPA,39,26,30,90,85,67,20,82,4,51,38,46,85,58,37,0,0,1,1,1,1,1,1,1,Malo,SUJETO DE CREDITO-EVALUABLE,[1]Alta_Propension,Cliente No Financiado,SI,RED SUCURSALES
1791,deudor uso medio de pago,Pesca,Segmento E,Segmento E,Region 5,Zona 5,1,0,0,0,0,0,1,0,1,0,1,63,Regular,Excelente,F,2,Cooperativas,2,39,3,87,6,54,36,59,67,94,28,68,27,2,84,0,0,1,1,0,1,1,1,0,Malo,NO SUJETO DE CREDITO,[1]Alta_Propension,Cliente No Financiado,NO,
1792,deudor comercial,Biotecnologia,Segmento E,Segmento D,Region 5,Zona 6,1,0,1,1,0,1,1,0,1,0,0,39,Excelente,Regular,M,1,SPA,49,1,90,7,57,62,43,58,62,90,50,74,38,79,67,0,1,1,0,0,0,0,0,0,Bueno,NO SUJETO DE CREDITO,[1]Alta_Propension,Cliente No Financiado,SI,
1793,deudor uso medio de pago,Agricola,Segmento D,Segmento E,Region 5,Zona 4,1,1,1,0,0,1,1,1,0,1,1,54,Excelente,Malo,F,1,Cooperativas,61,88,1,64,78,58,32,87,94,47,93,85,17,16,7,0,1,1,1,0,1,1,1,0,Malo,CON OBSERVACIONES-EVALUABLE,[3]Baja_Propension,Cliente Finaciado,NO,
1794,deudor uso medio de pago,Agricola,Segmento F,Segmento D,Region 6,Zona 4,1,1,1,0,0,1,1,0,1,1,1,49,Regular,Excelente,F,1,Cooperativas,53,25,82,1,9,18,90,51,78,43,53,26,5,93,92,0,1,0,1,0,1,0,0,1,Malo,CON OBSERVACIONES-EVALUABLE,[1]Alta_Propension,Cliente Finaciado,NO,
1795,deudor comercial,Agricola,Segmento E,Segmento E,Region 6,Zona 6,1,0,1,1,0,0,1,1,0,1,0,69,Malo,Regular,M,2,SPA,29,4,29,53,43,97,4,11,3,17,88,35,19,12,36,1,1,1,0,0,1,1,0,0,Bueno,CON OBSERVACIONES-EVALUABLE,[1]Alta_Propension,Cliente Finaciado,SI,RED SUCURSALES
1796,deudor no comercial,Pesca,Segmento F,Segmento D,Region 6,Zona 4,0,1,1,1,1,0,1,0,0,1,0,23,Excelente,Malo,F,2,Sociedad,29,35,52,97,84,85,94,34,83,90,19,23,96,97,83,1,0,1,0,0,1,0,1,1,Bueno,NO SUJETO DE CREDITO,[1]Alta_Propension,Cliente No Financiado,NO,SALESFORCE -WEB
1797,deudor uso medio de pago,Pesca,Segmento F,Segmento E,Region 6,Zona 4,1,0,0,1,1,0,0,1,0,0,1,51,Malo,Excelente,F,2,Sindicatos,33,64,56,79,67,6,3,3,53,82,62,17,44,32,73,0,1,1,1,0,1,1,1,1,Bueno,CON OBSERVACIONES-EVALUABLE,[2]Media_Propension,Castigado o Sin Producto,SI,RED SUCURSALES
1798,deudor uso medio de pago,Pesca,Segmento E,Segmento E,Region 5,Zona 6,0,1,1,0,1,1,1,1,1,0,0,72,Malo,Regular,M,1,Federacion,94,12,75,53,74,93,25,99,57,47,16,63,48,91,98,1,1,1,0,0,1,0,0,0,Malo,SUJETO DE CREDITO-EVALUABLE,[2]Media_Propension,Cliente No Financiado,SI,
1799,deudor comercial,Pesca,Segmento D,Segmento F,Region 4,Zona 4,1,1,0,1,0,1,0,0,0,1,0,48,Excelente,Regular,F,2,SPA,89,32,76,95,41,39,37,51,46,65,90,89,63,18,74,0,1,0,0,1,1,0,1,0,Malo,CON OBSERVACIONES-EVALUABLE,[1]Alta_Propension,Cliente Finaciado,NO,SALESFORCE -WEB
1800,deudor no comercial,Pesca,Segmento E,Segmento E,Region 5,Zona 5,0,0,0,0,1,1,0,0,1,1,0,49,Regular,Regular,F,2,Federacion,51,41,75,65,69,74,89,17,16,56,27,60,75,40,42,0,1,0,0,1,1,1,0,1,Excelente,SUJETO DE CREDITO-EVALUABLE,[2]Media_Propension,Castigado o Sin Producto,SI,SALESFORCE -WEB
1801,deudor uso medio de pago,Agricola,Segmento F,Segmento E,Region 6,Zona 4,1,1,1,1,1,1,0,0,0,1,0,29,Regular,Excelente,M,1,Federacion,74,3,46,94,2,66,14,4,9,47,4,82,81,83,59,0,0,1,1,1,0,0,0,1,Excelente,NO SUJETO DE CREDITO,[1]Alta_Propension,Castigado o Sin Producto,SI,VENTA CENTRALIZADA
1802,deudor comercial,Biotecnologia,Segmento E,Segmento E,Region 4,Zona 5,0,0,0,0,1,0,0,1,1,1,1,59,Regular,Malo,F,1,SPA,76,4,28,6,15,63,48,53,83,33,10,63,18,32,87,1,1,1,1,1,1,0,1,0,Malo,CON OBSERVACIONES-EVALUABLE,[2]Media_Propension,Cliente No Financiado,SI,
1803,deudor no comercial,Agricola,Segmento F,Segmento F,Region 5,Zona 5,1,0,1,1,1,0,1,0,1,0,1,55,Regular,Excelente,F,2,Sindicatos,58,37,79,21,76,10,39,4,8,66,19,18,0,52,86,0,0,0,0,1,0,0,0,1,Bueno,NO SUJETO DE CREDITO,[1]Alta_Propension,Cliente No Financiado,NO,
1804,deudor uso medio de pago,Agricola,Segmento D,Segmento D,Region 5,Zona 5,0,0,1,0,1,1,1,1,0,1,1,72,Regular,Excelente,F,2,Cooperativas,7,34,63,35,59,36,61,64,70,73,96,93,67,25,58,0,0,1,0,1,1,1,0,0,Bueno,SUJETO DE CREDITO-EVALUABLE,[3]Baja_Propension,Cliente Finaciado,NO,VENTA CENTRALIZADA
1805,deudor no comercial,Biotecnologia,Segmento F,Segmento E,Region 5,Zona 4,0,1,1,0,1,1,1,1,1,0,1,48,Excelente,Malo,M,2,Sociedad,53,69,25,57,47,17,7,85,56,28,50,60,68,25,98,1,0,1,0,1,0,0,0,0,Excelente,SUJETO DE CREDITO-EVALUABLE,[3]Baja_Propension,Cliente No Financiado,SI,SALESFORCE -WEB
1806,deudor comercial,Agricola,Segmento F,Segmento E,Region 5,Zona 4,1,1,1,0,0,0,0,1,0,0,0,48,Excelente,Regular,F,1,Federacion,45,12,95,98,78,40,78,76,36,2,9,37,86,64,73,1,1,1,1,0,0,0,0,0,Excelente,CON OBSERVACIONES-EVALUABLE,[3]Baja_Propension,Castigado o Sin Producto,SI,
1807,deudor uso medio de pago,Biotecnologia,Segmento E,Segmento F,Region 4,Zona 6,1,1,0,0,0,1,1,1,0,0,1,31,Regular,Excelente,F,1,SPA,14,97,26,64,41,72,6,96,64,58,95,39,81,15,44,1,0,0,0,0,1,0,0,0,Excelente,SUJETO DE CREDITO-EVALUABLE,[1]Alta_Propension,Castigado o Sin Producto,NO,
1808,deudor no comercial,Agricola,Segmento E,Segmento F,Region 6,Zona 6,1,0,1,1,1,1,1,1,1,0,0,25,Regular,Excelente,M,1,Cooperativas,33,60,19,93,80,84,12,64,38,37,53,25,45,88,79,1,0,1,0,0,0,1,1,1,Malo,SUJETO DE CREDITO-EVALUABLE,[2]Media_Propension,Cliente No Financiado,SI,VENTA CENTRALIZADA
1809,deudor uso medio de pago,Biotecnologia,Segmento F,Segmento F,Region 4,Zona 6,0,0,0,1,1,1,0,1,0,1,0,39,Malo,Regular,M,2,SPA,16,17,6,43,59,92,86,28,66,90,25,59,81,84,9,1,0,1,0,1,1,0,0,1,Malo,NO SUJETO DE CREDITO,[3]Baja_Propension,Cliente Finaciado,NO,SALESFORCE -WEB
1810,deudor no comercial,Biotecnologia,Segmento E,Segmento F,Region 5,Zona 6,0,1,1,1,1,1,0,1,1,0,0,36,Excelente,Malo,M,1,Sociedad,61,15,64,63,11,89,59,74,83,44,28,6,38,81,80,1,0,0,0,0,0,1,0,1,Excelente,SUJETO DE CREDITO-EVALUABLE,[1]Alta_Propension,Cliente Finaciado,NO,
1811,deudor comercial,Agricola,Segmento D,Segmento E,Region 5,Zona 6,1,1,0,1,0,0,0,1,1,1,0,68,Regular,Regular,F,2,Sociedad,83,4,55,21,94,21,45,77,13,83,59,51,44,89,47,0,0,1,0,1,0,0,1,0,Malo,NO SUJETO DE CREDITO,[2]Media_Propension,Castigado o Sin Producto,SI,SALESFORCE - CCL
1812,deudor no comercial,Biotecnologia,Segmento D,Segmento E,Region 4,Zona 6,1,0,1,1,1,1,0,0,1,0,1,51,Regular,Malo,M,1,Sindicatos,30,35,97,28,29,96,73,35,14,35,62,69,59,26,81,1,0,1,0,1,1,0,0,1,Excelente,NO SUJETO DE CREDITO,[3]Baja_Propension,Castigado o Sin Producto,SI,SALESFORCE -WEB
1813,deudor comercial,Biotecnologia,Segmento D,Segmento D,Region 4,Zona 4,0,0,1,0,0,1,0,1,0,1,1,46,Regular,Regular,M,2,Cooperativas,16,72,39,1,9,71,71,33,44,6,49,53,45,41,78,1,1,1,1,1,0,0,0,1,Excelente,CON OBSERVACIONES-EVALUABLE,[1]Alta_Propension,Castigado o Sin Producto,SI,RED SUCURSALES
1814,deudor comercial,Agricola,Segmento F,Segmento D,Region 6,Zona 4,1,1,0,0,1,0,0,1,0,0,0,42,Excelente,Regular,F,1,Sociedad,10,33,25,10,46,93,17,30,88,9,67,50,70,74,11,0,0,1,1,0,1,1,1,1,Bueno,SUJETO DE CREDITO-EVALUABLE,[2]Media_Propension,Cliente No Financiado,NO,
1815,deudor comercial,Pesca,Segmento F,Segmento D,Region 5,Zona 5,0,1,0,1,1,0,1,0,1,0,1,33,Excelente,Excelente,M,2,Sindicatos,19,94,19,78,46,37,28,14,68,64,13,16,89,58,25,0,0,1,0,0,0,0,0,0,Malo,NO SUJETO DE CREDITO,[3]Baja_Propension,Castigado o Sin Producto,SI,SALESFORCE -WEB
1816,deudor no comercial,Pesca,Segmento F,Segmento D,Region 4,Zona 5,1,1,1,1,1,1,1,1,1,0,1,25,Regular,Excelente,M,1,Federacion,68,21,52,76,60,95,83,60,7,69,69,47,86,77,86,1,0,0,0,0,0,1,0,0,Excelente,SUJETO DE CREDITO-EVALUABLE,[3]Baja_Propension,Cliente Finaciado,NO,RED SUCURSALES
1817,deudor uso medio de pago,Biotecnologia,Segmento D,Segmento E,Region 4,Zona 5,0,0,0,0,0,1,0,0,0,1,1,63,Excelente,Regular,M,1,Sindicatos,5,77,10,32,34,13,42,79,45,35,84,45,28,37,28,0,0,0,1,1,0,1,0,1,Bueno,SUJETO DE CREDITO-EVALUABLE,[1]Alta_Propension,Castigado o Sin Producto,NO,
1818,deudor uso medio de pago,Agricola,Segmento D,Segmento F,Region 6,Zona 6,0,1,1,1,1,1,1,0,1,1,1,33,Regular,Regular,M,2,SPA,76,8,64,62,19,25,99,28,83,13,95,59,27,97,36,1,1,1,0,0,0,1,1,0,Malo,NO SUJETO DE CREDITO,[2]Media_Propension,Cliente Finaciado,SI,VENTA CENTRALIZADA
1819,deudor no comercial,Pesca,Segmento F,Segmento D,Region 4,Zona 6,1,0,1,0,1,1,0,1,0,1,0,48,Regular,Regular,M,1,Sindicatos,62,22,3,86,86,49,12,25,34,51,59,57,38,84,83,1,1,1,1,0,0,0,1,1,Bueno,SUJETO DE CREDITO-EVALUABLE,[2]Media_Propension,Castigado o Sin Producto,NO,SALESFORCE -WEB
1820,deudor no comercial,Agricola,Segmento F,Segmento F,Region 4,Zona 6,0,1,1,1,1,0,1,0,0,0,0,47,Regular,Malo,F,2,Sindicatos,77,43,10,67,4,22,24,9,28,96,42,22,32,20,47,0,1,0,0,1,0,0,1,1,Malo,CON OBSERVACIONES-EVALUABLE,[3]Baja_Propension,Castigado o Sin Producto,SI,SALESFORCE -WEB
1821,deudor no comercial,Pesca,Segmento E,Segmento E,Region 4,Zona 4,1,1,0,0,1,1,1,1,0,0,1,31,Malo,Excelente,F,2,Federacion,63,98,49,12,2,39,55,98,43,28,46,27,56,93,66,1,1,1,1,1,0,0,0,1,Excelente,NO SUJETO DE CREDITO,[2]Media_Propension,Castigado o Sin Producto,SI,SALESFORCE -WEB
1822,deudor comercial,Agricola,Segmento E,Segmento E,Region 6,Zona 4,1,0,0,0,0,1,0,1,0,0,0,38,Regular,Excelente,M,2,Sindicatos,78,63,82,10,72,8,44,1,87,69,1,21,78,29,62,1,0,0,0,0,0,1,0,0,Excelente,SUJETO DE CREDITO-EVALUABLE,[1]Alta_Propension,Cliente No Financiado,SI,VENTA CENTRALIZADA
1823,deudor no comercial,Agricola,Segmento F,Segmento F,Region 4,Zona 4,0,1,1,1,1,0,0,0,1,1,1,48,Malo,Excelente,F,2,SPA,15,33,58,58,41,7,48,54,65,24,37,35,19,92,51,0,1,1,0,1,1,1,1,0,Malo,NO SUJETO DE CREDITO,[3]Baja_Propension,Castigado o Sin Producto,SI,RED SUCURSALES
1824,deudor no comercial,Pesca,Segmento F,Segmento D,Region 4,Zona 4,1,1,1,0,1,0,1,1,1,1,1,30,Regular,Regular,M,1,Sindicatos,32,62,49,29,36,73,87,82,19,23,19,78,51,64,77,0,0,1,0,1,0,0,0,0,Excelente,SUJETO DE CREDITO-EVALUABLE,[2]Media_Propension,Castigado o Sin Producto,NO,RED SUCURSALES
1825,deudor no comercial,Biotecnologia,Segmento D,Segmento F,Region 6,Zona 5,1,0,1,1,1,0,0,1,1,1,1,42,Excelente,Regular,F,1,Cooperativas,97,60,60,90,29,63,54,25,78,22,82,9,66,28,84,0,1,0,1,0,1,1,1,0,Bueno,NO SUJETO DE CREDITO,[1]Alta_Propension,Cliente No Financiado,SI,SALESFORCE - CCL
1826,deudor comercial,Agricola,Segmento F,Segmento D,Region 6,Zona 5,0,1,1,1,0,0,0,1,1,0,1,30,Malo,Excelente,M,2,Federacion,2,42,60,71,3,38,0,82,98,5,81,22,80,56,55,1,0,0,0,1,0,1,1,1,Excelente,SUJETO DE CREDITO-EVALUABLE,[1]Alta_Propension,Cliente No Financiado,SI,RED SUCURSALES
1827,deudor comercial,Biotecnologia,Segmento D,Segmento D,Region 4,Zona 4,1,0,1,1,0,0,0,1,1,0,1,67,Regular,Excelente,F,2,Sociedad,2,78,2,11,54,72,14,60,58,43,78,75,77,17,68,0,1,1,1,0,1,1,1,0,Bueno,CON OBSERVACIONES-EVALUABLE,[1]Alta_Propension,Cliente No Financiado,SI,SALESFORCE - CCL
1828,deudor uso medio de pago,Pesca,Segmento F,Segmento E,Region 4,Zona 6,0,0,0,0,0,0,0,1,1,1,0,48,Excelente,Malo,F,2,Sociedad,6,51,65,38,16,54,76,22,63,20,94,20,43,89,6,0,0,0,1,0,1,1,1,1,Excelente,SUJETO DE CREDITO-EVALUABLE,[3]Baja_Propension,Cliente Finaciado,NO,SALESFORCE - CCL
1829,deudor no comercial,Biotecnologia,Segmento D,Segmento F,Region 4,Zona 4,0,1,1,0,1,0,1,1,1,1,0,25,Excelente,Regular,F,2,Cooperativas,32,40,10,2,2,74,10,69,5,89,96,22,96,27,44,1,1,0,0,1,0,0,1,1,Malo,CON OBSERVACIONES-EVALUABLE,[1]Alta_Propension,Castigado o Sin Producto,NO,VENTA CENTRALIZADA
1830,deudor uso medio de pago,Biotecnologia,Segmento E,Segmento E,Region 4,Zona 5,1,0,0,0,0,0,1,0,1,0,1,31,Regular,Malo,F,2,Cooperativas,65,2,3,85,18,33,44,60,35,17,66,66,22,64,30,1,1,0,1,1,1,0,1,1,Bueno,CON OBSERVACIONES-EVALUABLE,[2]Media_Propension,Castigado o Sin Producto,NO,
1831,deudor uso medio de pago,Biotecnologia,Segmento F,Segmento F,Region 5,Zona 4,1,1,0,0,1,1,1,1,1,1,0,54,Regular,Regular,F,2,Cooperativas,36,37,79,49,71,52,68,90,4,37,79,31,89,95,92,0,1,0,1,1,1,0,1,1,Malo,CON OBSERVACIONES-EVALUABLE,[1]Alta_Propension,Castigado o Sin Producto,NO,
1832,deudor no comercial,Agricola,Segmento F,Segmento E,Region 5,Zona 5,1,0,1,0,0,1,1,0,0,0,1,50,Malo,Regular,F,1,Sociedad,2,48,57,0,20,3,81,21,27,25,59,50,58,77,7,0,1,0,0,1,0,1,1,1,Bueno,NO SUJETO DE CREDITO,[1]Alta_Propension,Cliente No Financiado,SI,RED SUCURSALES
1833,deudor uso medio de pago,Pesca,Segmento D,Segmento D,Region 6,Zona 6,1,1,0,1,0,0,0,1,1,0,0,45,Excelente,Excelente,M,2,Sindicatos,54,9,10,49,41,61,36,32,23,68,63,47,29,47,78,0,1,0,1,0,0,0,1,0,Bueno,SUJETO DE CREDITO-EVALUABLE,[2]Media_Propension,Castigado o Sin Producto,NO,SALESFORCE -WEB
1834,deudor no comercial,Pesca,Segmento F,Segmento D,Region 4,Zona 6,1,0,0,1,0,1,1,1,0,1,1,74,Malo,Excelente,M,1,SPA,8,46,24,44,56,45,46,74,55,47,51,81,63,74,33,1,1,1,1,0,1,0,0,1,Malo,CON OBSERVACIONES-EVALUABLE,[2]Media_Propension,Castigado o Sin Producto,NO,VENTA CENTRALIZADA
1835,deudor no comercial,Pesca,Segmento E,Segmento E,Region 4,Zona 4,0,1,0,0,0,0,0,1,0,0,0,29,Malo,Regular,M,1,SPA,6,2,73,29,70,36,15,66,0,89,31,41,97,91,45,0,0,1,1,1,1,1,1,1,Bueno,CON OBSERVACIONES-EVALUABLE,[3]Baja_Propension,Castigado o Sin Producto,SI,VENTA CENTRALIZADA
1836,deudor uso medio de pago,Agricola,Segmento F,Segmento E,Region 4,Zona 5,0,1,0,1,0,0,1,0,0,0,1,57,Malo,Excelente,M,1,Sindicatos,39,21,66,54,67,23,50,22,22,38,58,49,20,39,57,0,1,1,0,0,1,1,0,0,Excelente,NO SUJETO DE CREDITO,[3]Baja_Propension,Cliente Finaciado,NO,SALESFORCE - CCL
1837,deudor comercial,Pesca,Segmento E,Segmento F,Region 5,Zona 5,1,0,1,1,0,0,1,1,0,0,0,30,Excelente,Excelente,M,1,Cooperativas,57,0,27,60,53,65,91,67,66,44,19,30,21,48,45,1,1,0,0,1,1,1,0,1,Bueno,CON OBSERVACIONES-EVALUABLE,[3]Baja_Propension,Cliente Finaciado,SI,SALESFORCE - CCL
1838,deudor comercial,Pesca,Segmento F,Segmento D,Region 6,Zona 6,0,1,0,0,1,0,1,0,1,1,1,19,Regular,Excelente,F,1,SPA,38,89,18,3,0,74,48,68,14,14,77,92,26,40,97,1,1,0,0,0,1,1,0,1,Bueno,CON OBSERVACIONES-EVALUABLE,[2]Media_Propension,Cliente Finaciado,SI,
1839,deudor uso medio de pago,Pesca,Segmento D,Segmento F,Region 5,Zona 6,0,1,0,1,0,1,0,0,1,1,1,27,Malo,Malo,M,2,SPA,92,44,11,60,81,18,25,58,21,26,50,55,73,52,51,0,0,0,0,0,1,1,0,1,Excelente,CON OBSERVACIONES-EVALUABLE,[2]Media_Propension,Cliente No Financiado,SI,RED SUCURSALES
1840,deudor comercial,Agricola,Segmento D,Segmento E,Region 5,Zona 6,0,1,1,1,1,1,1,1,0,1,0,68,Malo,Regular,M,2,Cooperativas,67,72,45,95,80,46,76,17,65,46,39,97,85,71,16,0,1,1,0,0,0,0,0,1,Malo,SUJETO DE CREDITO-EVALUABLE,[1]Alta_Propension,Cliente Finaciado,SI,SALESFORCE -WEB
1841,deudor uso medio de pago,Biotecnologia,Segmento F,Segmento D,Region 5,Zona 6,0,0,1,0,0,0,0,0,1,0,0,67,Excelente,Excelente,M,2,Sindicatos,88,36,63,38,19,0,90,96,93,28,94,72,27,95,89,1,0,1,1,1,1,1,0,0,Excelente,NO SUJETO DE CREDITO,[1]Alta_Propension,Cliente Finaciado,SI,RED SUCURSALES
1842,deudor comercial,Pesca,Segmento F,Segmento D,Region 5,Zona 4,1,0,1,1,1,1,1,1,0,1,0,37,Excelente,Malo,F,2,Sindicatos,64,54,15,12,65,37,27,88,11,2,34,42,12,62,58,1,1,1,1,1,0,1,1,1,Malo,CON OBSERVACIONES-EVALUABLE,[3]Baja_Propension,Castigado o Sin Producto,NO,SALESFORCE -WEB
1843,deudor comercial,Agricola,Segmento E,Segmento D,Region 4,Zona 6,0,0,0,1,1,0,0,1,0,1,0,33,Excelente,Regular,F,2,Cooperativas,66,77,86,27,28,58,68,26,73,72,70,70,52,65,68,1,1,1,1,0,0,0,1,0,Malo,CON OBSERVACIONES-EVALUABLE,[2]Media_Propension,Cliente Finaciado,NO,SALESFORCE -WEB
1844,deudor uso medio de pago,Agricola,Segmento F,Segmento E,Region 4,Zona 4,1,0,0,0,1,1,0,1,1,1,0,33,Excelente,Malo,F,1,Federacion,65,26,41,97,27,29,33,83,39,16,68,78,62,22,40,1,1,1,1,0,0,0,0,0,Malo,CON OBSERVACIONES-EVALUABLE,[2]Media_Propension,Cliente Finaciado,NO,SALESFORCE -WEB
1845,deudor uso medio de pago,Pesca,Segmento E,Segmento E,Region 6,Zona 5,0,1,0,0,1,1,1,0,1,0,0,68,Malo,Regular,M,2,Sindicatos,58,59,16,54,72,67,26,19,55,77,36,42,84,41,98,1,0,0,1,1,1,1,0,1,Excelente,CON OBSERVACIONES-EVALUABLE,[3]Baja_Propension,Cliente No Financiado,NO,RED SUCURSALES
1846,deudor uso medio de pago,Biotecnologia,Segmento E,Segmento E,Region 5,Zona 6,1,0,1,1,0,1,1,0,1,0,1,40,Regular,Malo,M,2,Federacion,71,2,98,8,25,4,42,96,52,19,24,14,73,31,49,0,0,1,1,1,0,1,1,0,Malo,SUJETO DE CREDITO-EVALUABLE,[3]Baja_Propension,Cliente Finaciado,NO,
1847,deudor no comercial,Agricola,Segmento F,Segmento E,Region 4,Zona 5,1,1,0,1,0,1,0,1,1,1,0,44,Malo,Malo,M,2,Cooperativas,11,30,42,19,67,58,53,84,99,87,54,44,17,64,68,1,1,0,1,1,1,0,0,0,Bueno,CON OBSERVACIONES-EVALUABLE,[1]Alta_Propension,Cliente Finaciado,SI,SALESFORCE - CCL
1848,deudor comercial,Pesca,Segmento D,Segmento E,Region 6,Zona 5,0,0,0,0,0,1,1,1,1,0,1,34,Regular,Malo,M,2,SPA,23,43,15,84,69,11,34,13,47,15,65,85,18,19,49,1,1,1,0,0,0,1,0,0,Excelente,CON OBSERVACIONES-EVALUABLE,[2]Media_Propension,Cliente No Financiado,SI,RED SUCURSALES
1849,deudor no comercial,Agricola,Segmento E,Segmento D,Region 4,Zona 6,1,0,1,1,0,0,0,0,1,1,0,36,Malo,Malo,F,1,Sindicatos,48,39,84,77,6,70,98,57,57,7,64,9,14,66,50,0,0,1,0,1,0,0,1,0,Excelente,NO SUJETO DE CREDITO,[3]Baja_Propension,Castigado o Sin Producto,SI,SALESFORCE - CCL
1850,deudor uso medio de pago,Pesca,Segmento F,Segmento E,Region 4,Zona 5,0,0,0,0,0,0,1,1,1,1,1,63,Excelente,Regular,F,1,SPA,84,12,31,88,9,58,78,50,34,26,55,68,41,3,36,0,1,0,1,0,0,0,0,1,Bueno,NO SUJETO DE CREDITO,[3]Baja_Propension,Cliente No Financiado,SI,SALESFORCE - CCL
1851,deudor no comercial,Pesca,Segmento D,Segmento D,Region 5,Zona 5,0,1,0,1,1,1,0,1,1,1,1,37,Malo,Malo,F,1,Sociedad,4,97,57,35,66,3,21,10,75,46,27,26,98,60,1,1,1,1,0,1,0,1,0,0,Bueno,NO SUJETO DE CREDITO,[2]Media_Propension,Castigado o Sin Producto,NO,SALESFORCE -WEB
1852,deudor comercial,Pesca,Segmento F,Segmento D,Region 5,Zona 4,0,1,0,1,1,1,0,1,1,1,1,47,Regular,Excelente,F,1,Cooperativas,87,9,39,74,28,54,77,71,88,27,37,35,14,87,35,1,1,0,0,1,1,0,1,0,Excelente,NO SUJETO DE CREDITO,[1]Alta_Propension,Castigado o Sin Producto,SI,VENTA CENTRALIZADA
1853,deudor no comercial,Pesca,Segmento E,Segmento F,Region 6,Zona 4,0,0,0,1,0,1,0,1,1,0,0,24,Regular,Excelente,M,1,SPA,64,82,95,49,18,28,4,18,63,59,19,78,5,38,8,0,0,0,1,1,1,1,0,1,Malo,CON OBSERVACIONES-EVALUABLE,[3]Baja_Propension,Cliente Finaciado,SI,VENTA CENTRALIZADA
1854,deudor comercial,Biotecnologia,Segmento D,Segmento D,Region 4,Zona 6,0,1,0,0,1,0,1,1,1,1,0,26,Regular,Excelente,M,2,Sindicatos,63,43,79,28,62,12,87,67,96,9,66,56,63,94,43,0,0,1,0,0,1,0,0,1,Malo,SUJETO DE CREDITO-EVALUABLE,[1]Alta_Propension,Cliente No Financiado,SI,
1855,deudor no comercial,Agricola,Segmento D,Segmento E,Region 4,Zona 4,1,0,0,1,1,1,0,1,0,1,1,54,Excelente,Regular,M,1,Cooperativas,28,87,66,54,31,68,19,24,89,4,37,28,5,38,42,1,1,1,1,1,1,0,1,1,Malo,CON OBSERVACIONES-EVALUABLE,[1]Alta_Propension,Castigado o Sin Producto,SI,
1856,deudor no comercial,Agricola,Segmento E,Segmento D,Region 4,Zona 4,0,0,1,1,0,1,0,1,0,1,0,72,Malo,Regular,M,2,Cooperativas,28,22,72,12,76,0,31,30,32,34,43,11,43,14,92,0,0,1,1,0,1,1,0,1,Bueno,CON OBSERVACIONES-EVALUABLE,[2]Media_Propension,Cliente No Financiado,SI,
1857,deudor comercial,Agricola,Segmento F,Segmento F,Region 4,Zona 5,1,0,0,1,1,0,1,0,1,0,0,61,Excelente,Malo,F,2,Sociedad,4,35,39,27,99,55,57,24,21,72,91,79,97,67,39,0,0,1,1,1,1,1,1,0,Malo,SUJETO DE CREDITO-EVALUABLE,[2]Media_Propension,Castigado o Sin Producto,SI,VENTA CENTRALIZADA
1858,deudor no comercial,Agricola,Segmento E,Segmento D,Region 5,Zona 4,1,0,0,0,0,1,1,0,1,1,1,35,Malo,Malo,M,1,Sociedad,86,14,76,45,15,56,9,43,91,30,18,84,35,1,79,0,0,1,1,1,0,0,1,0,Malo,CON OBSERVACIONES-EVALUABLE,[2]Media_Propension,Castigado o Sin Producto,NO,SALESFORCE - CCL
1859,deudor comercial,Agricola,Segmento F,Segmento F,Region 6,Zona 6,1,0,0,0,0,0,0,0,0,1,1,40,Malo,Regular,M,2,Sociedad,99,87,78,86,13,45,90,82,79,0,82,24,52,46,84,1,0,1,1,1,1,1,0,0,Malo,NO SUJETO DE CREDITO,[3]Baja_Propension,Cliente No Financiado,SI,
1860,deudor uso medio de pago,Agricola,Segmento F,Segmento F,Region 6,Zona 6,1,0,0,0,0,1,0,1,1,1,0,67,Excelente,Excelente,F,2,Federacion,15,88,7,30,3,73,8,1,71,70,42,94,61,37,36,1,0,1,1,0,1,0,1,0,Bueno,CON OBSERVACIONES-EVALUABLE,[2]Media_Propension,Castigado o Sin Producto,SI,RED SUCURSALES
1861,deudor no comercial,Biotecnologia,Segmento D,Segmento E,Region 4,Zona 6,0,1,0,0,1,1,1,0,1,0,1,56,Excelente,Regular,M,1,Federacion,51,60,44,36,61,38,60,52,69,93,64,8,71,48,29,0,1,0,1,1,0,1,1,0,Bueno,SUJETO DE CREDITO-EVALUABLE,[1]Alta_Propension,Castigado o Sin Producto,SI,
1862,deudor no comercial,Biotecnologia,Segmento D,Segmento D,Region 5,Zona 4,1,1,0,1,1,1,0,0,1,0,1,50,Excelente,Regular,F,1,SPA,7,40,10,70,16,17,49,92,61,73,15,84,79,88,63,1,1,1,1,0,0,1,0,1,Bueno,SUJETO DE CREDITO-EVALUABLE,[2]Media_Propension,Castigado o Sin Producto,NO,SALESFORCE -WEB
1863,deudor uso medio de pago,Agricola,Segmento E,Segmento D,Region 4,Zona 6,0,1,1,1,0,1,0,0,0,0,1,38,Excelente,Excelente,M,1,Sociedad,40,44,62,11,64,9,54,49,39,82,42,43,77,49,87,0,1,1,0,1,1,1,0,0,Excelente,SUJETO DE CREDITO-EVALUABLE,[3]Baja_Propension,Cliente No Financiado,NO,SALESFORCE - CCL
1864,deudor uso medio de pago,Biotecnologia,Segmento F,Segmento D,Region 5,Zona 4,1,1,1,1,1,1,0,0,1,1,1,41,Malo,Excelente,M,1,Federacion,84,53,69,4,89,66,90,22,0,32,72,53,81,90,9,0,1,0,1,0,1,1,1,1,Bueno,CON OBSERVACIONES-EVALUABLE,[1]Alta_Propension,Cliente Finaciado,NO,VENTA CENTRALIZADA
1865,deudor uso medio de pago,Biotecnologia,Segmento E,Segmento F,Region 5,Zona 5,0,1,1,1,1,0,1,1,1,1,1,42,Excelente,Regular,F,1,Sociedad,68,89,27,9,65,10,30,53,89,99,11,42,29,29,31,0,0,1,0,0,1,1,0,1,Malo,NO SUJETO DE CREDITO,[2]Media_Propension,Cliente No Financiado,NO,SALESFORCE -WEB
1866,deudor no comercial,Pesca,Segmento E,Segmento F,Region 5,Zona 4,0,1,1,1,0,1,1,1,1,1,0,50,Malo,Malo,F,2,Cooperativas,95,19,94,18,90,98,11,14,75,10,80,47,51,34,40,0,0,1,1,1,1,1,0,0,Malo,SUJETO DE CREDITO-EVALUABLE,[2]Media_Propension,Cliente No Financiado,NO,RED SUCURSALES
1867,deudor uso medio de pago,Pesca,Segmento E,Segmento D,Region 5,Zona 4,0,1,0,1,1,0,1,1,0,1,1,66,Regular,Malo,F,2,SPA,57,86,31,69,14,89,64,88,8,75,38,66,14,31,85,0,0,1,1,1,1,0,0,1,Malo,CON OBSERVACIONES-EVALUABLE,[2]Media_Propension,Cliente No Financiado,NO,SALESFORCE - CCL
1868,deudor comercial,Biotecnologia,Segmento D,Segmento D,Region 5,Zona 4,1,1,0,1,0,1,1,1,0,1,1,36,Regular,Excelente,F,1,Sociedad,3,96,66,53,41,33,95,43,23,35,56,95,3,76,32,0,1,1,1,1,0,0,0,0,Bueno,CON OBSERVACIONES-EVALUABLE,[3]Baja_Propension,Castigado o Sin Producto,NO,SALESFORCE - CCL
1869,deudor comercial,Biotecnologia,Segmento D,Segmento F,Region 6,Zona 4,1,1,1,1,1,1,1,0,1,0,0,56,Malo,Regular,M,1,Sindicatos,15,62,89,40,75,25,23,30,69,18,37,42,84,48,24,0,0,1,0,0,1,1,1,0,Excelente,CON OBSERVACIONES-EVALUABLE,[3]Baja_Propension,Cliente Finaciado,SI,
1870,deudor uso medio de pago,Biotecnologia,Segmento E,Segmento F,Region 5,Zona 4,0,0,0,0,0,1,1,1,0,1,1,54,Excelente,Regular,F,2,Cooperativas,66,86,60,99,59,44,16,51,78,7,42,65,58,43,41,1,0,1,0,1,1,0,1,1,Excelente,NO SUJETO DE CREDITO,[1]Alta_Propension,Castigado o Sin Producto,NO,SALESFORCE - CCL
1871,deudor no comercial,Biotecnologia,Segmento D,Segmento D,Region 5,Zona 6,0,0,1,1,1,1,0,0,1,0,0,48,Excelente,Malo,M,2,Federacion,18,11,93,10,54,91,67,97,58,38,39,94,61,97,33,0,0,1,1,0,0,1,1,0,Bueno,NO SUJETO DE CREDITO,[1]Alta_Propension,Cliente Finaciado,SI,
1872,deudor comercial,Biotecnologia,Segmento D,Segmento E,Region 5,Zona 4,0,1,0,0,1,0,1,1,1,0,1,38,Regular,Regular,M,2,Cooperativas,65,31,92,3,56,78,66,13,66,89,29,73,1,12,65,0,0,1,1,1,1,0,0,0,Excelente,SUJETO DE CREDITO-EVALUABLE,[2]Media_Propension,Cliente No Financiado,NO,VENTA CENTRALIZADA
1873,deudor comercial,Biotecnologia,Segmento E,Segmento D,Region 6,Zona 4,0,0,0,1,0,1,1,0,0,1,1,61,Regular,Regular,M,2,Federacion,61,31,78,15,30,7,77,62,92,39,87,23,4,69,73,0,1,1,0,0,0,0,1,1,Malo,NO SUJETO DE CREDITO,[2]Media_Propension,Castigado o Sin Producto,SI,VENTA CENTRALIZADA
1874,deudor no comercial,Agricola,Segmento E,Segmento D,Region 6,Zona 6,0,1,0,1,0,0,0,1,1,0,0,51,Malo,Regular,F,1,SPA,1,24,19,43,50,88,4,87,91,0,14,67,38,77,92,1,1,1,1,0,1,0,1,1,Bueno,CON OBSERVACIONES-EVALUABLE,[1]Alta_Propension,Cliente No Financiado,SI,SALESFORCE - CCL
1875,deudor comercial,Agricola,Segmento E,Segmento E,Region 4,Zona 4,0,1,1,0,0,1,1,1,1,1,0,59,Regular,Malo,F,2,Federacion,9,95,91,95,98,34,97,77,79,48,64,73,77,21,87,1,1,0,1,1,0,0,0,1,Excelente,NO SUJETO DE CREDITO,[3]Baja_Propension,Cliente Finaciado,SI,
1876,deudor comercial,Agricola,Segmento D,Segmento E,Region 6,Zona 4,1,1,0,1,0,1,0,1,0,0,0,59,Regular,Excelente,F,1,Sindicatos,70,62,13,0,47,25,73,85,52,63,59,76,89,40,28,1,0,1,0,1,0,0,0,0,Excelente,SUJETO DE CREDITO-EVALUABLE,[3]Baja_Propension,Cliente Finaciado,SI,
1877,deudor comercial,Agricola,Segmento F,Segmento D,Region 6,Zona 4,0,1,1,1,1,1,0,1,1,1,0,42,Excelente,Malo,M,1,Cooperativas,62,31,78,63,52,72,11,4,77,39,26,20,48,44,39,1,1,0,0,0,1,0,0,0,Bueno,SUJETO DE CREDITO-EVALUABLE,[2]Media_Propension,Cliente Finaciado,NO,RED SUCURSALES
1878,deudor no comercial,Biotecnologia,Segmento F,Segmento F,Region 6,Zona 4,0,0,1,1,1,0,0,1,1,0,1,25,Regular,Excelente,M,2,Cooperativas,17,86,14,87,76,99,66,97,68,41,11,97,95,46,34,1,1,1,1,0,0,0,0,0,Bueno,CON OBSERVACIONES-EVALUABLE,[3]Baja_Propension,Castigado o Sin Producto,SI,VENTA CENTRALIZADA
1879,deudor comercial,Pesca,Segmento E,Segmento E,Region 5,Zona 6,0,0,1,0,0,1,0,0,0,1,0,54,Regular,Malo,M,2,Sindicatos,84,99,54,69,99,97,23,5,11,73,97,43,99,81,68,1,1,0,0,0,1,1,0,1,Excelente,SUJETO DE CREDITO-EVALUABLE,[2]Media_Propension,Cliente Finaciado,SI,RED SUCURSALES
1880,deudor comercial,Agricola,Segmento E,Segmento F,Region 5,Zona 4,0,1,0,0,1,0,0,1,0,0,0,62,Regular,Excelente,F,1,Federacion,22,72,86,53,82,10,3,78,35,38,99,81,96,20,67,0,1,0,0,0,1,1,1,0,Excelente,NO SUJETO DE CREDITO,[3]Baja_Propension,Cliente Finaciado,NO,
1881,deudor comercial,Pesca,Segmento F,Segmento E,Region 6,Zona 4,0,0,1,0,1,1,1,0,0,1,1,42,Regular,Excelente,M,1,Sociedad,69,11,1,65,28,39,63,42,54,24,10,51,68,95,81,0,0,1,0,0,1,0,1,0,Malo,CON OBSERVACIONES-EVALUABLE,[1]Alta_Propension,Castigado o Sin Producto,SI,RED SUCURSALES
1882,deudor uso medio de pago,Biotecnologia,Segmento F,Segmento E,Region 5,Zona 5,0,1,0,0,0,1,0,1,0,1,0,71,Excelente,Regular,F,1,Federacion,36,33,60,13,93,24,22,49,22,42,3,93,64,46,11,0,1,0,0,1,1,0,1,0,Excelente,NO SUJETO DE CREDITO,[3]Baja_Propension,Cliente Finaciado,NO,SALESFORCE -WEB
1883,deudor uso medio de pago,Agricola,Segmento D,Segmento E,Region 5,Zona 4,1,0,0,0,0,0,0,0,1,0,1,44,Excelente,Malo,M,2,Federacion,36,2,40,57,84,0,85,8,59,50,83,12,38,54,20,1,1,1,0,1,0,1,1,0,Malo,NO SUJETO DE CREDITO,[2]Media_Propension,Cliente Finaciado,NO,
1884,deudor comercial,Pesca,Segmento D,Segmento D,Region 5,Zona 4,1,0,1,0,0,1,0,1,1,0,0,43,Excelente,Malo,M,2,Sindicatos,17,93,97,99,63,72,50,44,96,37,66,83,84,16,51,0,0,1,1,1,1,1,0,1,Excelente,NO SUJETO DE CREDITO,[2]Media_Propension,Cliente Finaciado,SI,SALESFORCE -WEB
1885,deudor comercial,Agricola,Segmento D,Segmento D,Region 5,Zona 6,0,1,1,1,1,1,1,1,1,1,1,61,Malo,Excelente,F,1,Sindicatos,57,11,13,63,79,14,9,83,13,86,35,42,83,42,71,1,1,0,1,1,0,1,1,1,Malo,SUJETO DE CREDITO-EVALUABLE,[2]Media_Propension,Castigado o Sin Producto,NO,RED SUCURSALES
1886,deudor comercial,Biotecnologia,Segmento F,Segmento D,Region 5,Zona 6,1,1,1,1,0,1,0,0,0,0,1,52,Excelente,Excelente,M,2,Federacion,38,57,64,6,72,65,46,23,54,80,2,25,19,46,50,0,1,1,0,0,0,1,0,1,Malo,SUJETO DE CREDITO-EVALUABLE,[2]Media_Propension,Castigado o Sin Producto,NO,VENTA CENTRALIZADA
1887,deudor no comercial,Biotecnologia,Segmento E,Segmento D,Region 5,Zona 4,1,1,0,0,0,1,0,0,1,0,0,31,Malo,Regular,F,1,SPA,10,19,88,96,10,63,76,54,13,6,28,60,93,41,98,1,0,0,0,0,1,1,0,1,Bueno,CON OBSERVACIONES-EVALUABLE,[3]Baja_Propension,Cliente Finaciado,SI,SALESFORCE -WEB
1888,deudor comercial,Pesca,Segmento D,Segmento F,Region 4,Zona 6,1,0,0,0,0,0,0,1,0,0,0,62,Excelente,Excelente,F,1,Cooperativas,1,44,95,79,11,92,63,26,2,68,40,42,22,15,40,1,0,0,1,1,1,0,0,1,Excelente,NO SUJETO DE CREDITO,[2]Media_Propension,Cliente No Financiado,SI,RED SUCURSALES
1889,deudor uso medio de pago,Biotecnologia,Segmento D,Segmento F,Region 4,Zona 5,1,1,0,0,0,1,1,0,1,1,1,18,Malo,Excelente,F,1,Sindicatos,15,9,3,75,87,37,13,16,55,40,93,52,79,40,47,0,0,0,1,1,1,0,0,0,Excelente,CON OBSERVACIONES-EVALUABLE,[3]Baja_Propension,Cliente Finaciado,NO,VENTA CENTRALIZADA
1890,deudor comercial,Biotecnologia,Segmento F,Segmento E,Region 6,Zona 5,1,1,0,0,1,0,0,1,1,0,1,44,Excelente,Regular,M,1,Sociedad,2,86,29,95,76,57,33,47,52,47,75,7,3,26,63,0,0,1,0,0,0,0,1,0,Excelente,CON OBSERVACIONES-EVALUABLE,[1]Alta_Propension,Cliente No Financiado,SI,VENTA CENTRALIZADA
1891,deudor comercial,Agricola,Segmento D,Segmento D,Region 4,Zona 6,1,0,0,0,1,0,0,0,1,1,1,62,Malo,Malo,F,2,Sindicatos,25,46,31,24,21,64,1,53,1,32,18,8,14,35,4,0,0,1,0,1,1,0,1,1,Excelente,CON OBSERVACIONES-EVALUABLE,[3]Baja_Propension,Castigado o Sin Producto,NO,SALESFORCE -WEB
1892,deudor no comercial,Pesca,Segmento E,Segmento E,Region 5,Zona 6,1,1,0,0,1,1,1,0,1,0,0,64,Regular,Excelente,F,1,Sociedad,90,81,11,89,4,85,8,70,73,65,46,82,30,88,67,1,0,1,0,1,0,1,0,0,Excelente,NO SUJETO DE CREDITO,[2]Media_Propension,Cliente No Financiado,NO,
1893,deudor comercial,Agricola,Segmento D,Segmento D,Region 4,Zona 4,1,1,0,1,1,1,0,1,0,1,0,51,Excelente,Excelente,M,2,Sociedad,53,44,49,12,88,53,21,50,84,41,80,48,0,47,90,0,1,1,0,1,0,0,1,0,Malo,CON OBSERVACIONES-EVALUABLE,[3]Baja_Propension,Castigado o Sin Producto,SI,
1894,deudor uso medio de pago,Biotecnologia,Segmento D,Segmento E,Region 5,Zona 4,1,0,0,1,1,0,0,1,1,0,1,68,Excelente,Excelente,M,1,Sociedad,55,59,40,66,26,14,83,58,52,2,59,65,58,59,57,0,1,0,1,1,0,0,0,0,Excelente,SUJETO DE CREDITO-EVALUABLE,[3]Baja_Propension,Castigado o Sin Producto,NO,SALESFORCE -WEB
1895,deudor comercial,Agricola,Segmento E,Segmento D,Region 5,Zona 4,0,0,0,0,0,1,0,0,0,1,0,52,Malo,Malo,F,1,SPA,83,23,36,92,24,65,58,55,75,69,86,25,67,95,47,1,0,1,1,0,0,1,0,0,Malo,CON OBSERVACIONES-EVALUABLE,[2]Media_Propension,Castigado o Sin Producto,NO,SALESFORCE -WEB
1896,deudor no comercial,Agricola,Segmento E,Segmento E,Region 6,Zona 4,1,1,1,0,0,0,0,1,1,1,0,69,Regular,Excelente,M,1,Sindicatos,83,96,54,25,93,67,43,89,33,36,36,28,35,29,84,1,0,0,1,0,1,0,0,0,Excelente,CON OBSERVACIONES-EVALUABLE,[3]Baja_Propension,Cliente No Financiado,NO,SALESFORCE -WEB
1897,deudor comercial,Pesca,Segmento F,Segmento F,Region 5,Zona 4,1,1,1,1,0,1,0,1,1,1,0,44,Excelente,Regular,M,2,Sociedad,38,82,31,77,40,80,1,51,22,8,90,89,47,0,40,0,1,1,1,0,1,0,0,0,Bueno,NO SUJETO DE CREDITO,[2]Media_Propension,Cliente No Financiado,SI,
1898,deudor uso medio de pago,Pesca,Segmento F,Segmento E,Region 5,Zona 4,0,0,1,0,1,0,0,0,1,0,0,68,Malo,Regular,M,1,Federacion,29,68,87,75,10,32,80,97,58,50,21,38,50,68,38,0,0,0,0,1,0,0,0,1,Bueno,NO SUJETO DE CREDITO,[2]Media_Propension,Cliente No Financiado,SI,SALESFORCE -WEB
1899,deudor uso medio de pago,Biotecnologia,Segmento F,Segmento F,Region 5,Zona 6,0,0,0,0,0,0,1,1,1,0,1,34,Regular,Malo,F,1,Cooperativas,47,59,62,33,63,3,26,8,32,71,8,97,73,77,94,1,0,1,0,1,0,0,0,0,Bueno,CON OBSERVACIONES-EVALUABLE,[1]Alta_Propension,Castigado o Sin Producto,SI,
1900,deudor uso medio de pago,Pesca,Segmento E,Segmento D,Region 5,Zona 4,0,1,0,1,1,0,0,1,0,1,1,73,Regular,Excelente,M,1,Sociedad,59,87,30,74,5,44,59,67,90,76,12,80,97,79,23,1,1,1,0,1,1,0,0,1,Malo,CON OBSERVACIONES-EVALUABLE,[1]Alta_Propension,Cliente No Financiado,SI,SALESFORCE -WEB
1901,deudor uso medio de pago,Biotecnologia,Segmento E,Segmento F,Region 4,Zona 6,1,0,0,0,1,0,1,0,1,0,1,30,Malo,Excelente,M,1,Sociedad,94,81,88,81,72,23,23,3,76,96,64,32,9,79,58,0,0,0,0,0,0,1,1,0,Malo,SUJETO DE CREDITO-EVALUABLE,[2]Media_Propension,Castigado o Sin Producto,NO,RED SUCURSALES
1902,deudor comercial,Pesca,Segmento E,Segmento E,Region 6,Zona 4,1,0,0,0,0,1,1,0,0,0,0,39,Regular,Regular,F,2,SPA,0,89,64,20,6,91,4,50,2,57,6,66,20,96,88,0,1,1,0,1,0,1,0,0,Excelente,CON OBSERVACIONES-EVALUABLE,[2]Media_Propension,Cliente Finaciado,SI,RED SUCURSALES
1903,deudor no comercial,Agricola,Segmento E,Segmento D,Region 6,Zona 5,0,1,1,0,1,0,0,1,1,1,0,22,Malo,Malo,M,1,SPA,99,63,78,28,61,46,71,2,65,5,13,35,48,30,45,0,0,1,0,0,1,0,1,1,Excelente,NO SUJETO DE CREDITO,[3]Baja_Propension,Cliente No Financiado,SI,
1904,deudor uso medio de pago,Biotecnologia,Segmento F,Segmento F,Region 4,Zona 5,1,1,0,0,1,0,0,0,1,0,1,71,Regular,Regular,F,1,Sociedad,19,76,88,76,64,91,58,94,9,59,7,68,15,26,48,0,0,1,1,0,1,0,0,0,Malo,CON OBSERVACIONES-EVALUABLE,[3]Baja_Propension,Cliente Finaciado,NO,SALESFORCE - CCL
1905,deudor uso medio de pago,Pesca,Segmento F,Segmento E,Region 5,Zona 6,1,0,0,1,0,0,0,0,1,1,1,21,Regular,Excelente,M,1,Federacion,54,6,71,19,90,6,88,29,93,82,48,71,87,66,11,1,1,1,1,0,1,0,1,0,Bueno,NO SUJETO DE CREDITO,[1]Alta_Propension,Cliente No Financiado,NO,RED SUCURSALES
1906,deudor uso medio de pago,Agricola,Segmento D,Segmento E,Region 6,Zona 6,0,0,1,1,1,1,0,1,0,1,0,20,Excelente,Excelente,M,1,SPA,76,96,90,2,8,99,61,54,52,49,7,83,8,69,87,1,0,0,1,1,1,1,1,0,Bueno,CON OBSERVACIONES-EVALUABLE,[1]Alta_Propension,Castigado o Sin Producto,SI,RED SUCURSALES
1907,deudor comercial,Pesca,Segmento D,Segmento E,Region 6,Zona 6,1,1,1,0,1,0,1,0,0,0,1,51,Regular,Malo,F,2,Sociedad,34,21,51,23,46,91,25,8,46,81,17,85,90,36,11,1,0,1,1,1,1,1,1,0,Bueno,NO SUJETO DE CREDITO,[1]Alta_Propension,Cliente No Financiado,NO,VENTA CENTRALIZADA
1908,deudor uso medio de pago,Pesca,Segmento E,Segmento D,Region 4,Zona 4,0,1,1,0,0,1,0,1,0,1,1,28,Excelente,Excelente,M,2,SPA,72,29,68,3,7,88,45,92,43,18,70,74,97,95,26,0,1,1,1,0,0,1,0,1,Excelente,NO SUJETO DE CREDITO,[1]Alta_Propension,Castigado o Sin Producto,NO,
1909,deudor uso medio de pago,Agricola,Segmento E,Segmento F,Region 4,Zona 5,0,1,1,0,0,1,1,0,0,1,0,30,Malo,Excelente,M,1,Sindicatos,99,77,4,84,26,45,75,57,5,85,43,39,64,88,70,0,0,0,0,1,0,1,0,0,Bueno,NO SUJETO DE CREDITO,[1]Alta_Propension,Cliente Finaciado,SI,VENTA CENTRALIZADA
1910,deudor uso medio de pago,Pesca,Segmento E,Segmento E,Region 6,Zona 5,1,1,0,0,1,0,1,0,1,0,1,46,Malo,Malo,F,2,SPA,19,7,84,26,7,82,16,7,97,35,9,13,40,42,67,0,0,1,1,1,1,1,1,1,Excelente,CON OBSERVACIONES-EVALUABLE,[2]Media_Propension,Cliente Finaciado,SI,SALESFORCE - CCL
1911,deudor no comercial,Pesca,Segmento F,Segmento E,Region 5,Zona 6,1,1,0,1,1,0,1,1,0,0,1,43,Malo,Excelente,F,1,SPA,65,38,46,86,82,31,28,33,11,89,98,48,94,53,40,0,1,1,1,0,0,1,0,0,Excelente,SUJETO DE CREDITO-EVALUABLE,[1]Alta_Propension,Cliente Finaciado,NO,VENTA CENTRALIZADA
1912,deudor no comercial,Agricola,Segmento D,Segmento F,Region 4,Zona 5,0,1,0,0,0,0,1,0,1,1,0,70,Malo,Excelente,M,2,SPA,32,84,33,26,57,52,16,51,60,71,46,81,9,87,30,1,0,1,0,1,0,0,1,1,Excelente,NO SUJETO DE CREDITO,[3]Baja_Propension,Cliente No Financiado,NO,SALESFORCE - CCL
1913,deudor no comercial,Biotecnologia,Segmento D,Segmento F,Region 4,Zona 5,0,1,1,1,0,0,1,0,0,0,0,71,Regular,Regular,F,1,Cooperativas,6,50,55,54,14,22,98,79,83,26,74,87,58,51,79,1,1,1,0,0,1,0,0,1,Excelente,NO SUJETO DE CREDITO,[3]Baja_Propension,Cliente No Financiado,NO,
1914,deudor uso medio de pago,Biotecnologia,Segmento F,Segmento E,Region 5,Zona 6,1,0,1,0,1,1,0,0,0,1,0,19,Excelente,Regular,M,1,Federacion,24,13,53,65,99,94,92,32,19,77,71,32,93,36,50,0,1,0,1,1,0,0,1,0,Excelente,SUJETO DE CREDITO-EVALUABLE,[3]Baja_Propension,Cliente No Financiado,NO,VENTA CENTRALIZADA
1915,deudor no comercial,Agricola,Segmento D,Segmento D,Region 5,Zona 4,1,0,0,0,0,1,1,1,0,0,0,71,Excelente,Malo,M,1,SPA,34,21,50,11,86,61,94,24,91,46,64,56,31,84,82,1,1,1,0,1,0,1,1,1,Bueno,NO SUJETO DE CREDITO,[3]Baja_Propension,Castigado o Sin Producto,NO,SALESFORCE - CCL
1916,deudor comercial,Biotecnologia,Segmento D,Segmento D,Region 6,Zona 4,0,1,1,1,0,0,0,0,1,1,1,64,Excelente,Regular,M,2,Cooperativas,86,70,4,69,40,81,86,82,52,65,45,49,75,44,98,0,0,1,1,0,1,1,1,0,Malo,SUJETO DE CREDITO-EVALUABLE,[1]Alta_Propension,Cliente Finaciado,SI,VENTA CENTRALIZADA
1917,deudor no comercial,Pesca,Segmento F,Segmento D,Region 5,Zona 4,1,0,1,0,1,1,0,1,1,0,0,72,Excelente,Excelente,F,1,Cooperativas,99,99,69,35,60,60,98,35,90,40,46,81,45,87,31,0,1,0,1,1,1,1,1,1,Excelente,SUJETO DE CREDITO-EVALUABLE,[3]Baja_Propension,Cliente No Financiado,SI,
1918,deudor comercial,Pesca,Segmento D,Segmento D,Region 4,Zona 4,0,1,0,0,0,0,0,0,1,1,1,71,Malo,Excelente,F,1,Sindicatos,47,50,29,11,80,61,28,76,28,81,24,93,13,45,13,0,0,1,1,1,1,0,0,0,Malo,CON OBSERVACIONES-EVALUABLE,[1]Alta_Propension,Cliente No Financiado,NO,SALESFORCE -WEB
1919,deudor uso medio de pago,Biotecnologia,Segmento F,Segmento E,Region 5,Zona 4,0,1,0,1,0,1,1,1,0,0,0,65,Malo,Malo,F,1,Cooperativas,77,34,57,83,2,7,36,64,91,52,4,96,21,87,51,0,1,0,1,1,0,1,1,0,Bueno,NO SUJETO DE CREDITO,[1]Alta_Propension,Cliente No Financiado,NO,VENTA CENTRALIZADA
1920,deudor no comercial,Biotecnologia,Segmento F,Segmento F,Region 5,Zona 5,0,0,1,0,0,0,1,0,0,1,0,61,Excelente,Malo,F,1,Cooperativas,9,67,84,64,12,25,6,0,64,43,95,70,28,55,43,1,1,1,1,1,0,0,1,0,Excelente,NO SUJETO DE CREDITO,[2]Media_Propension,Castigado o Sin Producto,NO,VENTA CENTRALIZADA
1921,deudor comercial,Pesca,Segmento D,Segmento F,Region 4,Zona 4,0,1,0,0,1,1,0,1,0,0,1,18,Malo,Regular,M,1,Sindicatos,94,73,99,46,1,95,15,42,24,0,97,88,12,7,87,0,1,1,1,1,1,1,0,1,Bueno,CON OBSERVACIONES-EVALUABLE,[1]Alta_Propension,Cliente Finaciado,NO,SALESFORCE -WEB
1922,deudor comercial,Agricola,Segmento F,Segmento D,Region 4,Zona 6,0,0,1,0,1,0,0,0,1,1,1,32,Excelente,Malo,M,1,Cooperativas,30,13,66,62,14,26,14,0,11,1,27,84,38,32,16,0,1,0,0,1,0,1,1,0,Bueno,NO SUJETO DE CREDITO,[2]Media_Propension,Cliente No Financiado,NO,VENTA CENTRALIZADA
1923,deudor uso medio de pago,Biotecnologia,Segmento F,Segmento F,Region 5,Zona 4,0,1,1,1,0,0,0,0,0,0,1,25,Excelente,Regular,F,1,SPA,31,43,80,16,32,99,34,51,25,99,45,60,79,21,33,0,1,1,0,0,0,1,1,0,Excelente,CON OBSERVACIONES-EVALUABLE,[1]Alta_Propension,Cliente No Financiado,SI,SALESFORCE -WEB
1924,deudor comercial,Pesca,Segmento F,Segmento F,Region 6,Zona 5,0,1,1,1,0,0,1,1,1,0,0,51,Malo,Excelente,M,2,SPA,89,76,89,79,77,16,96,3,52,52,88,25,30,12,56,0,1,1,0,1,1,1,0,1,Bueno,SUJETO DE CREDITO-EVALUABLE,[3]Baja_Propension,Cliente Finaciado,NO,
1925,deudor uso medio de pago,Biotecnologia,Segmento F,Segmento D,Region 4,Zona 6,1,0,1,1,1,0,0,1,0,0,0,49,Regular,Regular,F,2,SPA,17,88,97,65,14,17,31,49,34,3,95,53,30,73,19,0,1,0,1,1,0,0,0,0,Bueno,NO SUJETO DE CREDITO,[1]Alta_Propension,Castigado o Sin Producto,NO,SALESFORCE - CCL
1926,deudor comercial,Pesca,Segmento E,Segmento E,Region 6,Zona 4,1,0,1,1,0,0,1,0,1,0,0,40,Regular,Malo,M,1,Cooperativas,86,95,82,50,0,17,0,79,86,57,40,24,91,57,60,0,0,1,0,1,0,1,0,1,Bueno,SUJETO DE CREDITO-EVALUABLE,[3]Baja_Propension,Castigado o Sin Producto,SI,SALESFORCE - CCL
1927,deudor no comercial,Pesca,Segmento D,Segmento E,Region 6,Zona 5,1,1,1,1,0,0,0,0,0,1,0,38,Malo,Regular,F,1,Sociedad,4,52,57,35,73,32,42,38,65,5,6,99,42,29,31,0,0,1,0,1,1,0,1,0,Malo,SUJETO DE CREDITO-EVALUABLE,[2]Media_Propension,Cliente Finaciado,SI,RED SUCURSALES
1928,deudor no comercial,Pesca,Segmento D,Segmento F,Region 4,Zona 6,1,0,0,0,1,1,0,1,0,0,1,48,Excelente,Malo,F,1,SPA,12,97,23,94,53,6,75,15,87,35,17,83,18,29,61,0,0,1,0,0,0,0,1,0,Bueno,NO SUJETO DE CREDITO,[2]Media_Propension,Cliente No Financiado,SI,SALESFORCE -WEB
1929,deudor comercial,Pesca,Segmento E,Segmento E,Region 4,Zona 4,0,0,1,1,0,0,0,1,1,1,0,27,Excelente,Regular,M,2,Sindicatos,28,64,15,18,35,65,73,24,77,43,29,24,12,92,85,0,1,0,1,0,0,1,0,0,Bueno,NO SUJETO DE CREDITO,[3]Baja_Propension,Castigado o Sin Producto,SI,VENTA CENTRALIZADA
1930,deudor comercial,Biotecnologia,Segmento F,Segmento D,Region 4,Zona 5,0,1,0,1,0,1,1,0,1,1,1,59,Regular,Regular,F,1,SPA,11,73,86,63,32,70,91,91,76,59,18,37,8,26,31,0,0,1,0,0,1,1,0,1,Excelente,CON OBSERVACIONES-EVALUABLE,[2]Media_Propension,Castigado o Sin Producto,SI,RED SUCURSALES
1931,deudor comercial,Agricola,Segmento E,Segmento E,Region 5,Zona 6,1,0,1,0,0,0,0,1,0,1,0,39,Malo,Malo,M,1,Sindicatos,70,54,8,31,10,9,30,17,4,75,19,49,81,49,3,1,0,1,1,0,1,0,0,1,Bueno,NO SUJETO DE CREDITO,[3]Baja_Propension,Cliente No Financiado,NO,SALESFORCE -WEB
1932,deudor comercial,Biotecnologia,Segmento F,Segmento D,Region 6,Zona 6,1,0,0,0,0,1,0,1,1,0,0,24,Malo,Regular,M,2,Cooperativas,82,58,33,27,86,58,23,17,40,82,10,12,83,14,64,1,0,0,0,1,1,1,1,0,Malo,NO SUJETO DE CREDITO,[2]Media_Propension,Castigado o Sin Producto,NO,SALESFORCE -WEB
1933,deudor no comercial,Agricola,Segmento E,Segmento D,Region 6,Zona 6,0,0,1,1,1,0,0,1,1,1,0,39,Regular,Malo,M,1,Federacion,17,70,29,74,31,74,26,22,59,26,58,7,40,51,78,1,0,0,0,1,0,0,1,0,Excelente,SUJETO DE CREDITO-EVALUABLE,[2]Media_Propension,Cliente No Financiado,NO,SALESFORCE -WEB
1934,deudor comercial,Biotecnologia,Segmento F,Segmento E,Region 5,Zona 4,1,0,1,0,0,1,1,1,1,0,1,48,Malo,Regular,F,1,Sociedad,23,24,52,30,72,90,55,61,0,39,99,70,61,91,26,1,1,0,1,1,0,0,1,0,Excelente,NO SUJETO DE CREDITO,[1]Alta_Propension,Cliente Finaciado,SI,VENTA CENTRALIZADA
1935,deudor uso medio de pago,Agricola,Segmento E,Segmento D,Region 6,Zona 6,0,0,0,0,0,1,1,0,1,0,1,48,Malo,Excelente,M,2,Federacion,7,87,38,56,16,92,43,93,37,72,31,34,64,22,93,0,0,0,0,0,0,0,1,0,Excelente,CON OBSERVACIONES-EVALUABLE,[1]Alta_Propension,Castigado o Sin Producto,SI,VENTA CENTRALIZADA
1936,deudor uso medio de pago,Biotecnologia,Segmento E,Segmento F,Region 6,Zona 5,1,0,1,1,0,1,0,0,0,1,0,60,Malo,Malo,F,1,Cooperativas,52,95,0,64,43,25,89,88,15,48,43,36,65,65,64,1,1,0,0,1,0,0,1,0,Excelente,NO SUJETO DE CREDITO,[3]Baja_Propension,Cliente No Financiado,SI,SALESFORCE -WEB
1937,deudor uso medio de pago,Agricola,Segmento D,Segmento F,Region 6,Zona 6,1,0,0,0,1,1,0,1,0,0,0,22,Excelente,Excelente,M,2,Sindicatos,34,42,2,14,30,96,9,26,48,9,44,70,13,50,66,1,0,1,1,0,0,0,1,0,Bueno,SUJETO DE CREDITO-EVALUABLE,[1]Alta_Propension,Castigado o Sin Producto,SI,RED SUCURSALES
1938,deudor uso medio de pago,Pesca,Segmento F,Segmento E,Region 5,Zona 4,0,0,0,1,0,0,0,0,1,0,0,23,Regular,Regular,F,1,SPA,73,59,97,20,95,26,57,68,36,76,19,42,16,76,35,1,0,0,0,1,1,1,1,0,Malo,SUJETO DE CREDITO-EVALUABLE,[1]Alta_Propension,Cliente Finaciado,SI,VENTA CENTRALIZADA
1939,deudor comercial,Agricola,Segmento F,Segmento E,Region 4,Zona 5,0,0,1,1,1,1,1,0,0,0,1,36,Malo,Malo,M,2,Cooperativas,59,31,15,40,55,10,5,16,5,47,69,52,44,79,85,1,0,1,0,0,1,0,0,0,Bueno,CON OBSERVACIONES-EVALUABLE,[2]Media_Propension,Cliente Finaciado,NO,VENTA CENTRALIZADA
1940,deudor comercial,Biotecnologia,Segmento E,Segmento D,Region 6,Zona 5,0,1,0,1,1,1,0,0,1,1,0,40,Malo,Excelente,F,2,SPA,8,73,38,99,38,62,71,38,37,45,9,48,96,64,11,0,0,1,0,1,1,0,0,0,Bueno,NO SUJETO DE CREDITO,[2]Media_Propension,Castigado o Sin Producto,SI,RED SUCURSALES
1941,deudor uso medio de pago,Agricola,Segmento F,Segmento D,Region 6,Zona 4,0,1,0,1,0,1,0,1,0,0,1,52,Malo,Malo,F,2,Sindicatos,17,89,35,17,22,22,12,71,28,21,54,71,81,13,21,0,1,0,0,1,0,0,0,0,Malo,CON OBSERVACIONES-EVALUABLE,[2]Media_Propension,Castigado o Sin Producto,SI,VENTA CENTRALIZADA
1942,deudor uso medio de pago,Biotecnologia,Segmento E,Segmento D,Region 6,Zona 6,0,0,1,1,0,1,0,0,1,1,0,60,Malo,Malo,F,2,Federacion,82,49,29,66,25,86,32,67,51,52,22,79,12,33,66,1,1,0,1,1,0,1,1,1,Malo,CON OBSERVACIONES-EVALUABLE,[1]Alta_Propension,Castigado o Sin Producto,SI,
1943,deudor comercial,Pesca,Segmento E,Segmento D,Region 6,Zona 4,0,1,0,1,0,0,0,0,1,1,1,31,Malo,Regular,F,2,SPA,32,31,3,42,94,95,92,29,27,82,10,59,28,39,39,0,0,0,1,0,0,0,1,0,Excelente,SUJETO DE CREDITO-EVALUABLE,[1]Alta_Propension,Castigado o Sin Producto,SI,RED SUCURSALES
1944,deudor comercial,Pesca,Segmento F,Segmento D,Region 4,Zona 5,1,1,1,0,1,0,0,0,0,1,0,65,Malo,Excelente,M,1,Federacion,94,23,31,7,30,10,90,65,91,1,88,81,68,76,75,1,0,1,1,1,1,1,1,0,Excelente,NO SUJETO DE CREDITO,[2]Media_Propension,Cliente Finaciado,SI,SALESFORCE - CCL
1945,deudor uso medio de pago,Pesca,Segmento F,Segmento F,Region 6,Zona 4,0,0,0,1,1,0,0,0,1,0,0,68,Malo,Excelente,F,1,Sociedad,48,17,27,74,50,7,32,22,3,35,34,38,96,2,81,1,0,0,1,0,0,1,0,0,Excelente,NO SUJETO DE CREDITO,[2]Media_Propension,Castigado o Sin Producto,SI,SALESFORCE -WEB
1946,deudor no comercial,Biotecnologia,Segmento D,Segmento E,Region 5,Zona 6,0,0,0,1,0,1,1,1,1,0,0,20,Excelente,Excelente,M,2,Sindicatos,98,47,79,7,88,7,96,75,46,59,5,57,92,11,52,0,1,1,1,0,0,1,0,1,Bueno,SUJETO DE CREDITO-EVALUABLE,[3]Baja_Propension,Castigado o Sin Producto,SI,
1947,deudor uso medio de pago,Biotecnologia,Segmento E,Segmento F,Region 6,Zona 4,1,0,0,0,1,1,1,1,1,0,1,65,Regular,Malo,F,2,Federacion,92,21,50,25,77,40,92,39,59,48,32,84,77,62,40,0,1,1,1,1,1,0,0,0,Malo,SUJETO DE CREDITO-EVALUABLE,[1]Alta_Propension,Cliente No Financiado,SI,SALESFORCE -WEB
1948,deudor comercial,Agricola,Segmento F,Segmento E,Region 6,Zona 5,1,0,1,1,0,0,1,1,1,1,0,67,Excelente,Excelente,M,1,SPA,20,58,94,6,63,66,24,38,68,26,16,29,80,18,5,1,0,1,0,1,1,1,1,1,Bueno,NO SUJETO DE CREDITO,[3]Baja_Propension,Castigado o Sin Producto,SI,SALESFORCE - CCL
1949,deudor no comercial,Biotecnologia,Segmento D,Segmento F,Region 5,Zona 4,0,0,1,0,0,1,1,0,0,1,0,46,Malo,Excelente,F,2,SPA,34,95,17,35,49,65,42,94,1,81,54,47,75,69,9,0,0,1,0,1,0,0,1,0,Excelente,SUJETO DE CREDITO-EVALUABLE,[3]Baja_Propension,Castigado o Sin Producto,SI,SALESFORCE - CCL
1950,deudor comercial,Biotecnologia,Segmento E,Segmento E,Region 6,Zona 4,0,0,1,0,1,0,1,0,0,1,1,31,Regular,Regular,M,2,Sociedad,62,86,88,13,60,28,70,85,70,99,1,88,23,85,71,1,0,1,0,1,0,1,1,0,Bueno,CON OBSERVACIONES-EVALUABLE,[2]Media_Propension,Cliente Finaciado,SI,SALESFORCE - CCL
1951,deudor uso medio de pago,Pesca,Segmento E,Segmento D,Region 4,Zona 5,1,0,0,0,1,1,1,1,1,0,0,55,Excelente,Excelente,M,2,Sociedad,81,82,60,33,98,80,53,11,33,24,28,46,56,98,55,0,0,0,1,1,0,0,0,0,Excelente,SUJETO DE CREDITO-EVALUABLE,[3]Baja_Propension,Castigado o Sin Producto,NO,RED SUCURSALES
1952,deudor no comercial,Biotecnologia,Segmento D,Segmento E,Region 5,Zona 5,0,1,0,0,1,0,0,0,0,0,1,39,Excelente,Regular,F,1,Sociedad,87,7,64,53,55,31,31,9,62,29,51,67,57,91,19,1,0,0,0,0,0,0,0,0,Bueno,CON OBSERVACIONES-EVALUABLE,[3]Baja_Propension,Cliente No Financiado,NO,
1953,deudor uso medio de pago,Agricola,Segmento E,Segmento E,Region 5,Zona 5,1,1,1,1,0,0,1,1,0,0,0,69,Regular,Malo,M,2,Sindicatos,60,55,79,29,30,69,55,33,44,72,64,2,18,86,33,0,0,0,1,0,1,1,1,0,Bueno,SUJETO DE CREDITO-EVALUABLE,[1]Alta_Propension,Castigado o Sin Producto,NO,
1954,deudor uso medio de pago,Agricola,Segmento E,Segmento F,Region 6,Zona 5,1,1,1,1,1,1,0,1,1,1,0,31,Regular,Malo,M,2,SPA,37,75,28,81,71,22,73,68,89,50,23,16,78,96,99,0,0,1,0,0,1,1,1,1,Bueno,SUJETO DE CREDITO-EVALUABLE,[1]Alta_Propension,Cliente Finaciado,NO,
1955,deudor no comercial,Biotecnologia,Segmento E,Segmento E,Region 5,Zona 5,0,0,0,0,1,0,1,1,0,1,1,53,Malo,Excelente,F,1,SPA,69,22,61,69,25,71,29,30,4,10,40,50,7,66,5,0,0,0,0,1,0,1,0,1,Bueno,NO SUJETO DE CREDITO,[1]Alta_Propension,Castigado o Sin Producto,SI,
1956,deudor no comercial,Biotecnologia,Segmento E,Segmento E,Region 5,Zona 6,1,1,1,0,1,1,0,1,1,0,0,48,Excelente,Malo,M,1,Federacion,69,48,47,34,24,68,22,82,61,98,94,45,60,84,17,1,0,0,0,0,1,1,1,0,Excelente,SUJETO DE CREDITO-EVALUABLE,[3]Baja_Propension,Cliente No Financiado,NO,SALESFORCE - CCL
1957,deudor no comercial,Biotecnologia,Segmento D,Segmento D,Region 4,Zona 4,1,1,0,1,0,0,1,0,0,1,1,61,Regular,Excelente,F,2,SPA,70,76,72,88,89,77,40,51,14,99,26,20,44,64,24,0,0,0,0,1,1,0,1,0,Malo,SUJETO DE CREDITO-EVALUABLE,[1]Alta_Propension,Cliente No Financiado,NO,SALESFORCE -WEB
1958,deudor comercial,Pesca,Segmento D,Segmento D,Region 5,Zona 4,1,1,1,0,1,1,1,1,0,1,1,34,Malo,Excelente,F,2,Sindicatos,53,25,87,14,21,91,60,51,14,98,66,19,59,30,70,1,1,1,0,0,0,1,1,0,Bueno,NO SUJETO DE CREDITO,[2]Media_Propension,Cliente Finaciado,NO,SALESFORCE - CCL
1959,deudor no comercial,Pesca,Segmento E,Segmento F,Region 6,Zona 4,1,1,0,0,0,0,1,0,0,0,1,22,Excelente,Excelente,F,2,SPA,64,34,60,4,67,51,18,77,41,91,82,56,41,19,43,1,0,0,0,0,1,1,0,0,Malo,NO SUJETO DE CREDITO,[2]Media_Propension,Cliente No Financiado,NO,SALESFORCE - CCL
1960,deudor uso medio de pago,Pesca,Segmento E,Segmento F,Region 4,Zona 6,0,1,0,0,1,0,1,1,0,0,0,37,Malo,Excelente,F,1,Sindicatos,93,97,47,76,31,50,49,87,99,77,37,48,8,85,53,0,0,1,0,0,1,1,0,0,Malo,NO SUJETO DE CREDITO,[3]Baja_Propension,Cliente No Financiado,NO,
1961,deudor no comercial,Agricola,Segmento D,Segmento F,Region 6,Zona 4,1,1,1,1,0,1,1,0,1,0,1,68,Regular,Malo,M,2,Cooperativas,27,95,82,21,34,79,96,55,88,22,94,69,62,94,85,1,1,1,1,1,0,1,1,1,Bueno,SUJETO DE CREDITO-EVALUABLE,[2]Media_Propension,Cliente No Financiado,SI,RED SUCURSALES
1962,deudor no comercial,Biotecnologia,Segmento F,Segmento D,Region 5,Zona 5,0,1,0,1,1,0,0,0,1,1,0,56,Regular,Malo,M,1,Federacion,94,53,94,39,11,14,47,1,72,76,69,6,55,27,40,1,1,0,1,1,1,1,0,0,Excelente,NO SUJETO DE CREDITO,[1]Alta_Propension,Castigado o Sin Producto,NO,VENTA CENTRALIZADA
1963,deudor comercial,Biotecnologia,Segmento D,Segmento D,Region 5,Zona 5,0,0,0,1,1,1,0,1,1,0,0,51,Regular,Excelente,F,1,Sindicatos,77,92,85,3,22,46,6,28,6,9,49,67,69,76,72,0,0,1,0,1,1,1,1,0,Bueno,SUJETO DE CREDITO-EVALUABLE,[2]Media_Propension,Cliente No Financiado,NO,SALESFORCE - CCL
1964,deudor uso medio de pago,Pesca,Segmento D,Segmento E,Region 6,Zona 4,1,0,0,1,0,0,1,1,1,1,0,18,Regular,Excelente,F,1,Cooperativas,75,0,55,59,39,25,78,13,27,62,63,34,12,40,44,0,0,0,0,0,0,1,1,1,Bueno,NO SUJETO DE CREDITO,[1]Alta_Propension,Cliente Finaciado,SI,VENTA CENTRALIZADA
1965,deudor comercial,Biotecnologia,Segmento E,Segmento F,Region 6,Zona 5,1,1,0,0,1,1,1,0,1,0,0,60,Malo,Malo,M,1,SPA,71,4,29,96,19,19,90,87,17,1,29,88,43,89,73,1,1,1,1,1,0,1,0,1,Excelente,SUJETO DE CREDITO-EVALUABLE,[1]Alta_Propension,Cliente No Financiado,NO,SALESFORCE -WEB
1966,deudor comercial,Agricola,Segmento E,Segmento D,Region 4,Zona 5,0,0,1,1,0,0,1,1,1,1,0,49,Malo,Regular,M,1,Cooperativas,37,8,72,4,61,73,21,36,21,18,40,10,31,40,12,0,1,1,1,0,0,1,0,1,Bueno,CON OBSERVACIONES-EVALUABLE,[1]Alta_Propension,Castigado o Sin Producto,SI,RED SUCURSALES
1967,deudor uso medio de pago,Agricola,Segmento E,Segmento E,Region 6,Zona 4,0,0,0,1,1,0,1,0,0,0,0,61,Excelente,Regular,M,2,Cooperativas,94,50,15,74,8,81,52,16,75,98,36,78,29,12,65,0,1,0,0,0,1,0,1,1,Excelente,NO SUJETO DE CREDITO,[3]Baja_Propension,Cliente No Financiado,NO,SALESFORCE -WEB
1968,deudor uso medio de pago,Biotecnologia,Segmento E,Segmento E,Region 5,Zona 4,1,1,0,0,0,1,1,1,0,0,1,37,Excelente,Malo,F,1,Federacion,6,61,5,43,47,59,81,91,2,84,38,83,13,98,43,0,0,0,1,0,0,1,1,0,Bueno,NO SUJETO DE CREDITO,[2]Media_Propension,Cliente Finaciado,SI,SALESFORCE -WEB
1969,deudor no comercial,Agricola,Segmento E,Segmento E,Region 6,Zona 6,0,1,1,0,1,1,1,0,0,1,1,28,Malo,Malo,F,2,Cooperativas,54,50,1,74,13,98,23,58,0,95,79,68,54,18,75,1,1,1,1,0,1,0,0,1,Malo,NO SUJETO DE CREDITO,[3]Baja_Propension,Castigado o Sin Producto,SI,SALESFORCE - CCL
1970,deudor comercial,Biotecnologia,Segmento F,Segmento E,Region 5,Zona 4,0,0,0,1,0,1,1,0,0,0,1,27,Regular,Excelente,F,2,Sociedad,10,8,97,98,99,94,0,43,58,53,4,38,89,53,29,1,0,0,1,1,1,1,0,1,Bueno,CON OBSERVACIONES-EVALUABLE,[2]Media_Propension,Castigado o Sin Producto,SI,SALESFORCE - CCL
1971,deudor uso medio de pago,Agricola,Segmento F,Segmento D,Region 4,Zona 4,0,1,1,0,0,1,0,1,1,0,0,68,Excelente,Malo,F,2,Federacion,2,13,58,73,74,35,9,79,21,53,45,45,34,10,21,1,0,1,1,1,1,1,0,1,Bueno,CON OBSERVACIONES-EVALUABLE,[2]Media_Propension,Castigado o Sin Producto,SI,SALESFORCE - CCL
1972,deudor uso medio de pago,Biotecnologia,Segmento E,Segmento E,Region 5,Zona 4,1,0,1,0,1,0,0,0,1,0,0,33,Regular,Malo,F,1,SPA,24,16,56,17,74,22,19,25,2,79,40,52,57,19,46,0,0,0,1,1,0,1,1,1,Excelente,SUJETO DE CREDITO-EVALUABLE,[1]Alta_Propension,Castigado o Sin Producto,NO,RED SUCURSALES
1973,deudor no comercial,Pesca,Segmento E,Segmento F,Region 5,Zona 6,0,0,1,1,1,1,1,1,1,0,0,49,Malo,Malo,M,1,Sindicatos,96,63,30,63,28,77,15,23,98,13,0,43,34,20,90,0,1,0,0,1,0,1,1,0,Bueno,SUJETO DE CREDITO-EVALUABLE,[3]Baja_Propension,Cliente Finaciado,SI,
1974,deudor no comercial,Agricola,Segmento D,Segmento D,Region 6,Zona 6,0,1,1,1,1,1,0,1,1,1,0,45,Regular,Regular,M,2,Federacion,46,30,6,27,27,39,11,94,28,96,59,77,37,76,33,1,0,1,1,1,1,0,0,1,Excelente,NO SUJETO DE CREDITO,[3]Baja_Propension,Cliente No Financiado,SI,RED SUCURSALES
1975,deudor no comercial,Agricola,Segmento F,Segmento D,Region 6,Zona 6,0,1,1,1,1,1,1,1,0,1,0,28,Regular,Malo,F,1,SPA,33,16,20,55,12,41,35,75,63,81,34,16,67,55,55,1,1,1,1,0,0,1,1,0,Excelente,NO SUJETO DE CREDITO,[2]Media_Propension,Cliente Finaciado,NO,SALESFORCE - CCL
1976,deudor uso medio de pago,Biotecnologia,Segmento E,Segmento E,Region 5,Zona 4,0,1,1,0,1,0,1,1,1,1,0,25,Excelente,Regular,M,2,Sociedad,63,33,20,43,50,33,4,19,88,77,68,10,81,38,9,1,0,0,0,0,1,1,1,1,Malo,SUJETO DE CREDITO-EVALUABLE,[1]Alta_Propension,Cliente Finaciado,SI,
1977,deudor uso medio de pago,Agricola,Segmento D,Segmento D,Region 5,Zona 6,0,1,1,1,0,1,0,1,0,1,0,46,Regular,Malo,M,1,Federacion,19,73,2,88,16,13,38,53,46,72,42,5,57,36,70,0,1,1,1,1,0,0,1,0,Malo,CON OBSERVACIONES-EVALUABLE,[1]Alta_Propension,Cliente Finaciado,NO,VENTA CENTRALIZADA
1978,deudor comercial,Biotecnologia,Segmento F,Segmento F,Region 5,Zona 4,1,0,1,1,0,1,1,0,0,0,0,72,Excelente,Excelente,F,2,Federacion,43,88,54,11,47,13,80,9,71,60,49,63,22,80,59,1,0,1,0,0,1,0,0,1,Bueno,SUJETO DE CREDITO-EVALUABLE,[2]Media_Propension,Castigado o Sin Producto,SI,VENTA CENTRALIZADA
1979,deudor comercial,Agricola,Segmento F,Segmento E,Region 5,Zona 4,0,1,0,1,0,0,0,1,1,1,1,23,Excelente,Excelente,F,2,Sindicatos,76,22,55,32,29,9,18,10,63,8,91,54,96,10,66,1,1,0,1,1,0,0,0,1,Excelente,CON OBSERVACIONES-EVALUABLE,[3]Baja_Propension,Castigado o Sin Producto,SI,SALESFORCE -WEB
1980,deudor comercial,Agricola,Segmento F,Segmento D,Region 4,Zona 5,1,0,0,1,0,0,1,1,0,0,1,68,Malo,Malo,M,2,Sociedad,77,85,37,78,46,89,72,18,20,50,2,47,28,83,37,1,1,1,0,0,1,0,1,0,Bueno,SUJETO DE CREDITO-EVALUABLE,[2]Media_Propension,Castigado o Sin Producto,SI,
1981,deudor comercial,Agricola,Segmento F,Segmento F,Region 5,Zona 5,1,1,1,1,1,0,1,0,0,0,1,69,Regular,Malo,M,1,Cooperativas,88,72,91,94,79,44,86,97,32,36,55,68,44,6,26,0,1,1,0,1,1,1,1,0,Excelente,NO SUJETO DE CREDITO,[1]Alta_Propension,Cliente No Financiado,SI,SALESFORCE -WEB
1982,deudor uso medio de pago,Pesca,Segmento D,Segmento D,Region 4,Zona 5,1,0,0,0,0,0,0,0,1,0,1,53,Malo,Regular,M,2,Sindicatos,61,45,48,33,68,59,19,14,48,66,75,74,64,62,34,1,1,1,0,0,0,1,1,1,Malo,NO SUJETO DE CREDITO,[3]Baja_Propension,Cliente No Financiado,NO,
1983,deudor no comercial,Biotecnologia,Segmento F,Segmento F,Region 6,Zona 6,0,0,0,1,0,0,1,1,1,0,0,57,Malo,Malo,F,1,Sociedad,21,77,57,86,87,4,45,34,64,64,90,55,54,23,7,1,1,0,0,0,0,0,0,1,Excelente,SUJETO DE CREDITO-EVALUABLE,[3]Baja_Propension,Cliente No Financiado,NO,SALESFORCE - CCL
1984,deudor uso medio de pago,Agricola,Segmento F,Segmento D,Region 6,Zona 6,0,0,1,1,1,1,1,1,1,0,1,62,Malo,Excelente,M,2,Sindicatos,93,15,31,59,55,67,39,55,46,92,98,26,83,61,75,0,1,0,0,1,0,0,1,0,Bueno,CON OBSERVACIONES-EVALUABLE,[3]Baja_Propension,Cliente No Financiado,NO,VENTA CENTRALIZADA
1985,deudor comercial,Pesca,Segmento D,Segmento D,Region 6,Zona 6,0,0,0,1,1,0,1,1,1,1,1,36,Regular,Regular,M,2,SPA,67,52,83,44,11,16,7,32,47,94,18,44,9,36,53,1,0,1,0,1,0,1,1,1,Malo,CON OBSERVACIONES-EVALUABLE,[2]Media_Propension,Castigado o Sin Producto,SI,VENTA CENTRALIZADA
1986,deudor comercial,Biotecnologia,Segmento E,Segmento D,Region 4,Zona 5,1,1,1,0,1,0,1,0,1,1,0,23,Excelente,Regular,F,2,Sindicatos,82,74,10,42,11,6,43,70,49,23,46,3,95,1,75,0,0,0,1,1,0,0,1,0,Bueno,NO SUJETO DE CREDITO,[1]Alta_Propension,Castigado o Sin Producto,SI,SALESFORCE -WEB
1987,deudor no comercial,Pesca,Segmento D,Segmento E,Region 6,Zona 6,0,1,1,0,1,1,1,0,0,0,0,30,Malo,Malo,M,2,Federacion,7,48,55,96,6,96,80,91,95,0,40,29,86,6,89,1,0,0,1,0,1,1,1,1,Bueno,SUJETO DE CREDITO-EVALUABLE,[2]Media_Propension,Castigado o Sin Producto,SI,RED SUCURSALES
1988,deudor uso medio de pago,Agricola,Segmento E,Segmento F,Region 5,Zona 6,1,1,1,1,0,0,1,1,0,1,1,37,Excelente,Malo,F,2,SPA,43,19,85,47,77,8,53,1,98,54,36,34,39,47,3,0,0,0,0,1,0,0,0,0,Excelente,CON OBSERVACIONES-EVALUABLE,[1]Alta_Propension,Cliente No Financiado,NO,SALESFORCE - CCL
1989,deudor uso medio de pago,Agricola,Segmento F,Segmento E,Region 4,Zona 5,0,0,0,1,0,1,0,1,1,0,0,67,Excelente,Excelente,F,1,Sindicatos,26,32,59,51,42,10,13,1,62,38,63,70,66,72,90,0,1,1,1,0,1,1,1,1,Bueno,NO SUJETO DE CREDITO,[3]Baja_Propension,Cliente No Financiado,SI,VENTA CENTRALIZADA
1990,deudor no comercial,Biotecnologia,Segmento F,Segmento D,Region 4,Zona 6,1,0,0,0,1,0,0,1,1,1,0,69,Malo,Regular,M,1,SPA,71,92,77,75,24,38,90,11,65,49,80,41,21,91,32,1,0,1,0,1,1,0,1,1,Excelente,NO SUJETO DE CREDITO,[2]Media_Propension,Cliente Finaciado,NO,RED SUCURSALES
1991,deudor no comercial,Agricola,Segmento E,Segmento D,Region 6,Zona 6,0,0,1,1,0,1,1,1,1,0,0,55,Excelente,Regular,M,2,SPA,38,50,32,2,21,28,22,10,30,39,77,20,70,5,39,1,0,0,1,1,1,0,0,0,Excelente,CON OBSERVACIONES-EVALUABLE,[1]Alta_Propension,Cliente Finaciado,NO,VENTA CENTRALIZADA
1992,deudor uso medio de pago,Biotecnologia,Segmento E,Segmento D,Region 6,Zona 4,0,1,0,0,0,0,1,0,1,0,0,62,Excelente,Regular,M,2,Sociedad,95,62,69,44,40,41,60,95,3,55,0,36,18,52,35,1,0,1,0,0,0,1,1,0,Bueno,SUJETO DE CREDITO-EVALUABLE,[3]Baja_Propension,Cliente Finaciado,SI,SALESFORCE - CCL
1993,deudor no comercial,Pesca,Segmento F,Segmento F,Region 4,Zona 6,1,1,0,1,1,0,0,0,0,0,0,32,Malo,Malo,F,1,SPA,96,67,88,59,89,60,97,6,8,84,9,82,33,60,78,1,1,1,1,0,0,1,1,0,Excelente,NO SUJETO DE CREDITO,[2]Media_Propension,Castigado o Sin Producto,NO,SALESFORCE -WEB
1994,deudor comercial,Biotecnologia,Segmento E,Segmento D,Region 5,Zona 5,1,0,0,0,1,0,0,1,0,1,1,72,Malo,Malo,M,1,Federacion,29,49,47,89,78,51,3,3,4,98,30,19,62,95,99,0,1,1,1,1,1,0,1,0,Malo,SUJETO DE CREDITO-EVALUABLE,[1]Alta_Propension,Cliente Finaciado,NO,
1995,deudor comercial,Pesca,Segmento E,Segmento D,Region 6,Zona 4,1,0,0,1,0,1,1,0,1,1,0,30,Excelente,Regular,F,1,Sociedad,19,35,90,82,81,85,18,79,43,65,17,96,38,97,35,1,1,0,0,1,1,1,0,0,Malo,SUJETO DE CREDITO-EVALUABLE,[3]Baja_Propension,Cliente Finaciado,NO,VENTA CENTRALIZADA
1996,deudor uso medio de pago,Agricola,Segmento F,Segmento F,Region 5,Zona 5,1,0,1,1,0,0,1,1,0,1,1,42,Malo,Malo,F,2,Sociedad,58,39,71,41,76,25,78,80,68,73,66,86,6,95,98,0,0,1,1,1,1,0,1,0,Bueno,SUJETO DE CREDITO-EVALUABLE,[1]Alta_Propension,Cliente No Financiado,NO,VENTA CENTRALIZADA
1997,deudor uso medio de pago,Biotecnologia,Segmento F,Segmento E,Region 6,Zona 6,0,1,1,1,0,0,0,0,0,0,0,43,Malo,Malo,M,2,Cooperativas,6,80,42,51,27,93,37,64,32,66,92,21,74,38,89,0,1,0,0,1,0,1,0,0,Malo,NO SUJETO DE CREDITO,[1]Alta_Propension,Cliente Finaciado,NO,SALESFORCE - CCL
1998,deudor no comercial,Agricola,Segmento D,Segmento E,Region 4,Zona 4,0,0,0,0,0,1,0,1,1,1,1,26,Excelente,Excelente,F,2,Cooperativas,35,1,7,97,65,99,32,16,48,18,80,84,84,19,41,1,0,1,1,0,1,1,0,0,Malo,NO SUJETO DE CREDITO,[3]Baja_Propension,Cliente Finaciado,SI,RED SUCURSALES
1999,deudor comercial,Biotecnologia,Segmento E,Segmento F,Region 6,Zona 4,0,1,1,1,0,1,1,0,1,0,1,43,Excelente,Malo,M,2,Cooperativas,43,72,4,39,21,48,46,40,89,94,75,56,16,9,94,1,1,1,0,1,1,0,0,0,Malo,SUJETO DE CREDITO-EVALUABLE,[2]Media_Propension,Cliente No Financiado,NO,RED SUCURSALES
2000,deudor comercial,Biotecnologia,Segmento D,Segmento D,Region 5,Zona 4,0,0,1,0,1,0,0,0,0,1,0,66,Malo,Regular,M,2,Federacion,46,90,74,2,58,34,30,96,18,19,36,19,60,83,57,0,1,1,0,1,0,0,0,0,Bueno,SUJETO DE CREDITO-EVALUABLE,[2]Media_Propension,Cliente No Financiado,SI,VENTA CENTRALIZADA
2001,deudor no comercial,Biotecnologia,Segmento F,Segmento F,Region 4,Zona 6,0,1,0,0,0,0,1,0,1,1,1,38,Excelente,Malo,M,2,Federacion,62,82,22,68,57,67,52,41,24,39,95,35,92,7,95,0,0,1,1,1,0,0,0,0,Excelente,SUJETO DE CREDITO-EVALUABLE,[2]Media_Propension,Cliente No Financiado,NO,RED SUCURSALES
2002,deudor uso medio de pago,Agricola,Segmento E,Segmento E,Region 6,Zona 5,0,0,1,0,0,0,0,0,1,1,0,35,Malo,Malo,M,2,SPA,44,29,46,8,8,99,89,65,84,10,32,92,68,56,15,1,1,0,0,0,1,1,0,0,Excelente,SUJETO DE CREDITO-EVALUABLE,[1]Alta_Propension,Castigado o Sin Producto,SI,RED SUCURSALES
2003,deudor no comercial,Pesca,Segmento F,Segmento F,Region 5,Zona 5,1,0,0,1,1,1,0,0,1,1,1,28,Excelente,Regular,F,2,SPA,34,14,81,88,81,56,39,48,58,13,11,77,67,15,9,1,1,1,0,0,1,0,0,1,Malo,CON OBSERVACIONES-EVALUABLE,[2]Media_Propension,Cliente Finaciado,SI,SALESFORCE - CCL
2004,deudor uso medio de pago,Agricola,Segmento E,Segmento E,Region 5,Zona 4,1,1,1,1,1,0,1,1,1,0,1,33,Excelente,Malo,F,2,Sindicatos,18,66,63,45,32,30,11,24,23,67,95,6,18,79,34,1,0,0,1,1,1,0,0,1,Bueno,CON OBSERVACIONES-EVALUABLE,[3]Baja_Propension,Cliente Finaciado,NO,VENTA CENTRALIZADA
2005,deudor uso medio de pago,Agricola,Segmento D,Segmento F,Region 4,Zona 5,1,1,0,0,1,0,1,0,1,0,0,67,Excelente,Regular,F,1,Sociedad,77,6,41,21,68,77,76,49,51,80,87,44,31,34,78,1,1,0,0,0,1,0,0,0,Bueno,SUJETO DE CREDITO-EVALUABLE,[1]Alta_Propension,Cliente Finaciado,NO,
2006,deudor comercial,Agricola,Segmento D,Segmento E,Region 5,Zona 6,0,0,0,0,1,1,0,0,0,1,0,39,Malo,Malo,F,2,Federacion,0,2,90,91,19,9,76,58,64,18,80,93,21,95,33,0,1,1,1,1,0,1,1,0,Excelente,SUJETO DE CREDITO-EVALUABLE,[3]Baja_Propension,Cliente Finaciado,NO,SALESFORCE -WEB
2007,deudor uso medio de pago,Biotecnologia,Segmento F,Segmento F,Region 5,Zona 4,0,0,1,0,0,0,0,1,1,1,0,22,Malo,Malo,F,2,Sindicatos,61,82,43,48,49,30,37,48,39,84,93,16,90,17,60,0,0,1,0,0,0,1,1,1,Malo,SUJETO DE CREDITO-EVALUABLE,[3]Baja_Propension,Cliente Finaciado,NO,SALESFORCE -WEB
2008,deudor comercial,Agricola,Segmento F,Segmento D,Region 5,Zona 5,0,0,0,1,1,0,0,1,1,1,1,30,Malo,Excelente,M,2,SPA,57,2,26,70,59,56,68,98,6,6,80,90,12,54,85,1,0,1,1,1,0,0,0,0,Excelente,SUJETO DE CREDITO-EVALUABLE,[3]Baja_Propension,Cliente No Financiado,NO,SALESFORCE - CCL
2009,deudor uso medio de pago,Agricola,Segmento F,Segmento D,Region 6,Zona 4,0,0,0,1,1,1,0,1,0,1,0,20,Malo,Excelente,M,2,Cooperativas,99,45,39,66,67,50,91,95,82,20,2,47,44,78,22,1,0,1,1,0,1,0,0,0,Excelente,NO SUJETO DE CREDITO,[2]Media_Propension,Cliente Finaciado,SI,RED SUCURSALES
2010,deudor uso medio de pago,Pesca,Segmento F,Segmento D,Region 6,Zona 4,0,1,0,0,1,1,0,0,0,1,0,50,Excelente,Malo,M,1,Sindicatos,89,12,19,82,95,97,83,54,55,18,64,65,26,68,1,0,0,0,0,0,1,1,0,1,Excelente,NO SUJETO DE CREDITO,[1]Alta_Propension,Cliente Finaciado,NO,SALESFORCE - CCL
2011,deudor comercial,Agricola,Segmento E,Segmento E,Region 4,Zona 4,1,0,0,1,0,1,0,1,1,0,1,67,Excelente,Excelente,F,1,Federacion,78,18,24,67,25,99,62,57,46,91,81,92,37,13,20,0,0,0,0,1,0,0,0,0,Malo,CON OBSERVACIONES-EVALUABLE,[2]Media_Propension,Castigado o Sin Producto,SI,SALESFORCE -WEB
2012,deudor uso medio de pago,Agricola,Segmento F,Segmento D,Region 6,Zona 4,1,0,0,0,0,1,1,0,1,0,0,27,Malo,Regular,F,2,Sindicatos,7,53,30,86,30,47,25,70,47,8,45,2,56,45,83,1,0,0,1,0,1,0,0,0,Excelente,CON OBSERVACIONES-EVALUABLE,[3]Baja_Propension,Cliente Finaciado,NO,SALESFORCE -WEB
2013,deudor no comercial,Biotecnologia,Segmento D,Segmento D,Region 4,Zona 5,0,0,1,0,0,1,0,1,1,1,1,39,Malo,Malo,F,1,SPA,90,98,37,70,88,16,35,72,26,67,9,90,57,31,25,0,0,0,0,1,1,1,1,0,Malo,NO SUJETO DE CREDITO,[1]Alta_Propension,Castigado o Sin Producto,NO,SALESFORCE -WEB
2014,deudor no comercial,Agricola,Segmento E,Segmento F,Region 4,Zona 6,1,1,0,1,1,1,0,0,1,0,0,37,Regular,Regular,F,1,Federacion,84,55,59,42,4,14,96,26,67,29,3,51,95,78,33,0,0,1,1,0,0,1,1,0,Bueno,CON OBSERVACIONES-EVALUABLE,[1]Alta_Propension,Cliente Finaciado,SI,VENTA CENTRALIZADA
2015,deudor comercial,Biotecnologia,Segmento F,Segmento E,Region 6,Zona 4,1,0,0,1,0,1,0,0,0,1,1,68,Regular,Malo,M,2,Sociedad,88,92,70,47,78,37,60,16,31,89,75,42,74,62,9,1,0,1,0,0,0,1,0,1,Malo,CON OBSERVACIONES-EVALUABLE,[2]Media_Propension,Cliente No Financiado,NO,
2016,deudor uso medio de pago,Agricola,Segmento D,Segmento D,Region 5,Zona 4,0,0,1,1,1,0,1,0,0,1,0,32,Malo,Excelente,M,2,Sindicatos,39,75,3,33,87,11,2,9,26,93,64,58,89,59,88,1,1,0,0,1,0,0,1,0,Bueno,SUJETO DE CREDITO-EVALUABLE,[3]Baja_Propension,Cliente No Financiado,NO,SALESFORCE -WEB
2017,deudor comercial,Pesca,Segmento E,Segmento D,Region 5,Zona 5,1,0,1,0,0,0,0,0,0,1,1,56,Regular,Regular,M,2,Sociedad,23,38,50,34,92,1,3,15,0,45,6,98,48,77,41,0,0,1,1,0,0,1,1,1,Bueno,SUJETO DE CREDITO-EVALUABLE,[3]Baja_Propension,Cliente No Financiado,NO,
2018,deudor comercial,Pesca,Segmento F,Segmento E,Region 5,Zona 6,1,1,0,0,1,0,1,1,1,0,1,42,Malo,Excelente,F,1,Federacion,8,60,61,24,93,97,60,13,45,55,4,44,38,4,51,1,1,0,1,0,1,1,0,0,Excelente,CON OBSERVACIONES-EVALUABLE,[2]Media_Propension,Cliente Finaciado,SI,
2019,deudor no comercial,Agricola,Segmento F,Segmento D,Region 4,Zona 5,1,0,0,0,1,0,1,0,1,0,1,66,Excelente,Excelente,F,1,SPA,57,13,59,28,42,25,27,94,37,3,85,17,32,97,12,0,0,0,0,1,1,0,0,1,Bueno,CON OBSERVACIONES-EVALUABLE,[2]Media_Propension,Castigado o Sin Producto,SI,SALESFORCE - CCL
2020,deudor comercial,Pesca,Segmento F,Segmento E,Region 4,Zona 4,1,0,0,1,0,1,0,0,1,1,1,25,Malo,Malo,M,1,SPA,47,41,80,75,24,52,40,43,53,95,45,69,12,60,68,1,0,0,0,1,1,1,0,0,Excelente,NO SUJETO DE CREDITO,[1]Alta_Propension,Cliente No Financiado,SI,RED SUCURSALES
2021,deudor uso medio de pago,Pesca,Segmento D,Segmento D,Region 5,Zona 5,0,1,0,0,1,1,1,0,1,0,0,38,Malo,Regular,M,1,Sindicatos,50,71,7,80,7,31,93,21,66,36,82,36,1,35,7,1,1,0,1,0,0,1,1,1,Bueno,SUJETO DE CREDITO-EVALUABLE,[3]Baja_Propension,Cliente No Financiado,NO,SALESFORCE -WEB
2022,deudor no comercial,Biotecnologia,Segmento D,Segmento D,Region 5,Zona 6,1,0,1,0,1,0,1,0,0,1,0,52,Excelente,Regular,F,1,Sindicatos,29,1,36,22,45,10,75,8,53,19,47,79,19,86,75,0,1,1,1,0,1,1,0,0,Excelente,CON OBSERVACIONES-EVALUABLE,[3]Baja_Propension,Cliente No Financiado,SI,SALESFORCE - CCL
2023,deudor comercial,Agricola,Segmento D,Segmento E,Region 5,Zona 5,0,1,0,1,0,0,1,0,0,1,1,23,Malo,Malo,F,2,Cooperativas,55,36,17,94,79,55,48,35,43,37,39,35,39,47,15,1,1,0,0,1,1,0,1,0,Excelente,SUJETO DE CREDITO-EVALUABLE,[2]Media_Propension,Castigado o Sin Producto,SI,RED SUCURSALES
2024,deudor uso medio de pago,Biotecnologia,Segmento D,Segmento F,Region 6,Zona 4,1,1,1,0,1,1,1,1,1,1,1,36,Regular,Excelente,M,2,Sindicatos,37,81,60,1,79,7,32,2,73,79,77,56,1,29,97,1,1,1,1,0,1,1,0,1,Malo,NO SUJETO DE CREDITO,[1]Alta_Propension,Castigado o Sin Producto,SI,RED SUCURSALES
2025,deudor comercial,Biotecnologia,Segmento D,Segmento E,Region 6,Zona 6,0,0,1,0,0,0,0,1,0,1,0,65,Regular,Malo,M,2,Sociedad,28,36,56,58,42,81,73,62,9,7,58,18,70,82,93,0,1,0,0,1,1,1,1,1,Malo,CON OBSERVACIONES-EVALUABLE,[1]Alta_Propension,Cliente No Financiado,NO,RED SUCURSALES
2026,deudor no comercial,Pesca,Segmento D,Segmento D,Region 4,Zona 4,0,0,0,1,0,0,0,0,1,1,1,62,Malo,Malo,M,1,Sociedad,71,91,40,56,83,76,22,20,57,46,83,60,80,23,40,0,0,1,0,1,1,0,1,1,Malo,SUJETO DE CREDITO-EVALUABLE,[3]Baja_Propension,Cliente Finaciado,SI,RED SUCURSALES
2027,deudor comercial,Biotecnologia,Segmento E,Segmento D,Region 6,Zona 4,1,1,0,1,0,0,1,1,1,0,1,32,Excelente,Regular,F,2,Sociedad,83,79,86,81,2,70,28,26,80,1,86,32,34,14,13,0,0,1,1,1,0,0,1,0,Excelente,SUJETO DE CREDITO-EVALUABLE,[2]Media_Propension,Castigado o Sin Producto,SI,VENTA CENTRALIZADA
2028,deudor no comercial,Biotecnologia,Segmento F,Segmento D,Region 6,Zona 5,1,0,0,1,0,1,0,0,0,1,1,25,Excelente,Excelente,F,2,Federacion,88,98,67,7,22,32,26,79,29,58,52,33,59,46,73,0,0,0,0,0,0,1,0,1,Excelente,SUJETO DE CREDITO-EVALUABLE,[2]Media_Propension,Castigado o Sin Producto,SI,
2029,deudor comercial,Agricola,Segmento D,Segmento F,Region 6,Zona 5,0,0,1,1,0,1,0,1,1,1,0,23,Malo,Excelente,M,2,Cooperativas,35,36,0,4,3,0,39,31,28,50,97,5,20,0,7,0,0,0,0,1,0,1,0,0,Excelente,SUJETO DE CREDITO-EVALUABLE,[2]Media_Propension,Cliente Finaciado,NO,RED SUCURSALES
2030,deudor comercial,Agricola,Segmento E,Segmento D,Region 4,Zona 4,0,0,0,0,0,1,1,1,0,0,1,55,Excelente,Excelente,M,1,Cooperativas,15,40,53,33,70,67,39,64,48,85,92,54,3,7,86,0,0,1,0,1,1,0,0,0,Bueno,NO SUJETO DE CREDITO,[2]Media_Propension,Castigado o Sin Producto,SI,VENTA CENTRALIZADA
2031,deudor uso medio de pago,Pesca,Segmento F,Segmento D,Region 4,Zona 4,1,0,1,1,1,1,0,1,0,0,1,50,Regular,Regular,M,1,Federacion,57,34,68,64,93,43,1,84,49,93,10,8,7,49,72,1,0,1,1,1,1,0,1,1,Malo,SUJETO DE CREDITO-EVALUABLE,[2]Media_Propension,Cliente No Financiado,SI,SALESFORCE -WEB
2032,deudor comercial,Agricola,Segmento F,Segmento E,Region 5,Zona 6,1,1,0,0,0,1,0,1,0,1,0,53,Regular,Regular,M,2,Cooperativas,95,86,41,19,27,40,63,53,2,58,41,50,81,37,83,1,1,0,1,0,0,0,0,1,Malo,CON OBSERVACIONES-EVALUABLE,[1]Alta_Propension,Cliente No Financiado,SI,VENTA CENTRALIZADA
2033,deudor uso medio de pago,Pesca,Segmento E,Segmento E,Region 6,Zona 4,0,0,1,1,1,1,1,0,1,0,0,50,Regular,Excelente,M,2,Sindicatos,21,41,50,32,43,31,43,39,61,73,63,1,66,92,93,0,0,1,0,0,0,1,0,0,Excelente,NO SUJETO DE CREDITO,[2]Media_Propension,Castigado o Sin Producto,SI,SALESFORCE - CCL
2034,deudor comercial,Agricola,Segmento E,Segmento D,Region 6,Zona 6,0,1,0,0,0,1,1,1,0,1,1,46,Malo,Malo,M,1,Sociedad,36,50,51,10,16,89,13,69,44,73,21,55,89,55,15,0,1,1,1,1,1,0,1,0,Malo,NO SUJETO DE CREDITO,[2]Media_Propension,Castigado o Sin Producto,NO,SALESFORCE -WEB
2035,deudor no comercial,Pesca,Segmento F,Segmento F,Region 5,Zona 6,1,1,0,0,0,1,1,0,0,1,0,71,Regular,Excelente,M,2,SPA,92,0,45,98,81,92,13,19,42,22,7,16,11,95,2,1,1,0,1,1,0,0,1,0,Excelente,NO SUJETO DE CREDITO,[1]Alta_Propension,Cliente Finaciado,SI,SALESFORCE - CCL
2036,deudor comercial,Pesca,Segmento D,Segmento E,Region 4,Zona 5,0,0,1,1,1,0,0,0,0,1,0,33,Excelente,Regular,M,2,Sociedad,52,67,81,62,14,27,31,22,73,50,3,30,54,41,20,1,1,0,0,0,1,0,0,0,Bueno,SUJETO DE CREDITO-EVALUABLE,[3]Baja_Propension,Cliente Finaciado,NO,SALESFORCE -WEB
2037,deudor no comercial,Agricola,Segmento E,Segmento F,Region 5,Zona 5,0,0,0,0,0,0,0,0,0,1,0,22,Malo,Malo,F,1,Cooperativas,80,25,74,60,16,8,66,84,42,57,67,39,24,42,16,1,0,1,0,0,0,0,0,0,Malo,SUJETO DE CREDITO-EVALUABLE,[3]Baja_Propension,Cliente Finaciado,NO,
2038,deudor no comercial,Biotecnologia,Segmento E,Segmento E,Region 6,Zona 6,1,0,0,1,1,1,1,0,1,0,1,68,Malo,Regular,M,2,Federacion,4,34,84,38,75,42,71,51,21,98,58,41,45,17,34,1,1,1,1,1,1,1,0,1,Bueno,CON OBSERVACIONES-EVALUABLE,[1]Alta_Propension,Cliente No Financiado,NO,VENTA CENTRALIZADA
2039,deudor comercial,Biotecnologia,Segmento D,Segmento F,Region 4,Zona 5,0,1,1,0,1,0,0,0,0,0,1,40,Excelente,Regular,F,1,Sindicatos,13,69,43,96,30,97,47,39,64,63,4,75,35,18,85,1,1,1,0,0,1,1,1,0,Excelente,CON OBSERVACIONES-EVALUABLE,[1]Alta_Propension,Castigado o Sin Producto,NO,VENTA CENTRALIZADA
2040,deudor comercial,Agricola,Segmento F,Segmento D,Region 5,Zona 5,1,1,1,1,0,1,1,0,0,0,1,53,Malo,Excelente,F,1,Sindicatos,7,33,8,1,8,98,5,71,2,85,60,40,59,28,41,1,0,0,1,1,0,1,0,1,Excelente,SUJETO DE CREDITO-EVALUABLE,[1]Alta_Propension,Castigado o Sin Producto,SI,SALESFORCE - CCL
2041,deudor comercial,Agricola,Segmento E,Segmento D,Region 5,Zona 5,0,0,0,0,0,0,0,0,1,1,1,62,Regular,Regular,F,2,Sindicatos,67,80,98,89,90,92,65,39,79,58,12,52,95,9,50,1,0,1,1,0,0,0,0,1,Bueno,CON OBSERVACIONES-EVALUABLE,[2]Media_Propension,Cliente No Financiado,NO,SALESFORCE - CCL
2042,deudor uso medio de pago,Agricola,Segmento E,Segmento F,Region 4,Zona 4,0,1,0,1,1,0,0,1,1,0,1,40,Excelente,Excelente,M,2,Cooperativas,28,76,55,49,68,43,61,23,82,95,28,2,19,83,46,1,0,1,1,1,1,1,0,0,Malo,NO SUJETO DE CREDITO,[2]Media_Propension,Cliente No Financiado,NO,VENTA CENTRALIZADA
2043,deudor comercial,Pesca,Segmento D,Segmento E,Region 6,Zona 4,1,0,0,0,0,0,0,0,1,1,0,57,Regular,Malo,F,2,Cooperativas,30,56,8,42,56,0,83,12,73,64,49,31,76,25,24,0,0,1,0,0,0,1,1,1,Bueno,NO SUJETO DE CREDITO,[1]Alta_Propension,Castigado o Sin Producto,NO,SALESFORCE - CCL
2044,deudor comercial,Agricola,Segmento D,Segmento E,Region 4,Zona 6,0,1,1,0,0,0,1,1,1,1,0,53,Excelente,Malo,M,2,Sociedad,72,63,12,87,76,90,44,34,98,47,68,58,71,11,61,1,0,0,1,1,0,0,1,0,Malo,NO SUJETO DE CREDITO,[3]Baja_Propension,Castigado o Sin Producto,NO,RED SUCURSALES
2045,deudor no comercial,Agricola,Segmento E,Segmento D,Region 6,Zona 5,0,0,0,1,1,1,1,0,1,0,0,30,Regular,Excelente,M,2,SPA,49,68,90,98,56,94,86,0,98,91,34,39,15,50,33,0,1,1,0,1,1,0,1,0,Bueno,CON OBSERVACIONES-EVALUABLE,[2]Media_Propension,Cliente Finaciado,SI,RED SUCURSALES
2046,deudor comercial,Biotecnologia,Segmento D,Segmento F,Region 5,Zona 6,1,1,0,0,0,0,1,0,1,1,1,33,Excelente,Excelente,M,2,Federacion,12,71,26,4,5,97,52,17,54,47,59,54,61,31,78,0,0,0,0,0,1,0,1,1,Bueno,CON OBSERVACIONES-EVALUABLE,[1]Alta_Propension,Cliente Finaciado,NO,SALESFORCE - CCL
2047,deudor comercial,Agricola,Segmento E,Segmento E,Region 4,Zona 6,1,0,0,1,1,0,0,0,1,0,1,48,Regular,Regular,F,1,Federacion,30,96,93,48,27,87,30,77,12,75,72,97,67,6,49,1,1,0,1,1,1,1,0,1,Malo,SUJETO DE CREDITO-EVALUABLE,[1]Alta_Propension,Cliente No Financiado,NO,VENTA CENTRALIZADA
2048,deudor uso medio de pago,Pesca,Segmento D,Segmento D,Region 6,Zona 5,1,1,1,0,1,0,0,0,0,0,0,24,Malo,Malo,M,2,SPA,99,55,17,93,76,4,56,93,6,19,78,31,19,65,90,0,0,1,1,1,0,1,1,0,Malo,NO SUJETO DE CREDITO,[2]Media_Propension,Castigado o Sin Producto,NO,SALESFORCE - CCL
2049,deudor no comercial,Agricola,Segmento D,Segmento F,Region 4,Zona 6,1,0,0,1,1,1,1,1,0,0,1,53,Excelente,Regular,M,2,Sociedad,20,8,35,75,72,43,74,50,28,58,34,87,89,5,11,1,1,1,0,0,0,0,0,1,Bueno,NO SUJETO DE CREDITO,[1]Alta_Propension,Castigado o Sin Producto,SI,VENTA CENTRALIZADA
2050,deudor no comercial,Biotecnologia,Segmento D,Segmento F,Region 6,Zona 4,1,1,1,0,0,0,1,1,0,0,0,52,Excelente,Malo,F,2,Federacion,33,63,80,88,21,20,65,83,15,53,39,39,16,45,81,1,1,1,0,1,1,0,1,1,Bueno,NO SUJETO DE CREDITO,[3]Baja_Propension,Cliente No Financiado,SI,SALESFORCE -WEB
2051,deudor comercial,Biotecnologia,Segmento D,Segmento E,Region 6,Zona 4,1,0,1,0,1,1,1,0,0,0,1,63,Malo,Regular,M,1,Sindicatos,93,4,85,74,44,24,84,73,58,72,13,82,60,47,2,1,1,1,1,0,1,0,1,1,Bueno,CON OBSERVACIONES-EVALUABLE,[3]Baja_Propension,Castigado o Sin Producto,SI,VENTA CENTRALIZADA
2052,deudor no comercial,Agricola,Segmento E,Segmento E,Region 5,Zona 4,1,0,1,0,0,1,1,1,1,1,0,18,Malo,Regular,M,1,Sindicatos,32,71,89,61,71,61,83,57,57,71,47,42,53,91,56,1,0,0,1,0,0,1,1,0,Excelente,SUJETO DE CREDITO-EVALUABLE,[2]Media_Propension,Cliente Finaciado,SI,SALESFORCE -WEB
2053,deudor uso medio de pago,Pesca,Segmento F,Segmento D,Region 6,Zona 6,1,0,0,1,1,1,1,0,1,0,0,43,Excelente,Malo,M,1,Sindicatos,91,16,31,45,62,64,97,16,45,67,72,36,67,48,5,0,0,0,0,0,1,0,1,0,Malo,SUJETO DE CREDITO-EVALUABLE,[2]Media_Propension,Cliente Finaciado,SI,RED SUCURSALES
2054,deudor comercial,Agricola,Segmento E,Segmento E,Region 5,Zona 5,1,0,1,0,1,0,0,0,1,1,1,27,Regular,Regular,M,1,Cooperativas,37,85,6,97,70,1,59,35,62,45,55,9,90,40,59,1,1,0,0,1,1,1,1,1,Excelente,NO SUJETO DE CREDITO,[3]Baja_Propension,Cliente No Financiado,NO,VENTA CENTRALIZADA
2055,deudor uso medio de pago,Pesca,Segmento D,Segmento D,Region 4,Zona 6,1,0,0,1,0,1,0,1,1,0,0,65,Excelente,Excelente,F,2,Sindicatos,99,27,50,53,34,99,25,62,10,48,99,1,91,11,11,0,0,1,0,0,0,0,0,0,Malo,CON OBSERVACIONES-EVALUABLE,[3]Baja_Propension,Cliente Finaciado,SI,RED SUCURSALES
2056,deudor comercial,Pesca,Segmento E,Segmento F,Region 5,Zona 6,0,1,1,0,0,0,1,0,1,1,0,19,Regular,Excelente,M,1,Cooperativas,75,13,93,67,63,50,24,52,86,81,16,4,45,24,49,1,0,1,1,1,1,1,1,1,Bueno,SUJETO DE CREDITO-EVALUABLE,[3]Baja_Propension,Cliente Finaciado,SI,SALESFORCE - CCL
2057,deudor no comercial,Pesca,Segmento F,Segmento D,Region 5,Zona 6,1,0,1,0,0,1,1,0,1,1,1,35,Excelente,Regular,F,2,Cooperativas,86,59,88,77,6,73,46,10,84,40,42,22,31,17,16,1,0,0,0,1,1,0,1,0,Bueno,NO SUJETO DE CREDITO,[3]Baja_Propension,Cliente No Financiado,SI,
2058,deudor uso medio de pago,Agricola,Segmento E,Segmento F,Region 6,Zona 5,0,0,0,1,0,0,1,0,1,1,0,47,Regular,Excelente,M,1,Sindicatos,46,16,75,32,64,96,99,28,89,58,2,86,29,2,72,1,0,1,0,1,0,1,1,0,Excelente,CON OBSERVACIONES-EVALUABLE,[1]Alta_Propension,Cliente No Financiado,NO,SALESFORCE - CCL
2059,deudor no comercial,Pesca,Segmento F,Segmento D,Region 4,Zona 4,1,1,1,0,1,1,1,0,0,1,1,60,Excelente,Malo,M,2,Federacion,87,39,14,45,70,58,83,77,21,57,80,90,89,45,93,0,0,0,1,0,0,1,1,1,Bueno,SUJETO DE CREDITO-EVALUABLE,[2]Media_Propension,Castigado o Sin Producto,SI,SALESFORCE - CCL
2060,deudor uso medio de pago,Agricola,Segmento F,Segmento E,Region 5,Zona 4,1,0,0,1,0,1,1,0,0,0,1,35,Regular,Excelente,M,2,Federacion,90,22,46,30,76,92,13,50,88,71,20,86,27,95,16,1,1,0,1,1,1,1,0,1,Bueno,CON OBSERVACIONES-EVALUABLE,[1]Alta_Propension,Cliente Finaciado,NO,RED SUCURSALES
2061,deudor comercial,Biotecnologia,Segmento F,Segmento F,Region 4,Zona 5,0,1,0,0,1,1,1,1,0,0,0,23,Regular,Regular,M,1,Cooperativas,99,5,30,83,40,96,35,48,70,54,71,24,70,43,57,1,1,0,0,1,1,1,0,0,Malo,NO SUJETO DE CREDITO,[1]Alta_Propension,Castigado o Sin Producto,NO,VENTA CENTRALIZADA
2062,deudor comercial,Pesca,Segmento D,Segmento E,Region 5,Zona 4,0,0,1,1,1,1,0,1,0,0,0,44,Excelente,Malo,M,1,Federacion,17,65,84,14,86,62,12,39,21,1,85,88,37,4,45,1,1,1,1,1,1,1,1,0,Bueno,CON OBSERVACIONES-EVALUABLE,[3]Baja_Propension,Castigado o Sin Producto,SI,SALESFORCE - CCL
2063,deudor no comercial,Agricola,Segmento D,Segmento F,Region 4,Zona 6,1,1,1,1,0,0,0,0,1,0,0,40,Excelente,Excelente,F,2,Sindicatos,89,42,13,28,84,16,67,99,49,64,30,22,6,68,68,0,1,0,0,0,0,1,1,1,Excelente,NO SUJETO DE CREDITO,[3]Baja_Propension,Castigado o Sin Producto,SI,SALESFORCE - CCL
2064,deudor comercial,Pesca,Segmento F,Segmento E,Region 4,Zona 6,0,1,0,1,0,0,1,1,0,0,0,25,Excelente,Excelente,M,1,Federacion,59,19,44,55,34,45,57,22,86,74,93,35,15,73,54,1,0,0,1,1,0,0,1,0,Excelente,CON OBSERVACIONES-EVALUABLE,[3]Baja_Propension,Cliente Finaciado,NO,SALESFORCE -WEB
2065,deudor uso medio de pago,Pesca,Segmento E,Segmento E,Region 5,Zona 6,0,0,1,0,1,0,1,1,0,0,1,41,Regular,Regular,M,2,Sindicatos,97,91,9,18,82,87,97,61,68,79,10,75,51,30,52,1,0,0,1,1,0,0,1,0,Excelente,CON OBSERVACIONES-EVALUABLE,[2]Media_Propension,Castigado o Sin Producto,SI,SALESFORCE - CCL
2066,deudor uso medio de pago,Pesca,Segmento D,Segmento D,Region 4,Zona 5,0,1,1,0,0,0,0,1,1,0,1,70,Malo,Malo,F,1,Federacion,59,46,80,49,57,39,89,17,93,41,6,23,45,87,96,0,1,0,0,1,1,0,1,0,Bueno,NO SUJETO DE CREDITO,[3]Baja_Propension,Cliente Finaciado,SI,
2067,deudor comercial,Pesca,Segmento D,Segmento D,Region 5,Zona 6,0,0,0,0,1,1,0,0,0,1,1,64,Malo,Malo,M,1,Sociedad,64,68,51,75,56,98,99,86,7,28,44,58,26,81,37,1,1,1,1,0,0,0,0,0,Excelente,NO SUJETO DE CREDITO,[3]Baja_Propension,Castigado o Sin Producto,SI,SALESFORCE -WEB
2068,deudor comercial,Pesca,Segmento F,Segmento E,Region 5,Zona 4,0,0,1,1,1,1,0,0,0,1,0,37,Regular,Malo,F,1,SPA,20,13,68,42,87,35,94,27,56,82,56,87,15,77,42,0,0,1,1,1,1,1,1,0,Bueno,CON OBSERVACIONES-EVALUABLE,[1]Alta_Propension,Cliente Finaciado,NO,
2069,deudor uso medio de pago,Biotecnologia,Segmento E,Segmento E,Region 6,Zona 5,0,0,1,0,0,1,1,1,0,1,1,24,Malo,Excelente,F,1,SPA,42,62,80,27,76,16,49,26,49,87,21,69,23,19,46,1,1,1,1,1,0,0,1,0,Excelente,NO SUJETO DE CREDITO,[3]Baja_Propension,Castigado o Sin Producto,SI,VENTA CENTRALIZADA
2070,deudor uso medio de pago,Pesca,Segmento D,Segmento E,Region 4,Zona 6,0,0,1,0,1,0,0,1,0,0,1,47,Excelente,Malo,F,2,Cooperativas,71,15,26,45,68,79,92,0,7,10,59,93,99,67,20,1,1,0,1,1,0,0,1,0,Bueno,SUJETO DE CREDITO-EVALUABLE,[3]Baja_Propension,Castigado o Sin Producto,SI,RED SUCURSALES
2071,deudor no comercial,Agricola,Segmento E,Segmento F,Region 4,Zona 4,1,0,0,0,1,0,1,0,0,0,0,26,Malo,Excelente,F,1,SPA,33,40,3,39,72,77,34,35,41,43,32,28,99,73,99,0,1,1,1,1,0,1,1,1,Bueno,NO SUJETO DE CREDITO,[1]Alta_Propension,Castigado o Sin Producto,SI,RED SUCURSALES
2072,deudor uso medio de pago,Pesca,Segmento D,Segmento F,Region 5,Zona 4,1,1,0,0,0,0,0,0,1,0,1,51,Excelente,Regular,M,2,Cooperativas,20,0,23,48,46,96,75,19,94,77,19,34,23,40,76,1,0,1,0,1,1,0,0,0,Bueno,SUJETO DE CREDITO-EVALUABLE,[1]Alta_Propension,Cliente Finaciado,SI,SALESFORCE -WEB
2073,deudor uso medio de pago,Pesca,Segmento F,Segmento F,Region 5,Zona 4,0,0,0,1,1,0,1,0,0,1,0,39,Malo,Regular,M,1,Federacion,67,96,94,21,57,41,0,24,66,35,91,80,96,16,62,0,1,1,1,1,1,1,0,1,Excelente,SUJETO DE CREDITO-EVALUABLE,[3]Baja_Propension,Cliente No Financiado,SI,VENTA CENTRALIZADA
2074,deudor no comercial,Biotecnologia,Segmento F,Segmento D,Region 4,Zona 6,1,0,0,0,0,0,0,1,1,1,0,65,Malo,Excelente,F,2,SPA,26,68,39,82,72,90,52,51,97,50,17,81,8,43,3,1,1,1,1,0,1,1,1,1,Malo,CON OBSERVACIONES-EVALUABLE,[1]Alta_Propension,Cliente Finaciado,NO,RED SUCURSALES
2075,deudor uso medio de pago,Agricola,Segmento E,Segmento E,Region 4,Zona 5,0,0,0,1,1,0,1,1,1,1,1,19,Regular,Regular,F,2,Federacion,94,98,88,66,86,59,67,17,31,52,36,22,54,31,23,0,1,1,1,1,1,0,1,0,Excelente,SUJETO DE CREDITO-EVALUABLE,[1]Alta_Propension,Cliente Finaciado,NO,SALESFORCE -WEB
2076,deudor uso medio de pago,Agricola,Segmento F,Segmento F,Region 4,Zona 5,1,1,1,0,1,0,0,1,1,0,0,37,Regular,Regular,F,2,Cooperativas,22,45,65,11,87,8,52,81,56,8,76,4,68,38,63,1,0,0,0,1,1,1,0,1,Malo,SUJETO DE CREDITO-EVALUABLE,[3]Baja_Propension,Cliente Finaciado,SI,VENTA CENTRALIZADA
2077,deudor comercial,Agricola,Segmento F,Segmento E,Region 6,Zona 6,1,0,1,1,1,0,0,1,1,1,0,33,Malo,Regular,M,2,Sociedad,50,11,58,87,22,81,83,64,25,98,45,12,3,64,7,1,1,1,0,1,1,1,1,1,Bueno,NO SUJETO DE CREDITO,[2]Media_Propension,Castigado o Sin Producto,SI,RED SUCURSALES
2078,deudor comercial,Pesca,Segmento D,Segmento E,Region 4,Zona 4,1,1,1,1,1,0,1,0,1,0,1,53,Regular,Excelente,F,1,Sindicatos,16,47,38,94,82,21,32,51,95,13,29,61,9,21,35,1,0,0,0,1,0,0,0,0,Malo,NO SUJETO DE CREDITO,[1]Alta_Propension,Castigado o Sin Producto,SI,SALESFORCE - CCL
2079,deudor comercial,Biotecnologia,Segmento E,Segmento F,Region 6,Zona 4,0,0,1,0,0,1,0,0,1,0,0,28,Regular,Excelente,M,2,Federacion,31,17,26,26,5,32,61,62,68,34,3,85,53,78,36,1,0,0,1,0,1,1,1,0,Bueno,CON OBSERVACIONES-EVALUABLE,[2]Media_Propension,Cliente No Financiado,NO,SALESFORCE - CCL
2080,deudor uso medio de pago,Biotecnologia,Segmento D,Segmento F,Region 6,Zona 6,0,1,1,0,0,0,1,1,1,1,0,47,Regular,Regular,M,2,Cooperativas,8,23,38,51,47,26,29,32,54,18,9,64,79,34,74,0,0,0,0,1,0,0,0,0,Malo,SUJETO DE CREDITO-EVALUABLE,[3]Baja_Propension,Cliente No Financiado,SI,SALESFORCE -WEB
2081,deudor no comercial,Agricola,Segmento F,Segmento F,Region 6,Zona 6,1,1,1,0,1,1,1,0,0,1,1,18,Malo,Regular,M,1,Sociedad,5,87,50,41,53,72,61,22,66,44,35,13,94,75,36,0,1,1,1,0,1,0,1,1,Excelente,NO SUJETO DE CREDITO,[1]Alta_Propension,Castigado o Sin Producto,NO,SALESFORCE -WEB
2082,deudor uso medio de pago,Pesca,Segmento E,Segmento F,Region 6,Zona 4,1,1,0,0,0,0,0,0,0,1,0,25,Malo,Excelente,M,2,SPA,17,20,3,43,60,87,16,37,50,90,33,35,30,74,74,1,1,1,0,0,0,0,0,1,Bueno,SUJETO DE CREDITO-EVALUABLE,[3]Baja_Propension,Cliente Finaciado,SI,SALESFORCE -WEB
2083,deudor no comercial,Pesca,Segmento E,Segmento E,Region 5,Zona 6,0,1,1,1,0,0,1,1,1,1,0,47,Excelente,Malo,M,1,Sociedad,15,75,33,49,43,15,46,77,36,92,55,29,1,39,92,0,1,1,1,0,1,0,1,0,Malo,SUJETO DE CREDITO-EVALUABLE,[3]Baja_Propension,Cliente No Financiado,NO,
2084,deudor uso medio de pago,Biotecnologia,Segmento E,Segmento E,Region 6,Zona 4,1,0,1,0,1,1,1,0,0,0,1,64,Malo,Malo,F,2,Cooperativas,13,35,80,68,8,79,31,71,22,12,61,61,52,9,57,0,1,0,1,0,1,1,0,0,Excelente,SUJETO DE CREDITO-EVALUABLE,[2]Media_Propension,Cliente Finaciado,NO,SALESFORCE -WEB
2085,deudor comercial,Biotecnologia,Segmento D,Segmento F,Region 4,Zona 4,0,0,1,0,1,1,1,1,0,1,1,49,Excelente,Malo,M,1,Sindicatos,41,52,66,74,33,32,19,93,5,25,72,30,79,99,34,1,1,1,0,0,0,1,0,0,Excelente,SUJETO DE CREDITO-EVALUABLE,[3]Baja_Propension,Cliente Finaciado,NO,SALESFORCE -WEB
2086,deudor uso medio de pago,Pesca,Segmento F,Segmento D,Region 4,Zona 5,1,1,0,1,1,1,0,1,0,0,1,34,Regular,Malo,F,2,Sindicatos,15,10,3,18,84,54,92,65,5,2,10,12,61,41,4,1,0,0,1,1,1,1,0,0,Malo,NO SUJETO DE CREDITO,[1]Alta_Propension,Cliente No Financiado,SI,VENTA CENTRALIZADA
2087,deudor uso medio de pago,Agricola,Segmento F,Segmento D,Region 5,Zona 5,0,1,1,0,1,0,0,1,1,1,0,36,Excelente,Excelente,M,2,Cooperativas,88,81,52,69,33,34,82,0,34,85,54,53,16,69,16,1,1,0,0,0,0,0,0,0,Excelente,SUJETO DE CREDITO-EVALUABLE,[3]Baja_Propension,Cliente Finaciado,SI,SALESFORCE - CCL
2088,deudor comercial,Agricola,Segmento D,Segmento F,Region 5,Zona 6,1,1,0,0,0,1,1,1,1,0,0,30,Malo,Excelente,F,1,SPA,58,42,25,59,29,48,8,96,91,18,14,43,76,5,85,0,1,0,0,1,1,0,0,0,Malo,SUJETO DE CREDITO-EVALUABLE,[3]Baja_Propension,Cliente No Financiado,SI,RED SUCURSALES
2089,deudor uso medio de pago,Biotecnologia,Segmento E,Segmento E,Region 4,Zona 4,0,0,1,0,1,1,1,0,0,0,1,37,Malo,Regular,F,2,Federacion,40,44,83,86,87,6,3,64,36,31,51,96,77,5,64,0,1,1,0,1,1,1,0,1,Malo,CON OBSERVACIONES-EVALUABLE,[1]Alta_Propension,Cliente No Financiado,SI,RED SUCURSALES
2090,deudor uso medio de pago,Biotecnologia,Segmento F,Segmento F,Region 5,Zona 4,0,0,0,1,1,0,1,0,1,1,1,49,Malo,Excelente,F,1,SPA,16,92,96,98,74,11,43,79,30,50,82,33,95,91,56,0,0,0,1,0,0,0,0,1,Excelente,NO SUJETO DE CREDITO,[3]Baja_Propension,Castigado o Sin Producto,SI,
2091,deudor comercial,Pesca,Segmento E,Segmento D,Region 6,Zona 6,1,1,1,1,0,1,0,0,1,1,1,28,Excelente,Malo,M,2,Cooperativas,84,83,68,60,50,49,79,63,88,41,83,6,10,70,90,0,0,0,1,0,0,0,0,1,Malo,NO SUJETO DE CREDITO,[2]Media_Propension,Cliente No Financiado,NO,
2092,deudor comercial,Pesca,Segmento F,Segmento F,Region 5,Zona 4,1,0,1,1,0,1,1,0,1,1,0,47,Malo,Regular,F,1,Cooperativas,49,51,68,98,27,42,96,17,5,25,58,42,86,9,49,1,1,1,0,1,0,0,1,1,Excelente,NO SUJETO DE CREDITO,[1]Alta_Propension,Cliente Finaciado,SI,RED SUCURSALES
2093,deudor comercial,Pesca,Segmento E,Segmento F,Region 4,Zona 5,0,1,0,0,0,1,1,0,0,1,1,44,Malo,Excelente,F,1,Cooperativas,6,17,55,33,24,91,52,80,33,58,82,12,20,74,98,0,1,1,0,0,1,1,1,0,Bueno,SUJETO DE CREDITO-EVALUABLE,[3]Baja_Propension,Cliente No Financiado,NO,
2094,deudor uso medio de pago,Biotecnologia,Segmento F,Segmento D,Region 6,Zona 6,1,0,1,0,0,0,1,1,0,0,0,57,Excelente,Regular,M,2,Sociedad,26,98,77,87,25,74,9,14,80,40,30,98,55,72,53,0,0,0,1,0,0,0,1,0,Malo,NO SUJETO DE CREDITO,[2]Media_Propension,Castigado o Sin Producto,NO,RED SUCURSALES
2095,deudor comercial,Pesca,Segmento D,Segmento F,Region 4,Zona 4,0,1,0,1,1,0,0,1,1,1,1,33,Malo,Malo,M,2,SPA,2,58,91,7,59,4,29,6,19,52,98,47,30,85,18,0,0,1,1,1,0,0,1,1,Malo,CON OBSERVACIONES-EVALUABLE,[1]Alta_Propension,Cliente Finaciado,NO,SALESFORCE -WEB
2096,deudor uso medio de pago,Biotecnologia,Segmento F,Segmento E,Region 6,Zona 5,1,0,1,1,1,0,0,0,0,0,1,62,Excelente,Regular,F,2,Sociedad,62,87,1,23,24,53,52,75,76,31,55,89,74,79,96,0,1,1,1,0,1,0,0,0,Excelente,SUJETO DE CREDITO-EVALUABLE,[2]Media_Propension,Castigado o Sin Producto,SI,RED SUCURSALES
2097,deudor comercial,Biotecnologia,Segmento E,Segmento F,Region 5,Zona 5,1,1,0,0,1,0,0,1,0,1,0,51,Regular,Malo,F,2,Federacion,99,71,70,4,64,53,22,9,16,58,59,82,18,20,86,0,0,0,0,1,0,1,0,1,Bueno,NO SUJETO DE CREDITO,[3]Baja_Propension,Cliente No Financiado,NO,
2098,deudor uso medio de pago,Pesca,Segmento D,Segmento D,Region 5,Zona 6,0,0,0,1,1,1,1,1,0,1,1,47,Excelente,Malo,M,2,SPA,70,66,78,17,51,64,96,20,13,34,28,60,60,14,76,1,0,1,1,0,1,1,1,0,Excelente,CON OBSERVACIONES-EVALUABLE,[2]Media_Propension,Castigado o Sin Producto,SI,RED SUCURSALES
2099,deudor uso medio de pago,Pesca,Segmento D,Segmento E,Region 5,Zona 6,1,1,0,1,0,1,0,0,0,1,1,62,Malo,Malo,F,2,SPA,82,98,24,29,74,81,26,83,91,69,3,52,84,98,44,0,0,0,0,0,0,0,0,1,Bueno,CON OBSERVACIONES-EVALUABLE,[2]Media_Propension,Cliente Finaciado,NO,RED SUCURSALES
2100,deudor uso medio de pago,Biotecnologia,Segmento F,Segmento D,Region 4,Zona 4,1,0,0,0,0,1,0,0,1,0,0,50,Excelente,Malo,M,1,SPA,85,4,42,55,70,15,24,5,58,0,17,0,84,29,93,1,1,1,0,1,1,1,0,0,Excelente,SUJETO DE CREDITO-EVALUABLE,[1]Alta_Propension,Cliente No Financiado,NO,RED SUCURSALES
2101,deudor no comercial,Agricola,Segmento D,Segmento F,Region 6,Zona 5,0,1,1,1,1,0,1,0,0,1,1,44,Malo,Excelente,F,1,Sociedad,40,0,13,63,28,66,65,86,64,40,11,77,39,91,22,1,1,1,1,0,0,1,1,0,Excelente,NO SUJETO DE CREDITO,[2]Media_Propension,Cliente No Financiado,SI,RED SUCURSALES
2102,deudor uso medio de pago,Biotecnologia,Segmento F,Segmento D,Region 6,Zona 6,1,1,0,0,1,1,1,1,0,1,0,44,Regular,Excelente,F,2,SPA,17,11,1,42,0,89,15,99,87,57,7,14,26,26,66,0,0,0,0,1,0,1,0,1,Bueno,NO SUJETO DE CREDITO,[1]Alta_Propension,Cliente No Financiado,NO,RED SUCURSALES
2103,deudor no comercial,Agricola,Segmento E,Segmento D,Region 6,Zona 4,1,0,1,1,1,0,0,1,1,1,1,36,Malo,Excelente,F,1,Cooperativas,38,26,84,40,16,99,58,97,74,70,80,13,55,40,79,1,0,0,1,1,1,1,0,1,Bueno,CON OBSERVACIONES-EVALUABLE,[1]Alta_Propension,Cliente No Financiado,SI,SALESFORCE - CCL
2104,deudor no comercial,Agricola,Segmento E,Segmento D,Region 5,Zona 6,1,0,0,1,1,0,0,0,1,1,1,60,Malo,Excelente,F,1,Federacion,69,94,47,64,18,59,5,50,85,41,90,61,58,75,24,0,1,1,1,0,0,0,1,1,Bueno,NO SUJETO DE CREDITO,[2]Media_Propension,Cliente No Financiado,NO,VENTA CENTRALIZADA
2105,deudor uso medio de pago,Agricola,Segmento E,Segmento D,Region 4,Zona 4,0,1,1,1,0,0,1,0,1,1,0,26,Regular,Regular,M,2,Cooperativas,61,13,12,88,53,10,94,5,61,31,4,57,34,23,60,0,1,0,0,0,0,0,0,0,Bueno,NO SUJETO DE CREDITO,[2]Media_Propension,Castigado o Sin Producto,SI,VENTA CENTRALIZADA
2106,deudor uso medio de pago,Agricola,Segmento F,Segmento F,Region 4,Zona 5,1,0,1,1,1,1,0,0,1,1,0,70,Excelente,Malo,M,1,Sindicatos,98,49,97,49,95,88,82,59,38,35,92,38,33,61,81,1,0,1,1,1,1,0,1,1,Bueno,CON OBSERVACIONES-EVALUABLE,[3]Baja_Propension,Castigado o Sin Producto,SI,
2107,deudor no comercial,Agricola,Segmento F,Segmento E,Region 5,Zona 6,0,1,0,1,1,1,0,1,1,0,0,62,Regular,Regular,M,1,SPA,27,0,39,55,12,96,63,66,78,5,5,33,62,7,92,0,0,0,0,0,1,0,0,0,Bueno,CON OBSERVACIONES-EVALUABLE,[2]Media_Propension,Cliente Finaciado,SI,
2108,deudor comercial,Agricola,Segmento F,Segmento F,Region 5,Zona 4,1,0,0,1,1,1,1,1,1,1,0,46,Malo,Regular,M,1,Sindicatos,71,82,27,83,19,15,8,3,52,70,28,22,56,66,17,1,0,0,1,1,1,0,0,1,Malo,CON OBSERVACIONES-EVALUABLE,[1]Alta_Propension,Cliente Finaciado,NO,RED SUCURSALES
2109,deudor comercial,Biotecnologia,Segmento E,Segmento D,Region 6,Zona 6,0,0,0,1,0,0,0,1,0,1,1,33,Regular,Excelente,F,2,Federacion,16,80,38,4,89,90,57,94,42,52,73,91,41,19,94,0,1,0,0,1,1,1,1,1,Malo,NO SUJETO DE CREDITO,[1]Alta_Propension,Castigado o Sin Producto,NO,SALESFORCE - CCL
2110,deudor uso medio de pago,Agricola,Segmento D,Segmento D,Region 6,Zona 4,1,0,1,0,1,1,0,0,1,1,0,57,Regular,Malo,F,1,Sindicatos,22,62,28,3,45,68,41,28,46,14,22,46,74,22,86,1,0,0,0,1,0,1,0,0,Excelente,NO SUJETO DE CREDITO,[3]Baja_Propension,Cliente No Financiado,SI,SALESFORCE -WEB
2111,deudor uso medio de pago,Agricola,Segmento F,Segmento D,Region 4,Zona 4,1,1,0,1,1,1,1,0,1,0,1,58,Excelente,Malo,M,2,Sindicatos,14,52,44,91,41,3,60,73,60,27,26,85,29,46,0,0,1,1,0,0,0,1,1,0,Malo,CON OBSERVACIONES-EVALUABLE,[3]Baja_Propension,Cliente No Financiado,NO,SALESFORCE - CCL
2112,deudor no comercial,Pesca,Segmento D,Segmento F,Region 6,Zona 5,1,0,1,1,0,1,0,1,1,0,1,45,Malo,Regular,M,2,Cooperativas,23,20,85,25,74,28,52,23,75,33,0,34,62,27,62,0,1,1,1,0,0,1,1,1,Bueno,NO SUJETO DE CREDITO,[3]Baja_Propension,Cliente Finaciado,NO,
2113,deudor uso medio de pago,Agricola,Segmento D,Segmento D,Region 6,Zona 5,0,0,0,0,0,0,0,1,0,1,0,36,Malo,Excelente,M,2,Sociedad,18,75,39,79,54,24,94,36,11,96,34,73,65,56,42,0,0,1,0,1,0,1,0,0,Malo,CON OBSERVACIONES-EVALUABLE,[3]Baja_Propension,Castigado o Sin Producto,NO,SALESFORCE - CCL
2114,deudor comercial,Biotecnologia,Segmento E,Segmento D,Region 5,Zona 6,0,0,0,0,0,1,0,1,1,0,1,43,Malo,Excelente,F,1,Federacion,78,89,76,83,13,83,9,76,15,84,30,33,1,82,68,0,0,0,1,1,1,1,1,0,Bueno,SUJETO DE CREDITO-EVALUABLE,[2]Media_Propension,Cliente No Financiado,SI,SALESFORCE - CCL
2115,deudor uso medio de pago,Agricola,Segmento F,Segmento E,Region 4,Zona 6,1,1,0,0,1,1,0,0,1,1,1,40,Excelente,Regular,F,1,SPA,63,79,23,17,23,77,68,36,72,78,21,87,16,22,69,0,0,1,0,1,0,1,1,0,Bueno,NO SUJETO DE CREDITO,[3]Baja_Propension,Castigado o Sin Producto,SI,SALESFORCE -WEB
2116,deudor comercial,Agricola,Segmento E,Segmento E,Region 5,Zona 4,1,1,1,1,0,0,0,0,1,1,0,50,Excelente,Regular,M,1,Federacion,0,37,78,92,81,64,98,68,6,5,41,53,9,42,79,0,1,1,1,0,0,1,1,0,Malo,NO SUJETO DE CREDITO,[1]Alta_Propension,Castigado o Sin Producto,NO,SALESFORCE - CCL
2117,deudor no comercial,Biotecnologia,Segmento F,Segmento E,Region 5,Zona 4,1,0,1,0,1,0,1,0,0,1,0,26,Regular,Malo,F,1,Cooperativas,80,55,68,0,80,63,19,58,48,42,41,90,94,92,97,0,1,0,0,1,0,0,0,1,Malo,SUJETO DE CREDITO-EVALUABLE,[2]Media_Propension,Cliente No Financiado,SI,SALESFORCE -WEB
2118,deudor uso medio de pago,Biotecnologia,Segmento F,Segmento F,Region 4,Zona 6,0,1,1,0,1,0,1,0,1,0,0,68,Malo,Regular,M,2,SPA,87,6,51,15,17,31,47,84,54,19,84,87,86,65,1,0,0,0,0,0,0,1,1,1,Excelente,NO SUJETO DE CREDITO,[3]Baja_Propension,Castigado o Sin Producto,SI,SALESFORCE - CCL
2119,deudor comercial,Agricola,Segmento F,Segmento D,Region 4,Zona 6,0,0,1,1,1,1,1,1,0,0,1,29,Excelente,Excelente,F,2,Sindicatos,23,7,35,89,30,39,42,24,60,4,25,76,84,54,91,0,0,0,1,1,1,1,0,1,Malo,NO SUJETO DE CREDITO,[1]Alta_Propension,Cliente Finaciado,NO,SALESFORCE -WEB
2120,deudor comercial,Biotecnologia,Segmento F,Segmento D,Region 4,Zona 6,0,0,0,0,1,1,1,1,0,1,0,33,Malo,Malo,M,1,Sociedad,70,11,7,26,4,47,40,34,24,41,43,94,67,76,95,0,0,1,0,1,0,0,0,1,Excelente,SUJETO DE CREDITO-EVALUABLE,[3]Baja_Propension,Cliente No Financiado,NO,SALESFORCE -WEB
2121,deudor no comercial,Pesca,Segmento E,Segmento D,Region 5,Zona 5,1,1,1,1,1,0,1,1,1,0,1,66,Regular,Excelente,F,1,Sociedad,7,87,77,39,93,18,47,84,3,64,39,57,56,65,62,0,0,1,1,0,0,0,1,1,Bueno,SUJETO DE CREDITO-EVALUABLE,[2]Media_Propension,Cliente Finaciado,NO,VENTA CENTRALIZADA
2122,deudor no comercial,Agricola,Segmento E,Segmento D,Region 6,Zona 4,0,0,1,0,0,0,1,0,1,1,1,63,Regular,Malo,F,2,Cooperativas,15,67,55,32,80,50,47,21,21,20,97,23,20,47,15,0,0,0,1,1,1,1,1,0,Excelente,NO SUJETO DE CREDITO,[1]Alta_Propension,Cliente Finaciado,SI,SALESFORCE -WEB
2123,deudor uso medio de pago,Pesca,Segmento D,Segmento E,Region 5,Zona 5,0,1,1,1,0,0,0,0,1,1,1,49,Regular,Excelente,F,2,Cooperativas,28,57,38,16,57,78,73,56,48,1,71,95,88,87,82,1,1,1,0,0,0,1,1,1,Malo,CON OBSERVACIONES-EVALUABLE,[2]Media_Propension,Castigado o Sin Producto,SI,RED SUCURSALES
2124,deudor no comercial,Biotecnologia,Segmento D,Segmento F,Region 5,Zona 5,0,0,0,0,1,0,1,1,1,0,1,60,Excelente,Regular,F,1,Cooperativas,47,91,86,89,54,24,76,89,44,53,79,61,4,50,92,0,0,0,1,1,1,0,0,0,Bueno,CON OBSERVACIONES-EVALUABLE,[2]Media_Propension,Cliente No Financiado,SI,
2125,deudor comercial,Biotecnologia,Segmento E,Segmento E,Region 4,Zona 6,1,1,0,1,0,0,1,1,0,1,0,45,Excelente,Regular,M,1,SPA,16,29,40,11,4,49,52,49,6,0,98,40,78,38,88,0,0,0,0,0,0,0,1,0,Malo,NO SUJETO DE CREDITO,[1]Alta_Propension,Cliente Finaciado,SI,SALESFORCE -WEB
2126,deudor no comercial,Pesca,Segmento E,Segmento E,Region 6,Zona 4,0,0,0,0,1,1,1,1,1,0,1,47,Regular,Regular,F,2,Sindicatos,52,68,33,28,22,84,5,60,48,89,36,65,61,62,40,0,0,0,1,0,1,0,1,0,Excelente,CON OBSERVACIONES-EVALUABLE,[3]Baja_Propension,Cliente Finaciado,NO,RED SUCURSALES
2127,deudor uso medio de pago,Agricola,Segmento D,Segmento E,Region 6,Zona 5,1,1,0,0,1,0,0,1,0,0,0,42,Malo,Excelente,F,2,SPA,87,30,40,61,61,56,98,37,24,71,64,97,81,27,84,0,0,0,1,0,1,0,0,0,Bueno,NO SUJETO DE CREDITO,[2]Media_Propension,Castigado o Sin Producto,NO,SALESFORCE - CCL
2128,deudor uso medio de pago,Biotecnologia,Segmento D,Segmento F,Region 5,Zona 5,1,1,0,1,1,1,0,1,1,1,0,72,Regular,Regular,M,2,Sindicatos,39,97,74,97,37,76,46,89,90,55,78,12,77,4,88,1,0,1,1,1,1,0,1,0,Malo,CON OBSERVACIONES-EVALUABLE,[3]Baja_Propension,Cliente No Financiado,NO,
2129,deudor comercial,Agricola,Segmento F,Segmento D,Region 6,Zona 6,0,1,0,0,1,1,0,1,0,0,1,49,Excelente,Regular,F,2,SPA,80,6,66,9,51,55,71,36,13,67,71,93,26,51,48,0,1,0,1,0,1,1,1,0,Excelente,SUJETO DE CREDITO-EVALUABLE,[3]Baja_Propension,Cliente Finaciado,SI,RED SUCURSALES
2130,deudor comercial,Agricola,Segmento E,Segmento E,Region 6,Zona 6,1,1,0,1,0,0,1,0,1,1,0,27,Regular,Regular,F,2,SPA,20,43,64,30,74,64,33,27,56,78,43,50,58,98,29,1,1,1,0,0,1,1,1,1,Bueno,CON OBSERVACIONES-EVALUABLE,[3]Baja_Propension,Castigado o Sin Producto,SI,VENTA CENTRALIZADA
2131,deudor no comercial,Agricola,Segmento D,Segmento E,Region 6,Zona 4,1,1,0,0,1,0,1,0,0,0,1,53,Regular,Excelente,M,1,Sindicatos,53,71,58,8,85,31,70,15,94,29,79,49,40,5,56,0,0,0,0,0,0,1,0,0,Excelente,NO SUJETO DE CREDITO,[1]Alta_Propension,Cliente No Financiado,NO,
2132,deudor uso medio de pago,Pesca,Segmento E,Segmento F,Region 4,Zona 6,0,0,1,0,1,0,0,0,0,1,0,64,Malo,Excelente,M,2,Sindicatos,97,72,49,80,5,20,55,13,6,45,88,35,98,93,91,0,0,0,1,0,0,1,0,0,Excelente,SUJETO DE CREDITO-EVALUABLE,[3]Baja_Propension,Castigado o Sin Producto,NO,RED SUCURSALES
2133,deudor uso medio de pago,Pesca,Segmento F,Segmento D,Region 5,Zona 6,0,1,1,1,0,1,1,0,0,0,1,42,Regular,Malo,M,2,Federacion,36,25,38,13,34,94,70,72,81,39,58,46,29,52,48,0,1,1,0,1,1,0,0,1,Bueno,NO SUJETO DE CREDITO,[3]Baja_Propension,Castigado o Sin Producto,SI,SALESFORCE - CCL
2134,deudor no comercial,Biotecnologia,Segmento D,Segmento E,Region 5,Zona 5,0,1,1,1,1,1,1,1,1,1,0,60,Malo,Excelente,M,1,Federacion,74,95,88,45,66,67,66,66,68,49,27,21,38,58,84,1,1,1,1,1,0,0,0,0,Bueno,SUJETO DE CREDITO-EVALUABLE,[3]Baja_Propension,Castigado o Sin Producto,SI,SALESFORCE - CCL
2135,deudor no comercial,Agricola,Segmento F,Segmento E,Region 4,Zona 5,1,0,0,0,1,0,0,0,1,1,1,55,Excelente,Regular,M,1,SPA,6,76,29,84,85,76,0,31,92,46,71,87,58,30,11,0,0,0,0,1,0,1,0,0,Excelente,CON OBSERVACIONES-EVALUABLE,[1]Alta_Propension,Castigado o Sin Producto,NO,VENTA CENTRALIZADA
2136,deudor comercial,Biotecnologia,Segmento E,Segmento D,Region 5,Zona 6,0,0,1,0,0,1,0,1,0,1,0,20,Excelente,Regular,F,2,Cooperativas,35,33,47,25,34,49,40,34,84,89,96,93,22,39,57,1,1,1,1,1,1,1,1,0,Bueno,SUJETO DE CREDITO-EVALUABLE,[3]Baja_Propension,Cliente Finaciado,SI,RED SUCURSALES
2137,deudor no comercial,Pesca,Segmento D,Segmento E,Region 6,Zona 5,1,1,0,0,0,0,1,0,0,1,0,68,Excelente,Malo,M,2,Cooperativas,66,90,36,5,94,55,74,77,8,77,41,17,3,28,32,0,1,1,1,0,1,1,1,0,Malo,SUJETO DE CREDITO-EVALUABLE,[2]Media_Propension,Cliente Finaciado,SI,SALESFORCE - CCL
2138,deudor uso medio de pago,Agricola,Segmento F,Segmento E,Region 6,Zona 6,0,0,0,1,1,1,1,0,0,0,1,74,Malo,Excelente,M,2,SPA,69,0,37,86,59,17,41,72,20,79,75,34,68,14,29,1,1,1,1,0,0,0,1,0,Bueno,CON OBSERVACIONES-EVALUABLE,[2]Media_Propension,Cliente No Financiado,SI,SALESFORCE - CCL
2139,deudor no comercial,Pesca,Segmento D,Segmento D,Region 5,Zona 5,1,1,1,1,0,0,1,0,0,1,1,72,Regular,Malo,M,1,Cooperativas,65,5,20,59,8,3,42,85,42,58,9,11,48,13,15,0,1,0,1,1,1,1,0,1,Malo,SUJETO DE CREDITO-EVALUABLE,[3]Baja_Propension,Cliente Finaciado,NO,
2140,deudor comercial,Biotecnologia,Segmento F,Segmento D,Region 4,Zona 6,0,1,1,0,1,0,0,0,0,1,1,67,Excelente,Malo,M,1,Sociedad,24,77,0,39,36,9,20,39,0,28,93,6,41,69,33,0,1,0,1,1,1,0,0,0,Excelente,SUJETO DE CREDITO-EVALUABLE,[1]Alta_Propension,Cliente Finaciado,SI,VENTA CENTRALIZADA
2141,deudor no comercial,Pesca,Segmento D,Segmento E,Region 6,Zona 5,0,1,1,0,0,0,1,0,0,1,1,37,Malo,Excelente,F,1,Federacion,23,3,75,37,77,19,42,22,81,36,10,59,43,20,45,0,0,1,0,0,0,1,1,0,Excelente,SUJETO DE CREDITO-EVALUABLE,[2]Media_Propension,Cliente No Financiado,NO,
2142,deudor no comercial,Agricola,Segmento F,Segmento E,Region 4,Zona 5,1,0,1,0,0,1,0,0,0,0,1,24,Regular,Regular,M,1,Sociedad,31,87,97,25,24,53,4,53,8,7,6,93,18,78,18,1,1,1,0,1,0,0,1,0,Malo,SUJETO DE CREDITO-EVALUABLE,[3]Baja_Propension,Castigado o Sin Producto,SI,SALESFORCE -WEB
2143,deudor uso medio de pago,Pesca,Segmento D,Segmento F,Region 4,Zona 5,0,1,1,0,0,1,1,1,1,1,1,32,Malo,Regular,M,2,Cooperativas,82,89,13,54,80,75,15,16,78,3,35,1,30,58,35,0,0,0,1,0,1,0,1,1,Malo,NO SUJETO DE CREDITO,[2]Media_Propension,Castigado o Sin Producto,NO,SALESFORCE -WEB
2144,deudor uso medio de pago,Biotecnologia,Segmento F,Segmento D,Region 4,Zona 6,1,0,0,0,1,0,0,1,0,1,0,37,Malo,Excelente,F,1,Cooperativas,64,5,75,60,84,22,22,18,20,55,72,36,55,15,72,1,0,1,1,0,0,0,1,1,Bueno,CON OBSERVACIONES-EVALUABLE,[2]Media_Propension,Castigado o Sin Producto,NO,RED SUCURSALES
2145,deudor comercial,Agricola,Segmento E,Segmento E,Region 6,Zona 6,0,1,1,0,1,0,1,0,0,1,0,48,Regular,Excelente,M,1,Sindicatos,35,50,26,99,0,70,34,96,93,93,5,8,39,3,52,0,1,1,0,1,1,1,1,0,Malo,NO SUJETO DE CREDITO,[1]Alta_Propension,Cliente Finaciado,SI,SALESFORCE - CCL
2146,deudor comercial,Pesca,Segmento D,Segmento E,Region 5,Zona 5,0,1,1,0,1,1,0,1,0,0,0,51,Malo,Excelente,M,1,Sociedad,25,57,78,57,87,82,52,90,81,12,71,97,45,81,3,1,1,1,0,1,1,1,0,0,Bueno,CON OBSERVACIONES-EVALUABLE,[1]Alta_Propension,Cliente Finaciado,SI,SALESFORCE - CCL
2147,deudor uso medio de pago,Pesca,Segmento F,Segmento D,Region 6,Zona 6,1,0,1,1,1,0,1,1,0,0,1,31,Excelente,Malo,M,2,SPA,32,93,55,67,26,90,18,89,83,6,38,23,55,52,80,0,1,1,1,0,0,1,1,0,Malo,NO SUJETO DE CREDITO,[2]Media_Propension,Cliente No Financiado,NO,VENTA CENTRALIZADA
2148,deudor no comercial,Pesca,Segmento F,Segmento E,Region 6,Zona 5,1,0,0,1,0,1,0,1,1,1,1,57,Regular,Excelente,M,2,Federacion,68,22,32,50,80,56,55,18,73,50,95,43,27,63,3,0,1,1,1,1,0,0,0,0,Malo,SUJETO DE CREDITO-EVALUABLE,[1]Alta_Propension,Castigado o Sin Producto,SI,
2149,deudor uso medio de pago,Agricola,Segmento F,Segmento E,Region 5,Zona 6,0,0,0,1,0,0,1,1,0,0,1,31,Malo,Regular,M,1,Sociedad,6,85,25,76,54,27,88,34,65,29,75,97,50,78,70,1,0,1,1,0,0,1,1,1,Malo,SUJETO DE CREDITO-EVALUABLE,[3]Baja_Propension,Cliente Finaciado,SI,SALESFORCE -WEB
2150,deudor uso medio de pago,Agricola,Segmento D,Segmento D,Region 4,Zona 6,0,0,1,1,0,0,0,0,0,1,1,44,Regular,Malo,F,1,Federacion,36,63,44,78,22,2,57,82,20,14,14,70,9,56,28,0,0,1,0,1,0,0,0,0,Excelente,SUJETO DE CREDITO-EVALUABLE,[1]Alta_Propension,Cliente No Financiado,NO,VENTA CENTRALIZADA
2151,deudor uso medio de pago,Biotecnologia,Segmento E,Segmento F,Region 6,Zona 5,0,0,0,1,1,1,0,1,0,0,0,52,Malo,Excelente,M,1,Sindicatos,93,13,83,31,6,60,68,15,24,88,83,97,12,57,46,0,0,0,0,1,0,1,0,0,Bueno,NO SUJETO DE CREDITO,[2]Media_Propension,Castigado o Sin Producto,SI,VENTA CENTRALIZADA
2152,deudor no comercial,Pesca,Segmento E,Segmento E,Region 5,Zona 4,0,1,1,0,1,0,0,0,1,1,0,53,Excelente,Excelente,F,2,Sindicatos,2,44,56,3,71,66,2,20,95,55,37,42,30,32,31,1,0,1,1,0,0,0,0,0,Excelente,SUJETO DE CREDITO-EVALUABLE,[2]Media_Propension,Castigado o Sin Producto,SI,SALESFORCE - CCL
2153,deudor comercial,Biotecnologia,Segmento F,Segmento D,Region 6,Zona 5,0,1,1,0,0,0,0,1,1,1,0,30,Excelente,Regular,F,2,Federacion,84,0,90,65,15,33,87,94,98,53,36,10,87,18,36,1,1,1,0,1,1,1,1,0,Excelente,NO SUJETO DE CREDITO,[1]Alta_Propension,Cliente No Financiado,NO,SALESFORCE -WEB
2154,deudor no comercial,Biotecnologia,Segmento E,Segmento F,Region 6,Zona 6,0,1,1,1,1,1,1,0,0,0,0,68,Malo,Malo,M,2,Federacion,11,68,29,76,2,78,2,14,27,17,47,21,70,37,20,0,1,1,1,1,0,0,0,1,Bueno,SUJETO DE CREDITO-EVALUABLE,[1]Alta_Propension,Castigado o Sin Producto,NO,SALESFORCE -WEB
2155,deudor no comercial,Biotecnologia,Segmento D,Segmento F,Region 6,Zona 6,0,0,1,0,0,0,1,0,0,0,1,22,Regular,Excelente,F,2,Cooperativas,13,97,93,86,0,92,88,51,2,87,11,8,63,3,4,0,1,1,0,0,0,0,0,1,Excelente,CON OBSERVACIONES-EVALUABLE,[1]Alta_Propension,Cliente No Financiado,NO,VENTA CENTRALIZADA
2156,deudor comercial,Pesca,Segmento F,Segmento E,Region 4,Zona 6,1,1,0,0,0,1,1,0,1,1,1,22,Regular,Excelente,F,2,Federacion,69,79,58,58,33,41,12,80,80,12,23,2,51,39,29,0,0,0,1,1,1,0,1,1,Excelente,SUJETO DE CREDITO-EVALUABLE,[2]Media_Propension,Cliente No Financiado,NO,RED SUCURSALES
2157,deudor uso medio de pago,Agricola,Segmento D,Segmento F,Region 5,Zona 5,1,1,1,1,1,1,0,1,1,1,0,28,Excelente,Regular,M,2,Sindicatos,11,3,16,20,56,89,72,40,11,63,52,16,17,97,0,1,1,0,0,0,1,1,0,1,Malo,SUJETO DE CREDITO-EVALUABLE,[1]Alta_Propension,Cliente Finaciado,SI,
2158,deudor uso medio de pago,Pesca,Segmento F,Segmento F,Region 6,Zona 4,0,1,0,0,1,0,0,1,0,0,0,46,Regular,Excelente,F,2,Sindicatos,69,94,53,93,63,7,40,87,2,67,35,30,96,71,26,0,1,0,0,1,0,0,0,1,Excelente,SUJETO DE CREDITO-EVALUABLE,[3]Baja_Propension,Cliente No Financiado,NO,RED SUCURSALES
2159,deudor uso medio de pago,Agricola,Segmento D,Segmento F,Region 6,Zona 6,0,1,0,0,1,0,0,0,1,1,0,51,Malo,Malo,M,2,SPA,35,97,15,19,79,93,13,31,84,60,46,49,4,89,60,1,0,1,1,1,0,1,0,0,Bueno,NO SUJETO DE CREDITO,[2]Media_Propension,Castigado o Sin Producto,SI,
2160,deudor comercial,Agricola,Segmento E,Segmento E,Region 4,Zona 4,0,1,0,1,0,0,1,1,0,0,0,69,Regular,Regular,M,1,Cooperativas,47,25,68,54,21,18,63,35,2,0,81,87,22,42,59,1,1,0,0,1,0,1,1,1,Malo,SUJETO DE CREDITO-EVALUABLE,[3]Baja_Propension,Cliente Finaciado,SI,
2161,deudor comercial,Biotecnologia,Segmento F,Segmento F,Region 5,Zona 5,0,0,1,1,0,0,0,1,0,0,0,58,Excelente,Malo,M,1,Federacion,62,38,93,0,32,55,87,2,2,79,40,96,26,93,70,0,1,1,0,1,0,0,1,0,Excelente,NO SUJETO DE CREDITO,[2]Media_Propension,Castigado o Sin Producto,SI,SALESFORCE -WEB
2162,deudor no comercial,Biotecnologia,Segmento E,Segmento F,Region 4,Zona 6,1,0,1,0,0,0,1,1,0,1,1,63,Malo,Regular,F,1,Federacion,5,12,7,56,44,14,6,82,96,56,18,34,80,21,90,0,0,1,0,1,1,0,0,0,Bueno,NO SUJETO DE CREDITO,[1]Alta_Propension,Castigado o Sin Producto,NO,VENTA CENTRALIZADA
2163,deudor uso medio de pago,Agricola,Segmento E,Segmento D,Region 6,Zona 4,0,1,1,0,0,0,1,0,1,0,1,45,Excelente,Excelente,F,2,Sociedad,37,36,87,33,13,38,46,89,52,99,31,12,49,2,91,1,0,1,0,0,0,1,0,1,Malo,SUJETO DE CREDITO-EVALUABLE,[2]Media_Propension,Cliente Finaciado,SI,SALESFORCE - CCL
2164,deudor uso medio de pago,Biotecnologia,Segmento F,Segmento D,Region 6,Zona 6,1,0,0,0,1,1,1,0,0,0,0,36,Excelente,Regular,F,2,Cooperativas,97,55,9,20,17,40,87,4,11,58,50,77,35,3,71,0,0,1,1,0,0,0,0,0,Malo,NO SUJETO DE CREDITO,[2]Media_Propension,Castigado o Sin Producto,SI,SALESFORCE - CCL
2165,deudor comercial,Agricola,Segmento E,Segmento F,Region 6,Zona 6,0,0,0,1,1,1,0,1,1,0,0,73,Regular,Regular,F,1,Sindicatos,67,9,56,7,75,90,13,45,86,0,18,52,2,52,32,1,1,0,1,0,0,0,0,0,Bueno,CON OBSERVACIONES-EVALUABLE,[1]Alta_Propension,Castigado o Sin Producto,NO,SALESFORCE - CCL
2166,deudor comercial,Pesca,Segmento F,Segmento F,Region 5,Zona 4,1,1,1,0,1,0,0,0,0,1,0,25,Regular,Excelente,M,1,Sociedad,5,55,4,7,7,81,57,34,34,47,17,11,30,40,32,0,0,0,1,0,0,0,0,1,Bueno,NO SUJETO DE CREDITO,[1]Alta_Propension,Cliente No Financiado,SI,VENTA CENTRALIZADA
2167,deudor no comercial,Pesca,Segmento F,Segmento D,Region 4,Zona 4,1,1,1,1,1,1,0,0,0,0,1,65,Excelente,Regular,F,1,SPA,42,85,68,57,52,38,75,40,10,1,94,46,65,45,68,1,1,0,1,1,1,1,1,1,Excelente,SUJETO DE CREDITO-EVALUABLE,[3]Baja_Propension,Castigado o Sin Producto,NO,SALESFORCE -WEB
2168,deudor no comercial,Agricola,Segmento D,Segmento D,Region 6,Zona 5,1,0,1,1,0,1,0,0,1,0,0,29,Malo,Malo,M,1,Federacion,4,93,22,69,25,76,68,47,28,78,41,29,74,67,35,1,0,0,1,0,1,0,1,1,Bueno,CON OBSERVACIONES-EVALUABLE,[2]Media_Propension,Castigado o Sin Producto,NO,VENTA CENTRALIZADA
2169,deudor no comercial,Biotecnologia,Segmento D,Segmento F,Region 5,Zona 6,1,1,0,1,1,1,1,0,1,1,0,70,Regular,Regular,F,2,SPA,72,30,78,94,50,91,89,55,19,13,29,69,37,86,43,0,1,1,1,0,1,0,1,1,Excelente,NO SUJETO DE CREDITO,[1]Alta_Propension,Cliente No Financiado,NO,SALESFORCE - CCL
2170,deudor no comercial,Agricola,Segmento E,Segmento F,Region 6,Zona 5,1,0,1,1,1,0,1,0,1,1,0,59,Malo,Regular,M,2,Cooperativas,27,84,37,20,60,38,48,30,62,13,66,31,20,87,85,0,0,1,1,0,1,1,1,1,Excelente,SUJETO DE CREDITO-EVALUABLE,[1]Alta_Propension,Castigado o Sin Producto,SI,VENTA CENTRALIZADA
2171,deudor comercial,Pesca,Segmento E,Segmento D,Region 4,Zona 5,0,0,1,1,0,1,1,1,1,0,0,72,Regular,Regular,M,1,SPA,18,88,33,56,13,58,56,8,92,56,47,33,41,59,5,0,1,0,0,0,0,1,1,1,Malo,CON OBSERVACIONES-EVALUABLE,[2]Media_Propension,Cliente No Financiado,NO,SALESFORCE - CCL
2172,deudor comercial,Agricola,Segmento E,Segmento E,Region 5,Zona 5,1,1,1,0,0,1,0,1,0,0,1,38,Malo,Excelente,F,2,Cooperativas,12,47,55,32,33,78,36,84,45,40,2,31,32,74,7,1,1,1,0,1,1,1,1,0,Malo,SUJETO DE CREDITO-EVALUABLE,[3]Baja_Propension,Cliente Finaciado,SI,
2173,deudor comercial,Agricola,Segmento D,Segmento E,Region 6,Zona 4,0,1,1,1,0,1,0,1,1,0,0,32,Malo,Excelente,F,1,Federacion,60,16,0,60,15,42,99,59,11,23,51,38,97,75,83,1,1,0,1,1,1,0,1,0,Excelente,CON OBSERVACIONES-EVALUABLE,[2]Media_Propension,Castigado o Sin Producto,NO,SALESFORCE - CCL
2174,deudor comercial,Pesca,Segmento E,Segmento E,Region 4,Zona 6,0,0,1,0,1,1,0,1,1,0,0,69,Excelente,Excelente,M,2,Sindicatos,73,68,75,35,27,22,47,24,59,71,42,80,10,23,27,1,0,0,1,1,0,1,0,1,Malo,NO SUJETO DE CREDITO,[1]Alta_Propension,Cliente Finaciado,SI,SALESFORCE - CCL
2175,deudor uso medio de pago,Pesca,Segmento E,Segmento D,Region 4,Zona 4,1,1,0,0,0,1,1,1,1,0,1,56,Malo,Malo,F,2,SPA,77,86,25,66,89,89,97,54,39,17,57,33,21,8,4,1,0,0,0,1,1,1,1,1,Malo,CON OBSERVACIONES-EVALUABLE,[3]Baja_Propension,Cliente Finaciado,SI,SALESFORCE -WEB
2176,deudor no comercial,Pesca,Segmento F,Segmento D,Region 5,Zona 4,1,0,1,1,1,0,0,1,0,0,1,42,Regular,Regular,M,1,Federacion,95,55,84,83,36,43,46,64,94,98,87,4,14,36,6,1,0,1,1,1,0,1,1,0,Excelente,CON OBSERVACIONES-EVALUABLE,[2]Media_Propension,Cliente Finaciado,SI,VENTA CENTRALIZADA
2177,deudor no comercial,Pesca,Segmento E,Segmento F,Region 6,Zona 6,1,1,1,1,1,0,0,0,0,1,0,46,Regular,Regular,M,1,Federacion,46,55,76,1,54,72,85,39,61,98,47,25,41,26,9,0,0,1,1,0,0,1,1,1,Excelente,NO SUJETO DE CREDITO,[2]Media_Propension,Cliente Finaciado,SI,RED SUCURSALES
2178,deudor no comercial,Biotecnologia,Segmento D,Segmento E,Region 5,Zona 5,0,0,1,0,1,1,1,0,1,0,0,65,Regular,Excelente,M,1,Sindicatos,51,6,15,27,24,51,92,15,26,36,82,52,89,89,50,1,1,0,0,1,0,1,0,0,Malo,CON OBSERVACIONES-EVALUABLE,[3]Baja_Propension,Cliente Finaciado,NO,VENTA CENTRALIZADA
2179,deudor comercial,Agricola,Segmento D,Segmento E,Region 5,Zona 4,1,0,1,1,1,1,1,1,1,0,1,33,Malo,Malo,F,2,Sindicatos,97,76,17,43,49,13,84,76,91,82,21,61,56,87,35,1,0,0,1,1,1,0,0,0,Malo,CON OBSERVACIONES-EVALUABLE,[2]Media_Propension,Cliente No Financiado,SI,RED SUCURSALES
2180,deudor no comercial,Pesca,Segmento F,Segmento E,Region 6,Zona 6,0,0,0,1,1,0,1,0,1,0,0,28,Malo,Regular,M,2,Federacion,62,96,31,66,3,4,8,4,16,79,36,26,52,89,48,1,1,0,1,1,0,0,0,0,Excelente,CON OBSERVACIONES-EVALUABLE,[3]Baja_Propension,Cliente Finaciado,SI,
2181,deudor comercial,Biotecnologia,Segmento E,Segmento E,Region 4,Zona 4,1,1,1,1,1,0,1,1,0,1,1,45,Excelente,Regular,M,2,Cooperativas,16,82,99,17,36,2,54,54,36,69,0,52,7,21,5,1,0,1,0,0,0,0,0,0,Excelente,SUJETO DE CREDITO-EVALUABLE,[1]Alta_Propension,Cliente No Financiado,SI,RED SUCURSALES
2182,deudor no comercial,Agricola,Segmento F,Segmento F,Region 4,Zona 6,0,1,1,0,0,0,0,1,1,0,0,45,Malo,Regular,F,1,Federacion,47,82,53,58,84,22,27,68,18,53,38,25,69,30,71,1,0,0,0,1,1,1,1,1,Malo,CON OBSERVACIONES-EVALUABLE,[2]Media_Propension,Cliente No Financiado,SI,SALESFORCE - CCL
2183,deudor no comercial,Agricola,Segmento F,Segmento E,Region 6,Zona 6,0,0,1,0,1,1,1,1,0,1,1,25,Malo,Regular,F,1,Cooperativas,27,73,9,99,33,24,2,73,15,0,1,9,87,65,88,0,0,0,1,0,0,0,0,0,Excelente,NO SUJETO DE CREDITO,[3]Baja_Propension,Cliente Finaciado,NO,SALESFORCE - CCL
2184,deudor comercial,Agricola,Segmento D,Segmento F,Region 5,Zona 6,1,1,0,1,1,0,1,0,0,0,0,28,Malo,Excelente,F,2,Cooperativas,14,9,24,83,56,69,35,70,68,35,60,80,50,11,54,1,1,0,0,1,1,0,0,1,Malo,SUJETO DE CREDITO-EVALUABLE,[2]Media_Propension,Castigado o Sin Producto,SI,RED SUCURSALES
2185,deudor no comercial,Agricola,Segmento E,Segmento D,Region 5,Zona 5,0,1,0,1,0,1,1,0,0,0,1,19,Regular,Malo,F,1,Cooperativas,13,32,9,9,35,43,42,66,27,52,32,11,4,6,45,0,0,1,1,0,0,0,1,0,Malo,NO SUJETO DE CREDITO,[3]Baja_Propension,Cliente No Financiado,SI,RED SUCURSALES
2186,deudor uso medio de pago,Agricola,Segmento E,Segmento F,Region 5,Zona 4,0,0,1,0,1,1,0,1,1,1,0,44,Malo,Excelente,F,2,Cooperativas,26,59,43,77,60,37,6,53,28,62,49,37,39,31,71,0,0,0,1,1,1,1,1,1,Excelente,CON OBSERVACIONES-EVALUABLE,[1]Alta_Propension,Castigado o Sin Producto,NO,
2187,deudor uso medio de pago,Pesca,Segmento E,Segmento D,Region 5,Zona 6,1,0,1,0,1,0,1,1,0,1,0,37,Regular,Regular,F,1,Federacion,59,36,52,70,72,10,24,40,24,26,65,68,90,5,3,1,0,1,0,1,1,1,0,0,Malo,CON OBSERVACIONES-EVALUABLE,[1]Alta_Propension,Castigado o Sin Producto,NO,SALESFORCE -WEB
2188,deudor no comercial,Agricola,Segmento D,Segmento D,Region 6,Zona 4,0,0,0,0,0,1,1,1,1,0,1,60,Excelente,Regular,M,1,Sociedad,6,82,9,22,51,27,69,86,91,4,93,49,55,95,49,0,0,0,1,0,0,1,1,1,Excelente,CON OBSERVACIONES-EVALUABLE,[3]Baja_Propension,Castigado o Sin Producto,SI,RED SUCURSALES
2189,deudor uso medio de pago,Pesca,Segmento E,Segmento D,Region 4,Zona 6,0,0,1,0,0,0,0,0,0,0,1,23,Excelente,Malo,F,2,Cooperativas,15,0,42,38,1,46,87,75,61,27,58,49,65,10,62,0,1,1,1,0,1,0,0,0,Bueno,SUJETO DE CREDITO-EVALUABLE,[2]Media_Propension,Cliente Finaciado,SI,RED SUCURSALES
2190,deudor no comercial,Biotecnologia,Segmento E,Segmento E,Region 4,Zona 5,1,1,1,0,1,1,0,1,1,0,1,69,Regular,Excelente,F,2,Federacion,50,78,56,21,31,17,36,15,67,80,58,39,70,93,87,1,1,0,1,1,1,1,1,0,Malo,CON OBSERVACIONES-EVALUABLE,[2]Media_Propension,Cliente No Financiado,NO,SALESFORCE - CCL
2191,deudor uso medio de pago,Agricola,Segmento D,Segmento E,Region 4,Zona 6,1,1,0,1,1,1,1,0,1,0,1,54,Malo,Excelente,F,2,Cooperativas,43,23,63,53,0,72,31,16,53,95,92,97,62,51,96,1,1,0,1,1,0,0,0,0,Bueno,NO SUJETO DE CREDITO,[2]Media_Propension,Cliente No Financiado,NO,RED SUCURSALES
2192,deudor comercial,Biotecnologia,Segmento E,Segmento E,Region 5,Zona 4,1,0,1,0,1,1,0,1,1,0,1,24,Regular,Excelente,M,2,Federacion,75,70,52,42,29,60,27,20,63,9,92,73,20,60,85,1,1,1,1,0,0,1,0,1,Bueno,SUJETO DE CREDITO-EVALUABLE,[1]Alta_Propension,Cliente Finaciado,SI,SALESFORCE - CCL
2193,deudor no comercial,Pesca,Segmento F,Segmento F,Region 4,Zona 6,1,1,1,1,0,0,0,0,0,0,0,35,Regular,Regular,M,1,Sindicatos,94,39,9,10,25,43,0,38,74,91,76,58,73,27,66,0,0,1,1,1,1,0,0,1,Malo,SUJETO DE CREDITO-EVALUABLE,[3]Baja_Propension,Castigado o Sin Producto,SI,
2194,deudor uso medio de pago,Pesca,Segmento D,Segmento F,Region 4,Zona 6,0,1,1,1,1,1,1,1,1,1,0,24,Excelente,Excelente,M,1,Sindicatos,24,55,85,69,11,87,85,7,17,82,78,53,86,14,22,0,0,1,1,0,0,0,0,0,Malo,CON OBSERVACIONES-EVALUABLE,[3]Baja_Propension,Castigado o Sin Producto,NO,RED SUCURSALES
2195,deudor no comercial,Agricola,Segmento D,Segmento D,Region 6,Zona 6,1,1,1,1,0,0,1,1,0,1,0,26,Regular,Regular,F,1,Sociedad,32,19,21,68,36,9,52,20,52,98,79,60,33,82,78,0,0,0,1,0,0,1,1,1,Excelente,CON OBSERVACIONES-EVALUABLE,[1]Alta_Propension,Cliente No Financiado,SI,
2196,deudor no comercial,Agricola,Segmento F,Segmento E,Region 5,Zona 4,0,1,0,1,1,0,1,0,1,1,0,19,Regular,Excelente,F,2,Cooperativas,52,13,27,65,6,15,50,87,86,91,67,67,96,14,99,0,1,0,1,1,0,1,0,0,Malo,CON OBSERVACIONES-EVALUABLE,[1]Alta_Propension,Castigado o Sin Producto,NO,VENTA CENTRALIZADA
2197,deudor comercial,Biotecnologia,Segmento F,Segmento E,Region 5,Zona 5,1,0,0,1,1,1,0,1,1,1,0,48,Regular,Regular,F,2,SPA,59,11,42,46,63,53,65,1,9,25,47,57,30,16,92,1,1,1,1,0,0,0,0,0,Excelente,SUJETO DE CREDITO-EVALUABLE,[1]Alta_Propension,Castigado o Sin Producto,NO,SALESFORCE -WEB
2198,deudor no comercial,Pesca,Segmento F,Segmento E,Region 5,Zona 5,1,1,1,1,0,0,0,1,1,0,0,44,Malo,Regular,F,1,Cooperativas,78,98,1,77,30,4,11,90,70,34,74,60,83,7,99,1,0,1,1,1,0,1,1,0,Excelente,NO SUJETO DE CREDITO,[1]Alta_Propension,Cliente Finaciado,SI,
2199,deudor comercial,Biotecnologia,Segmento D,Segmento D,Region 5,Zona 5,1,1,0,0,1,1,0,1,0,1,0,62,Regular,Malo,M,1,Cooperativas,50,50,32,91,26,28,58,20,42,96,29,56,86,86,31,1,1,1,1,1,1,0,0,0,Malo,SUJETO DE CREDITO-EVALUABLE,[1]Alta_Propension,Castigado o Sin Producto,SI,RED SUCURSALES
2200,deudor uso medio de pago,Pesca,Segmento D,Segmento D,Region 4,Zona 4,0,1,1,1,1,1,1,1,1,0,1,51,Regular,Regular,M,2,Sindicatos,11,3,16,19,99,17,32,76,44,53,46,2,65,52,23,1,0,1,1,0,1,1,0,1,Bueno,NO SUJETO DE CREDITO,[3]Baja_Propension,Cliente Finaciado,NO,SALESFORCE - CCL
2201,deudor comercial,Agricola,Segmento E,Segmento D,Region 6,Zona 4,0,1,0,1,0,0,0,1,0,1,0,31,Malo,Regular,M,1,Sociedad,48,22,52,89,3,72,42,39,21,95,40,23,28,97,53,0,1,1,0,1,1,1,0,0,Malo,SUJETO DE CREDITO-EVALUABLE,[1]Alta_Propension,Cliente Finaciado,NO,SALESFORCE - CCL
2202,deudor uso medio de pago,Biotecnologia,Segmento E,Segmento D,Region 6,Zona 4,1,0,1,0,1,0,0,0,1,0,1,52,Excelente,Malo,M,1,Sindicatos,43,55,74,90,83,46,26,50,15,52,18,9,44,73,59,0,0,0,0,0,1,1,0,1,Bueno,SUJETO DE CREDITO-EVALUABLE,[2]Media_Propension,Cliente No Financiado,SI,SALESFORCE - CCL
2203,deudor comercial,Agricola,Segmento F,Segmento E,Region 6,Zona 5,1,0,1,1,0,1,0,1,0,1,0,74,Excelente,Malo,F,1,Cooperativas,69,21,93,54,55,12,43,9,76,2,57,77,56,43,1,1,0,0,0,1,1,0,0,1,Malo,NO SUJETO DE CREDITO,[3]Baja_Propension,Cliente No Financiado,SI,
2204,deudor comercial,Pesca,Segmento E,Segmento D,Region 4,Zona 5,1,0,1,1,1,1,0,0,0,1,0,27,Malo,Regular,M,1,Sociedad,1,39,88,86,78,79,25,66,38,80,45,67,21,67,68,1,0,1,1,1,0,1,0,0,Bueno,SUJETO DE CREDITO-EVALUABLE,[2]Media_Propension,Cliente Finaciado,SI,SALESFORCE - CCL
2205,deudor comercial,Biotecnologia,Segmento D,Segmento E,Region 5,Zona 4,1,0,1,0,0,1,0,0,0,1,0,44,Regular,Malo,F,2,Sociedad,51,80,60,43,43,53,11,69,31,34,71,54,4,82,76,0,1,0,0,1,1,1,0,1,Malo,NO SUJETO DE CREDITO,[3]Baja_Propension,Castigado o Sin Producto,SI,SALESFORCE - CCL
2206,deudor uso medio de pago,Pesca,Segmento D,Segmento D,Region 4,Zona 6,1,0,0,0,1,0,0,1,1,1,0,30,Malo,Excelente,F,1,Sindicatos,89,53,64,2,14,68,56,8,31,68,62,80,50,40,11,0,0,1,1,0,1,0,1,1,Malo,NO SUJETO DE CREDITO,[1]Alta_Propension,Castigado o Sin Producto,SI,SALESFORCE - CCL
2207,deudor uso medio de pago,Pesca,Segmento D,Segmento F,Region 4,Zona 4,0,1,1,1,1,1,1,0,1,1,1,35,Malo,Regular,M,2,Sociedad,30,36,32,23,34,80,75,33,96,78,38,16,37,13,50,0,0,0,0,1,0,0,0,0,Malo,CON OBSERVACIONES-EVALUABLE,[2]Media_Propension,Castigado o Sin Producto,NO,VENTA CENTRALIZADA
2208,deudor no comercial,Pesca,Segmento F,Segmento E,Region 6,Zona 4,1,1,1,1,1,1,1,0,0,1,1,68,Malo,Regular,F,1,Cooperativas,46,0,56,57,71,86,17,97,38,31,10,52,29,22,21,1,0,1,1,1,1,0,0,1,Malo,CON OBSERVACIONES-EVALUABLE,[2]Media_Propension,Castigado o Sin Producto,NO,
2209,deudor no comercial,Biotecnologia,Segmento F,Segmento D,Region 6,Zona 5,1,1,0,1,1,0,0,0,0,1,0,60,Malo,Malo,F,1,Cooperativas,12,52,69,10,48,92,34,17,39,41,42,93,32,88,61,1,1,0,0,1,1,1,1,1,Excelente,SUJETO DE CREDITO-EVALUABLE,[3]Baja_Propension,Cliente Finaciado,NO,SALESFORCE -WEB
2210,deudor comercial,Biotecnologia,Segmento E,Segmento F,Region 5,Zona 6,0,0,0,0,1,1,0,0,0,1,0,26,Regular,Excelente,M,2,Sociedad,68,18,1,85,38,89,47,46,4,37,40,88,43,99,12,1,0,1,1,1,0,1,1,1,Malo,NO SUJETO DE CREDITO,[1]Alta_Propension,Cliente No Financiado,SI,SALESFORCE -WEB
2211,deudor no comercial,Biotecnologia,Segmento E,Segmento D,Region 5,Zona 5,0,0,1,1,1,0,0,1,1,1,0,53,Excelente,Excelente,F,1,SPA,66,75,81,11,69,78,32,87,0,47,30,99,59,38,33,0,0,0,1,1,0,1,1,0,Excelente,NO SUJETO DE CREDITO,[1]Alta_Propension,Cliente Finaciado,NO,SALESFORCE -WEB
2212,deudor no comercial,Agricola,Segmento E,Segmento F,Region 6,Zona 6,1,0,1,0,0,1,1,1,1,1,0,71,Regular,Regular,M,2,Sindicatos,51,17,73,83,27,89,47,44,70,37,51,42,69,95,92,1,1,1,0,0,0,1,0,1,Bueno,CON OBSERVACIONES-EVALUABLE,[1]Alta_Propension,Castigado o Sin Producto,SI,
2213,deudor comercial,Biotecnologia,Segmento F,Segmento E,Region 4,Zona 6,1,0,0,0,1,0,0,0,0,1,0,34,Malo,Excelente,M,1,SPA,32,73,62,42,8,53,78,17,34,31,90,62,99,48,40,1,1,1,0,0,1,0,0,0,Malo,SUJETO DE CREDITO-EVALUABLE,[1]Alta_Propension,Cliente Finaciado,NO,SALESFORCE -WEB
2214,deudor comercial,Agricola,Segmento D,Segmento E,Region 6,Zona 4,0,1,1,1,1,1,1,1,1,1,0,62,Excelente,Malo,F,1,SPA,30,0,29,77,97,85,4,46,30,69,71,5,76,12,14,0,0,1,1,1,1,1,0,1,Bueno,SUJETO DE CREDITO-EVALUABLE,[3]Baja_Propension,Cliente No Financiado,SI,VENTA CENTRALIZADA
2215,deudor comercial,Biotecnologia,Segmento E,Segmento E,Region 6,Zona 5,0,0,1,1,0,1,0,1,0,0,1,36,Malo,Malo,F,2,Sindicatos,15,19,77,66,4,11,73,59,69,87,14,53,27,83,43,1,1,1,1,0,0,1,0,0,Malo,SUJETO DE CREDITO-EVALUABLE,[1]Alta_Propension,Cliente Finaciado,SI,RED SUCURSALES
2216,deudor no comercial,Pesca,Segmento D,Segmento E,Region 4,Zona 4,1,1,1,0,0,1,0,1,1,1,1,35,Regular,Excelente,M,2,Sindicatos,53,44,60,77,44,17,94,6,34,44,68,25,69,47,65,0,0,0,1,0,0,0,1,1,Bueno,NO SUJETO DE CREDITO,[3]Baja_Propension,Cliente No Financiado,NO,SALESFORCE -WEB
2217,deudor comercial,Agricola,Segmento E,Segmento D,Region 5,Zona 6,1,0,0,0,1,0,1,0,1,0,0,64,Excelente,Regular,F,1,Sindicatos,51,97,82,99,48,8,43,87,31,14,58,31,63,53,98,1,1,1,1,1,0,1,0,1,Excelente,NO SUJETO DE CREDITO,[2]Media_Propension,Castigado o Sin Producto,NO,
2218,deudor no comercial,Biotecnologia,Segmento E,Segmento F,Region 5,Zona 4,0,0,1,1,1,0,0,0,0,1,1,39,Malo,Excelente,F,2,SPA,5,60,3,16,90,42,22,35,48,53,14,33,21,32,1,0,1,0,0,1,0,0,1,1,Bueno,NO SUJETO DE CREDITO,[1]Alta_Propension,Cliente No Financiado,SI,
2219,deudor comercial,Pesca,Segmento F,Segmento E,Region 6,Zona 6,0,1,0,1,0,1,0,0,1,1,1,34,Excelente,Malo,F,1,Sindicatos,81,95,8,82,4,45,84,93,8,0,12,89,89,25,92,1,1,0,1,1,0,1,1,1,Excelente,NO SUJETO DE CREDITO,[3]Baja_Propension,Cliente Finaciado,NO,SALESFORCE - CCL
2220,deudor no comercial,Agricola,Segmento E,Segmento E,Region 6,Zona 4,1,0,0,1,1,0,0,0,0,1,0,57,Malo,Excelente,F,2,Sociedad,49,29,75,1,67,42,13,48,95,42,54,97,37,72,9,0,1,0,1,1,0,1,1,0,Excelente,NO SUJETO DE CREDITO,[3]Baja_Propension,Cliente No Financiado,NO,
2221,deudor uso medio de pago,Pesca,Segmento D,Segmento D,Region 4,Zona 6,0,0,0,0,0,0,1,0,0,1,0,61,Regular,Excelente,M,1,Federacion,92,93,76,78,40,25,15,88,85,41,35,40,62,5,49,1,1,0,1,0,0,1,1,1,Bueno,SUJETO DE CREDITO-EVALUABLE,[3]Baja_Propension,Cliente No Financiado,NO,
2222,deudor no comercial,Agricola,Segmento F,Segmento E,Region 6,Zona 6,1,1,1,1,0,1,1,1,1,1,1,35,Malo,Malo,F,2,Cooperativas,7,38,35,10,45,19,14,2,70,71,39,51,66,72,86,1,0,1,0,1,1,1,1,1,Excelente,SUJETO DE CREDITO-EVALUABLE,[2]Media_Propension,Cliente Finaciado,NO,SALESFORCE - CCL
2223,deudor comercial,Pesca,Segmento F,Segmento F,Region 6,Zona 6,0,0,0,1,1,0,1,0,0,0,0,47,Excelente,Regular,F,2,SPA,65,76,92,11,76,68,86,6,67,34,23,66,9,61,51,0,0,1,0,0,0,1,1,0,Excelente,NO SUJETO DE CREDITO,[1]Alta_Propension,Cliente Finaciado,SI,
2224,deudor no comercial,Pesca,Segmento E,Segmento D,Region 4,Zona 6,1,1,0,0,1,1,1,1,1,0,1,41,Regular,Excelente,F,1,Sindicatos,88,78,56,87,7,43,96,29,77,54,69,94,66,69,38,1,1,0,1,0,1,1,1,0,Excelente,SUJETO DE CREDITO-EVALUABLE,[3]Baja_Propension,Cliente Finaciado,NO,VENTA CENTRALIZADA
2225,deudor comercial,Pesca,Segmento E,Segmento D,Region 6,Zona 5,0,1,0,1,1,1,0,0,0,1,1,37,Regular,Malo,M,1,SPA,47,70,43,43,95,39,33,44,49,29,5,57,42,20,96,0,1,1,1,1,1,0,0,0,Excelente,NO SUJETO DE CREDITO,[1]Alta_Propension,Cliente No Financiado,NO,VENTA CENTRALIZADA
2226,deudor comercial,Pesca,Segmento F,Segmento D,Region 5,Zona 5,0,1,0,1,1,1,1,1,1,0,0,66,Malo,Regular,F,1,Federacion,42,81,82,59,95,61,70,79,32,1,91,80,23,37,5,1,0,1,1,0,0,0,1,1,Malo,NO SUJETO DE CREDITO,[2]Media_Propension,Cliente No Financiado,NO,SALESFORCE -WEB
2227,deudor no comercial,Pesca,Segmento D,Segmento F,Region 6,Zona 5,0,0,0,0,1,1,0,1,1,0,1,69,Malo,Excelente,F,1,Cooperativas,53,70,5,73,15,39,84,81,72,79,24,29,2,63,81,1,1,1,0,1,1,0,0,1,Excelente,SUJETO DE CREDITO-EVALUABLE,[1]Alta_Propension,Cliente Finaciado,NO,SALESFORCE -WEB
2228,deudor comercial,Biotecnologia,Segmento D,Segmento D,Region 6,Zona 4,1,0,1,0,0,1,1,1,0,1,0,42,Malo,Excelente,F,1,Cooperativas,34,45,34,34,48,46,52,68,26,33,34,7,53,66,42,0,1,0,0,0,0,1,0,0,Bueno,SUJETO DE CREDITO-EVALUABLE,[2]Media_Propension,Cliente No Financiado,NO,
2229,deudor uso medio de pago,Biotecnologia,Segmento D,Segmento E,Region 6,Zona 4,1,1,0,1,1,1,0,1,0,0,1,42,Malo,Malo,M,2,SPA,53,79,81,13,36,33,10,50,36,95,95,90,14,58,0,1,1,1,0,0,1,0,0,1,Excelente,NO SUJETO DE CREDITO,[3]Baja_Propension,Cliente Finaciado,NO,
2230,deudor no comercial,Pesca,Segmento E,Segmento D,Region 5,Zona 4,1,1,1,0,0,0,1,1,0,0,1,70,Excelente,Regular,M,2,SPA,79,76,7,96,48,79,71,96,32,28,7,56,17,70,20,1,1,0,1,1,1,0,1,0,Bueno,SUJETO DE CREDITO-EVALUABLE,[2]Media_Propension,Castigado o Sin Producto,SI,SALESFORCE - CCL
2231,deudor uso medio de pago,Agricola,Segmento D,Segmento F,Region 4,Zona 6,1,0,0,0,1,0,1,0,0,0,1,24,Regular,Excelente,M,2,Sociedad,21,37,21,28,17,22,34,34,1,55,12,85,47,75,34,1,0,0,0,0,0,1,0,0,Excelente,NO SUJETO DE CREDITO,[3]Baja_Propension,Cliente No Financiado,SI,VENTA CENTRALIZADA
2232,deudor uso medio de pago,Agricola,Segmento E,Segmento F,Region 6,Zona 6,0,1,1,1,1,0,1,1,0,0,0,74,Malo,Excelente,F,2,Sindicatos,47,15,46,53,92,46,65,5,37,47,23,41,54,20,3,1,0,0,0,0,0,0,0,1,Excelente,CON OBSERVACIONES-EVALUABLE,[2]Media_Propension,Cliente No Financiado,SI,SALESFORCE -WEB
2233,deudor no comercial,Pesca,Segmento D,Segmento D,Region 6,Zona 4,1,0,1,1,0,1,0,1,0,0,0,60,Malo,Excelente,M,1,Sindicatos,68,60,36,17,42,5,10,31,88,47,41,47,53,20,70,0,0,1,0,0,0,0,1,1,Excelente,SUJETO DE CREDITO-EVALUABLE,[1]Alta_Propension,Cliente Finaciado,SI,SALESFORCE - CCL
2234,deudor comercial,Pesca,Segmento F,Segmento E,Region 6,Zona 4,0,0,1,1,1,0,1,0,0,0,1,68,Malo,Regular,M,1,Cooperativas,73,7,97,17,90,87,79,56,97,24,20,0,84,55,65,1,0,0,1,0,0,1,0,1,Malo,CON OBSERVACIONES-EVALUABLE,[1]Alta_Propension,Castigado o Sin Producto,NO,VENTA CENTRALIZADA
2235,deudor comercial,Pesca,Segmento E,Segmento F,Region 4,Zona 6,0,1,1,0,0,0,0,0,0,0,1,44,Malo,Excelente,M,2,Sociedad,29,6,22,39,65,89,86,38,42,54,8,28,23,11,58,1,0,1,1,1,1,0,1,1,Bueno,NO SUJETO DE CREDITO,[3]Baja_Propension,Cliente No Financiado,NO,RED SUCURSALES
2236,deudor uso medio de pago,Biotecnologia,Segmento F,Segmento D,Region 5,Zona 5,0,1,1,0,0,0,0,1,1,1,1,53,Excelente,Malo,M,1,Sindicatos,69,19,89,84,17,76,52,60,31,24,2,55,44,88,13,1,1,0,0,0,1,0,0,1,Bueno,CON OBSERVACIONES-EVALUABLE,[2]Media_Propension,Cliente Finaciado,NO,VENTA CENTRALIZADA
2237,deudor uso medio de pago,Pesca,Segmento D,Segmento F,Region 5,Zona 4,0,1,0,0,0,0,1,1,0,0,1,74,Excelente,Regular,F,1,SPA,50,89,43,77,58,59,95,85,54,10,47,85,79,70,49,1,1,1,0,0,0,0,0,1,Malo,SUJETO DE CREDITO-EVALUABLE,[1]Alta_Propension,Castigado o Sin Producto,SI,
2238,deudor uso medio de pago,Agricola,Segmento D,Segmento E,Region 4,Zona 6,0,0,0,0,0,1,1,1,0,0,1,46,Regular,Excelente,F,1,Cooperativas,20,66,71,30,44,61,73,77,61,72,95,43,14,95,38,0,1,0,1,1,1,0,1,0,Bueno,NO SUJETO DE CREDITO,[2]Media_Propension,Cliente Finaciado,SI,RED SUCURSALES
2239,deudor no comercial,Biotecnologia,Segmento D,Segmento F,Region 5,Zona 4,1,1,0,1,1,1,0,1,1,0,0,73,Excelente,Excelente,M,2,Sindicatos,37,36,69,0,28,57,91,26,79,4,64,88,75,25,95,1,1,0,0,1,1,0,1,0,Bueno,CON OBSERVACIONES-EVALUABLE,[3]Baja_Propension,Cliente No Financiado,NO,VENTA CENTRALIZADA
2240,deudor uso medio de pago,Pesca,Segmento F,Segmento E,Region 4,Zona 6,1,0,0,1,1,1,0,1,0,0,0,33,Malo,Regular,F,2,Federacion,45,0,81,69,65,99,86,89,10,56,44,94,15,2,44,0,0,0,1,1,0,1,0,0,Malo,CON OBSERVACIONES-EVALUABLE,[2]Media_Propension,Cliente Finaciado,NO,RED SUCURSALES
2241,deudor comercial,Pesca,Segmento D,Segmento E,Region 4,Zona 6,0,0,0,0,1,0,1,0,0,0,1,64,Regular,Malo,F,2,SPA,70,80,14,2,5,99,54,33,24,6,74,62,24,29,38,1,0,0,0,1,1,0,1,1,Malo,NO SUJETO DE CREDITO,[1]Alta_Propension,Cliente No Financiado,SI,RED SUCURSALES
2242,deudor comercial,Agricola,Segmento D,Segmento F,Region 5,Zona 6,0,1,1,0,1,1,1,1,1,0,1,44,Regular,Malo,F,1,Federacion,59,93,17,85,35,48,8,31,46,54,91,94,59,83,39,1,1,1,0,0,1,0,0,0,Excelente,SUJETO DE CREDITO-EVALUABLE,[2]Media_Propension,Cliente No Financiado,NO,SALESFORCE - CCL
2243,deudor uso medio de pago,Agricola,Segmento E,Segmento D,Region 5,Zona 4,1,1,0,0,0,1,0,1,1,0,0,52,Malo,Malo,M,2,Federacion,66,56,31,79,34,94,81,2,84,88,22,97,2,88,5,1,0,1,0,1,1,1,0,1,Excelente,SUJETO DE CREDITO-EVALUABLE,[2]Media_Propension,Cliente Finaciado,NO,SALESFORCE -WEB
2244,deudor uso medio de pago,Biotecnologia,Segmento F,Segmento F,Region 6,Zona 5,1,0,1,0,0,0,1,1,1,0,0,73,Regular,Regular,M,2,Federacion,41,3,97,67,83,55,93,41,91,84,17,66,78,58,23,0,0,1,1,1,0,1,1,1,Bueno,CON OBSERVACIONES-EVALUABLE,[1]Alta_Propension,Cliente Finaciado,SI,SALESFORCE - CCL
2245,deudor comercial,Agricola,Segmento E,Segmento E,Region 6,Zona 5,1,0,1,0,0,1,0,1,0,0,0,43,Regular,Regular,F,2,Cooperativas,84,65,51,88,83,37,6,51,28,29,84,28,63,63,58,0,1,1,0,1,0,1,1,0,Excelente,SUJETO DE CREDITO-EVALUABLE,[1]Alta_Propension,Cliente No Financiado,NO,RED SUCURSALES
2246,deudor no comercial,Agricola,Segmento E,Segmento E,Region 6,Zona 4,0,1,0,1,1,0,0,0,0,1,0,46,Regular,Malo,F,1,Sindicatos,71,44,11,17,59,10,21,0,81,16,59,16,48,32,95,1,0,1,0,1,0,1,0,1,Excelente,NO SUJETO DE CREDITO,[2]Media_Propension,Cliente Finaciado,SI,SALESFORCE - CCL
2247,deudor uso medio de pago,Biotecnologia,Segmento D,Segmento E,Region 4,Zona 4,1,0,1,0,0,0,1,0,1,1,0,32,Malo,Excelente,F,2,SPA,37,13,91,68,84,86,49,66,30,16,44,16,27,77,49,1,0,0,0,1,0,0,1,1,Malo,CON OBSERVACIONES-EVALUABLE,[3]Baja_Propension,Cliente No Financiado,SI,VENTA CENTRALIZADA
2248,deudor uso medio de pago,Biotecnologia,Segmento D,Segmento E,Region 5,Zona 6,1,0,1,1,0,0,0,0,0,1,1,32,Malo,Excelente,M,2,Sociedad,24,76,89,13,45,3,17,46,14,50,24,0,47,97,23,0,1,1,1,1,1,0,0,1,Malo,NO SUJETO DE CREDITO,[3]Baja_Propension,Castigado o Sin Producto,NO,SALESFORCE - CCL
2249,deudor no comercial,Pesca,Segmento D,Segmento D,Region 5,Zona 4,1,1,0,0,0,1,0,0,0,0,1,58,Regular,Excelente,M,2,Sindicatos,70,12,62,28,65,17,50,61,12,14,62,50,16,90,45,0,0,1,1,0,1,1,0,0,Malo,NO SUJETO DE CREDITO,[1]Alta_Propension,Cliente Finaciado,NO,SALESFORCE -WEB
2250,deudor no comercial,Biotecnologia,Segmento D,Segmento F,Region 5,Zona 5,0,0,1,1,0,0,0,0,0,1,0,28,Regular,Excelente,M,2,Cooperativas,22,82,81,96,21,58,59,93,98,6,12,31,59,26,93,0,1,0,1,0,0,1,1,0,Bueno,SUJETO DE CREDITO-EVALUABLE,[3]Baja_Propension,Castigado o Sin Producto,NO,SALESFORCE -WEB
2251,deudor uso medio de pago,Agricola,Segmento D,Segmento F,Region 5,Zona 6,1,1,1,0,1,0,0,1,1,1,0,51,Malo,Malo,M,1,Sindicatos,16,6,53,70,44,9,28,23,56,40,33,63,56,59,27,0,1,0,0,1,1,0,1,1,Bueno,CON OBSERVACIONES-EVALUABLE,[2]Media_Propension,Castigado o Sin Producto,SI,RED SUCURSALES
2252,deudor no comercial,Pesca,Segmento F,Segmento E,Region 4,Zona 4,1,0,1,0,1,1,1,0,1,0,1,58,Malo,Excelente,F,2,Sociedad,54,0,88,24,43,36,0,51,53,22,76,49,97,2,96,1,1,0,1,0,0,0,0,1,Bueno,NO SUJETO DE CREDITO,[3]Baja_Propension,Cliente No Financiado,NO,SALESFORCE -WEB
2253,deudor uso medio de pago,Agricola,Segmento E,Segmento F,Region 5,Zona 4,0,1,0,0,1,0,1,0,1,1,0,74,Malo,Regular,M,2,Federacion,99,57,86,46,77,27,37,32,54,42,10,18,74,9,78,0,1,0,0,1,1,1,0,1,Excelente,CON OBSERVACIONES-EVALUABLE,[2]Media_Propension,Cliente Finaciado,NO,
2254,deudor no comercial,Biotecnologia,Segmento D,Segmento F,Region 4,Zona 5,1,0,0,0,0,1,1,0,0,0,0,23,Excelente,Malo,M,1,Sindicatos,9,56,24,72,47,38,56,86,0,74,15,85,23,2,68,0,1,0,1,0,0,0,1,1,Excelente,NO SUJETO DE CREDITO,[3]Baja_Propension,Castigado o Sin Producto,NO,SALESFORCE -WEB
2255,deudor no comercial,Agricola,Segmento E,Segmento E,Region 4,Zona 4,1,1,0,0,0,0,1,0,0,1,1,62,Regular,Regular,F,2,Sindicatos,33,55,36,13,59,69,16,71,7,58,57,58,1,80,87,1,0,1,1,1,1,0,0,0,Excelente,SUJETO DE CREDITO-EVALUABLE,[1]Alta_Propension,Castigado o Sin Producto,NO,SALESFORCE -WEB
2256,deudor uso medio de pago,Biotecnologia,Segmento D,Segmento F,Region 4,Zona 5,1,1,1,1,0,0,0,1,0,0,1,20,Malo,Regular,M,1,Sociedad,24,98,39,43,79,93,80,13,93,15,30,44,53,94,91,0,0,0,0,1,1,1,0,0,Excelente,SUJETO DE CREDITO-EVALUABLE,[1]Alta_Propension,Cliente No Financiado,NO,
2257,deudor uso medio de pago,Biotecnologia,Segmento E,Segmento F,Region 5,Zona 5,0,0,1,1,0,1,0,1,0,1,0,57,Excelente,Excelente,F,2,Cooperativas,82,51,10,12,46,59,61,61,9,59,27,81,47,24,94,1,1,0,1,0,0,1,0,1,Bueno,SUJETO DE CREDITO-EVALUABLE,[3]Baja_Propension,Castigado o Sin Producto,SI,SALESFORCE -WEB
2258,deudor uso medio de pago,Pesca,Segmento E,Segmento D,Region 6,Zona 6,1,0,1,1,1,0,0,0,0,0,0,69,Excelente,Regular,F,2,Sindicatos,60,1,96,85,24,67,75,15,39,56,38,6,59,85,24,1,1,1,1,1,1,1,0,1,Malo,SUJETO DE CREDITO-EVALUABLE,[2]Media_Propension,Castigado o Sin Producto,NO,SALESFORCE -WEB
2259,deudor uso medio de pago,Agricola,Segmento D,Segmento F,Region 6,Zona 4,1,1,0,0,0,1,0,1,1,1,0,42,Excelente,Regular,F,1,SPA,22,42,20,17,50,70,95,36,18,34,34,75,82,17,24,0,0,0,1,1,0,1,1,0,Bueno,SUJETO DE CREDITO-EVALUABLE,[1]Alta_Propension,Castigado o Sin Producto,SI,
2260,deudor uso medio de pago,Pesca,Segmento D,Segmento D,Region 6,Zona 4,1,0,1,1,0,1,0,1,0,0,0,38,Malo,Regular,F,2,Cooperativas,68,71,38,67,5,41,29,55,8,90,43,52,9,66,7,1,1,0,1,0,1,1,0,0,Excelente,NO SUJETO DE CREDITO,[1]Alta_Propension,Cliente Finaciado,NO,VENTA CENTRALIZADA
2261,deudor no comercial,Biotecnologia,Segmento E,Segmento E,Region 6,Zona 4,1,0,0,0,0,0,1,1,1,1,1,19,Excelente,Regular,F,2,SPA,63,54,73,10,88,41,19,55,38,65,95,98,25,37,23,1,1,1,1,1,1,0,0,1,Malo,NO SUJETO DE CREDITO,[2]Media_Propension,Cliente Finaciado,SI,RED SUCURSALES
2262,deudor comercial,Agricola,Segmento F,Segmento D,Region 6,Zona 6,0,1,1,0,0,1,0,0,1,0,0,38,Excelente,Malo,F,2,Sociedad,88,30,39,93,21,75,32,95,97,17,21,51,77,66,60,0,1,0,0,0,1,0,0,1,Excelente,SUJETO DE CREDITO-EVALUABLE,[3]Baja_Propension,Castigado o Sin Producto,SI,RED SUCURSALES
2263,deudor no comercial,Biotecnologia,Segmento E,Segmento E,Region 6,Zona 5,0,1,1,0,0,1,1,1,0,1,0,19,Excelente,Excelente,F,2,Sociedad,40,25,27,78,93,97,9,27,74,3,59,60,97,55,56,0,1,0,1,1,0,1,1,1,Excelente,NO SUJETO DE CREDITO,[2]Media_Propension,Castigado o Sin Producto,NO,
2264,deudor no comercial,Pesca,Segmento D,Segmento F,Region 5,Zona 6,1,1,1,0,0,0,0,1,1,0,0,70,Excelente,Regular,M,1,Federacion,71,74,19,15,69,25,89,41,81,9,18,41,12,33,70,0,1,0,0,0,1,1,1,1,Excelente,NO SUJETO DE CREDITO,[3]Baja_Propension,Castigado o Sin Producto,SI,
2265,deudor uso medio de pago,Agricola,Segmento D,Segmento D,Region 6,Zona 6,0,0,0,0,1,0,0,0,0,1,1,50,Regular,Excelente,M,1,Sociedad,64,55,97,93,35,38,2,52,14,89,1,2,50,99,73,1,1,1,1,1,1,1,1,0,Bueno,CON OBSERVACIONES-EVALUABLE,[1]Alta_Propension,Cliente No Financiado,NO,RED SUCURSALES
2266,deudor uso medio de pago,Pesca,Segmento E,Segmento E,Region 4,Zona 5,0,0,0,0,1,1,0,0,1,0,1,29,Malo,Regular,M,1,Sociedad,73,7,32,49,9,9,98,58,5,18,78,38,88,61,86,1,1,0,0,1,0,0,0,1,Malo,SUJETO DE CREDITO-EVALUABLE,[2]Media_Propension,Cliente No Financiado,SI,RED SUCURSALES
2267,deudor comercial,Biotecnologia,Segmento F,Segmento F,Region 4,Zona 4,1,0,1,0,0,1,0,1,1,1,0,74,Malo,Excelente,F,1,Sindicatos,39,72,44,50,77,26,6,80,31,79,5,55,6,38,9,1,0,1,0,0,0,0,1,1,Malo,SUJETO DE CREDITO-EVALUABLE,[1]Alta_Propension,Cliente Finaciado,NO,RED SUCURSALES
2268,deudor no comercial,Biotecnologia,Segmento F,Segmento E,Region 6,Zona 5,1,1,1,1,1,1,0,1,1,1,1,36,Excelente,Regular,M,2,SPA,83,27,35,23,84,18,11,78,20,33,17,58,59,76,63,0,1,0,0,0,1,1,1,1,Excelente,NO SUJETO DE CREDITO,[1]Alta_Propension,Castigado o Sin Producto,NO,SALESFORCE -WEB
2269,deudor no comercial,Pesca,Segmento F,Segmento F,Region 5,Zona 4,0,0,0,0,1,1,1,0,1,1,1,31,Malo,Regular,F,1,Sociedad,22,60,81,21,57,66,21,71,88,67,83,61,24,71,57,1,0,1,1,1,0,0,0,0,Bueno,CON OBSERVACIONES-EVALUABLE,[2]Media_Propension,Cliente Finaciado,NO,VENTA CENTRALIZADA
2270,deudor uso medio de pago,Biotecnologia,Segmento D,Segmento E,Region 5,Zona 6,1,0,0,1,1,0,1,0,1,0,1,24,Excelente,Excelente,F,1,Sindicatos,76,19,46,85,31,92,98,11,15,52,95,96,41,27,10,1,1,0,1,1,0,1,0,1,Bueno,CON OBSERVACIONES-EVALUABLE,[3]Baja_Propension,Cliente Finaciado,NO,RED SUCURSALES
2271,deudor uso medio de pago,Agricola,Segmento F,Segmento E,Region 4,Zona 6,1,0,1,0,1,1,1,0,0,0,0,61,Malo,Regular,F,2,Cooperativas,6,65,14,57,47,40,83,0,22,71,44,83,40,71,65,1,0,0,1,0,0,1,0,1,Bueno,CON OBSERVACIONES-EVALUABLE,[3]Baja_Propension,Cliente No Financiado,NO,RED SUCURSALES
2272,deudor uso medio de pago,Biotecnologia,Segmento F,Segmento D,Region 5,Zona 6,1,0,1,1,0,1,1,1,0,1,1,72,Excelente,Malo,F,1,Cooperativas,51,61,30,96,96,73,94,20,66,20,70,92,71,13,85,1,0,1,1,0,1,0,0,0,Malo,NO SUJETO DE CREDITO,[1]Alta_Propension,Castigado o Sin Producto,NO,
2273,deudor comercial,Biotecnologia,Segmento D,Segmento D,Region 4,Zona 4,1,0,0,0,0,1,0,1,0,1,0,31,Excelente,Malo,F,1,Cooperativas,52,52,61,54,68,57,73,41,48,67,37,51,38,29,7,0,1,1,0,1,0,1,1,0,Malo,CON OBSERVACIONES-EVALUABLE,[2]Media_Propension,Cliente No Financiado,NO,RED SUCURSALES
2274,deudor uso medio de pago,Pesca,Segmento E,Segmento F,Region 5,Zona 6,0,1,0,1,1,1,1,1,0,0,1,27,Regular,Malo,F,2,Sindicatos,32,26,89,92,92,52,31,24,54,7,0,58,1,50,90,1,0,1,1,1,0,0,0,0,Bueno,SUJETO DE CREDITO-EVALUABLE,[1]Alta_Propension,Castigado o Sin Producto,NO,VENTA CENTRALIZADA
2275,deudor uso medio de pago,Agricola,Segmento D,Segmento F,Region 5,Zona 6,1,1,1,1,1,1,1,1,1,0,0,56,Malo,Excelente,M,2,SPA,39,72,94,30,58,17,26,65,41,67,93,64,77,17,16,0,0,0,0,1,1,0,1,0,Malo,SUJETO DE CREDITO-EVALUABLE,[2]Media_Propension,Castigado o Sin Producto,NO,
2276,deudor no comercial,Agricola,Segmento D,Segmento E,Region 6,Zona 5,1,1,0,0,0,1,1,0,0,1,1,33,Malo,Malo,F,1,SPA,9,46,7,52,14,63,69,88,6,3,2,92,78,65,37,1,1,1,0,0,0,0,0,1,Bueno,CON OBSERVACIONES-EVALUABLE,[3]Baja_Propension,Cliente Finaciado,NO,
2277,deudor no comercial,Agricola,Segmento D,Segmento F,Region 5,Zona 6,0,0,0,1,1,0,1,1,0,0,1,43,Excelente,Malo,F,1,Federacion,23,26,87,87,83,97,32,9,22,67,50,82,83,71,84,1,1,0,0,1,0,1,1,1,Excelente,CON OBSERVACIONES-EVALUABLE,[3]Baja_Propension,Castigado o Sin Producto,SI,SALESFORCE - CCL
2278,deudor uso medio de pago,Biotecnologia,Segmento E,Segmento E,Region 6,Zona 6,1,0,1,0,1,0,1,0,1,0,0,49,Regular,Excelente,F,1,Sociedad,91,55,26,16,9,28,2,62,20,69,39,23,72,74,75,1,0,0,0,0,1,0,0,1,Excelente,NO SUJETO DE CREDITO,[3]Baja_Propension,Cliente Finaciado,NO,VENTA CENTRALIZADA
2279,deudor comercial,Agricola,Segmento F,Segmento F,Region 6,Zona 6,1,1,1,1,1,1,1,1,0,1,0,44,Regular,Excelente,F,2,Sociedad,16,9,16,21,64,79,18,57,28,38,62,67,18,95,22,1,1,0,1,1,0,0,1,0,Malo,SUJETO DE CREDITO-EVALUABLE,[3]Baja_Propension,Cliente Finaciado,NO,SALESFORCE -WEB
2280,deudor no comercial,Agricola,Segmento F,Segmento D,Region 5,Zona 4,1,1,1,0,1,0,1,0,1,0,0,70,Malo,Malo,M,2,Cooperativas,80,93,66,99,8,84,7,44,4,38,58,64,21,61,41,0,0,0,1,1,0,0,1,1,Bueno,NO SUJETO DE CREDITO,[1]Alta_Propension,Cliente Finaciado,NO,VENTA CENTRALIZADA
2281,deudor uso medio de pago,Agricola,Segmento D,Segmento E,Region 4,Zona 4,1,1,1,1,0,0,1,1,1,1,0,64,Malo,Malo,M,2,Sociedad,93,38,78,88,62,24,96,41,91,39,67,15,51,12,48,0,0,0,1,1,1,1,0,0,Excelente,NO SUJETO DE CREDITO,[3]Baja_Propension,Cliente No Financiado,SI,VENTA CENTRALIZADA
2282,deudor uso medio de pago,Agricola,Segmento D,Segmento F,Region 6,Zona 6,1,1,0,1,1,1,0,1,0,1,1,59,Regular,Excelente,M,1,Federacion,85,26,44,20,93,6,23,6,77,48,41,97,84,86,95,1,0,0,1,1,1,1,1,1,Malo,SUJETO DE CREDITO-EVALUABLE,[3]Baja_Propension,Cliente No Financiado,SI,
2283,deudor no comercial,Biotecnologia,Segmento F,Segmento F,Region 4,Zona 5,0,1,1,1,1,0,0,1,0,1,0,51,Regular,Excelente,F,2,SPA,63,69,62,28,46,25,96,38,2,38,44,31,23,6,35,0,1,0,0,1,0,1,1,1,Excelente,SUJETO DE CREDITO-EVALUABLE,[3]Baja_Propension,Cliente No Financiado,SI,SALESFORCE - CCL
2284,deudor no comercial,Pesca,Segmento E,Segmento E,Region 6,Zona 5,1,1,0,0,1,0,0,0,0,0,1,39,Excelente,Regular,M,1,Sociedad,94,47,3,11,86,95,31,55,57,46,19,34,48,79,70,1,1,0,1,1,1,1,0,0,Excelente,SUJETO DE CREDITO-EVALUABLE,[1]Alta_Propension,Castigado o Sin Producto,NO,VENTA CENTRALIZADA
2285,deudor no comercial,Pesca,Segmento D,Segmento F,Region 4,Zona 5,0,1,0,0,0,0,0,1,0,1,1,65,Excelente,Regular,M,2,Sociedad,16,47,55,49,27,88,95,15,9,98,64,0,8,52,22,1,0,1,1,0,0,1,1,0,Bueno,CON OBSERVACIONES-EVALUABLE,[1]Alta_Propension,Castigado o Sin Producto,NO,SALESFORCE -WEB
2286,deudor no comercial,Pesca,Segmento E,Segmento E,Region 4,Zona 5,1,1,1,1,1,0,0,0,0,0,0,48,Excelente,Regular,M,2,Sociedad,77,59,93,95,34,47,8,35,74,69,10,51,38,76,88,1,0,1,1,0,0,0,1,0,Bueno,CON OBSERVACIONES-EVALUABLE,[1]Alta_Propension,Cliente No Financiado,SI,RED SUCURSALES
2287,deudor comercial,Pesca,Segmento D,Segmento F,Region 6,Zona 4,0,1,0,1,0,1,0,0,1,0,1,66,Excelente,Regular,F,1,Cooperativas,41,65,53,85,79,50,78,63,47,69,99,16,1,12,85,1,0,0,1,0,1,1,1,1,Excelente,SUJETO DE CREDITO-EVALUABLE,[1]Alta_Propension,Castigado o Sin Producto,SI,SALESFORCE - CCL
2288,deudor no comercial,Pesca,Segmento E,Segmento E,Region 6,Zona 4,1,0,0,0,0,0,1,1,0,1,1,19,Regular,Excelente,F,1,SPA,65,23,20,68,9,90,78,29,64,78,71,84,92,77,83,0,1,1,0,1,0,1,0,1,Excelente,NO SUJETO DE CREDITO,[1]Alta_Propension,Castigado o Sin Producto,NO,SALESFORCE -WEB
2289,deudor no comercial,Agricola,Segmento F,Segmento E,Region 5,Zona 5,1,1,1,0,1,1,1,1,0,0,0,55,Malo,Regular,F,1,Sindicatos,5,14,63,56,26,31,83,75,52,1,3,27,28,29,39,0,1,1,1,0,0,0,0,0,Bueno,SUJETO DE CREDITO-EVALUABLE,[3]Baja_Propension,Castigado o Sin Producto,SI,SALESFORCE -WEB
2290,deudor uso medio de pago,Pesca,Segmento D,Segmento E,Region 4,Zona 6,0,0,1,0,1,1,1,0,1,0,0,29,Regular,Regular,M,2,Cooperativas,69,53,88,0,19,49,98,25,85,50,99,34,33,83,42,1,0,1,1,1,1,1,0,0,Bueno,SUJETO DE CREDITO-EVALUABLE,[1]Alta_Propension,Cliente Finaciado,SI,SALESFORCE -WEB
2291,deudor comercial,Pesca,Segmento D,Segmento F,Region 5,Zona 5,1,0,1,0,0,1,1,0,0,0,0,60,Regular,Malo,M,2,Cooperativas,20,89,48,61,17,43,33,60,77,38,45,16,85,76,38,0,1,0,1,1,1,1,0,0,Malo,NO SUJETO DE CREDITO,[3]Baja_Propension,Castigado o Sin Producto,SI,SALESFORCE -WEB
2292,deudor uso medio de pago,Biotecnologia,Segmento F,Segmento E,Region 6,Zona 5,0,1,0,1,1,0,0,1,0,1,0,42,Malo,Excelente,M,2,Federacion,77,7,51,36,92,72,80,80,87,66,15,86,74,0,50,1,1,1,0,0,1,1,1,1,Excelente,CON OBSERVACIONES-EVALUABLE,[2]Media_Propension,Cliente No Financiado,NO,
2293,deudor uso medio de pago,Agricola,Segmento E,Segmento F,Region 6,Zona 5,1,1,1,0,1,1,0,1,0,1,0,69,Malo,Regular,M,2,Cooperativas,13,0,86,14,39,32,14,31,4,51,70,5,56,17,1,1,1,1,0,0,0,0,0,1,Bueno,NO SUJETO DE CREDITO,[3]Baja_Propension,Castigado o Sin Producto,SI,SALESFORCE -WEB
2294,deudor no comercial,Biotecnologia,Segmento E,Segmento F,Region 6,Zona 4,1,1,1,1,1,0,0,0,1,0,1,30,Excelente,Excelente,M,1,Sindicatos,31,3,2,43,27,56,39,6,97,56,71,13,42,85,12,1,0,1,1,1,0,1,1,1,Malo,CON OBSERVACIONES-EVALUABLE,[3]Baja_Propension,Castigado o Sin Producto,SI,SALESFORCE - CCL
2295,deudor comercial,Agricola,Segmento D,Segmento D,Region 5,Zona 5,1,0,0,0,0,0,0,0,1,1,1,35,Malo,Malo,F,1,Cooperativas,69,79,7,48,71,71,92,40,38,67,36,14,8,99,16,0,0,1,1,1,1,1,0,1,Excelente,SUJETO DE CREDITO-EVALUABLE,[3]Baja_Propension,Castigado o Sin Producto,SI,SALESFORCE -WEB
2296,deudor comercial,Biotecnologia,Segmento E,Segmento D,Region 4,Zona 4,1,1,0,0,1,0,0,0,1,0,0,74,Malo,Excelente,F,2,Cooperativas,32,38,89,6,44,7,82,60,50,85,85,7,71,45,42,1,1,1,0,1,0,0,0,0,Bueno,NO SUJETO DE CREDITO,[1]Alta_Propension,Castigado o Sin Producto,SI,
2297,deudor comercial,Biotecnologia,Segmento D,Segmento D,Region 5,Zona 6,0,1,1,1,1,1,0,1,0,1,1,24,Regular,Malo,M,1,Sociedad,64,88,50,19,84,69,72,89,25,20,64,2,34,52,80,1,0,0,0,1,0,1,1,1,Excelente,SUJETO DE CREDITO-EVALUABLE,[1]Alta_Propension,Cliente No Financiado,SI,SALESFORCE - CCL
2298,deudor comercial,Biotecnologia,Segmento F,Segmento F,Region 6,Zona 5,0,0,0,1,1,1,0,0,1,1,0,22,Regular,Regular,M,1,Sindicatos,51,70,65,83,16,50,71,47,53,91,77,62,65,72,41,0,0,0,1,1,1,1,0,1,Malo,CON OBSERVACIONES-EVALUABLE,[3]Baja_Propension,Cliente No Financiado,SI,VENTA CENTRALIZADA
2299,deudor uso medio de pago,Biotecnologia,Segmento E,Segmento D,Region 5,Zona 4,1,0,0,0,0,0,0,0,1,0,0,50,Malo,Excelente,M,1,Sociedad,25,57,37,89,86,80,67,26,15,39,11,64,59,38,56,0,0,0,1,0,0,1,1,0,Bueno,CON OBSERVACIONES-EVALUABLE,[2]Media_Propension,Cliente Finaciado,SI,SALESFORCE -WEB
2300,deudor uso medio de pago,Pesca,Segmento E,Segmento D,Region 5,Zona 4,1,1,1,1,1,0,0,1,1,1,1,70,Excelente,Regular,M,2,SPA,77,39,77,28,97,40,15,90,53,10,49,99,10,93,62,0,1,1,1,1,1,0,1,0,Malo,NO SUJETO DE CREDITO,[1]Alta_Propension,Cliente Finaciado,SI,SALESFORCE - CCL
2301,deudor uso medio de pago,Agricola,Segmento E,Segmento F,Region 5,Zona 4,0,1,0,1,1,0,0,0,0,0,1,61,Excelente,Malo,M,1,SPA,70,90,29,7,62,70,51,59,14,15,18,13,72,11,75,1,0,1,0,1,0,1,0,1,Excelente,CON OBSERVACIONES-EVALUABLE,[1]Alta_Propension,Cliente Finaciado,SI,
2302,deudor no comercial,Biotecnologia,Segmento D,Segmento F,Region 5,Zona 4,1,0,0,0,0,1,1,1,1,1,1,38,Regular,Malo,F,2,SPA,1,32,47,86,4,22,0,28,62,28,9,33,85,16,92,1,0,1,1,0,0,1,0,1,Excelente,CON OBSERVACIONES-EVALUABLE,[3]Baja_Propension,Cliente No Financiado,NO,RED SUCURSALES
2303,deudor uso medio de pago,Agricola,Segmento E,Segmento F,Region 6,Zona 4,1,0,1,0,1,1,1,0,0,1,1,23,Excelente,Malo,M,1,Federacion,43,61,72,85,9,71,46,72,20,73,28,67,54,62,37,0,0,0,1,0,0,1,0,1,Malo,NO SUJETO DE CREDITO,[3]Baja_Propension,Castigado o Sin Producto,SI,RED SUCURSALES
2304,deudor uso medio de pago,Pesca,Segmento E,Segmento F,Region 4,Zona 5,1,0,1,0,1,0,0,0,0,0,0,38,Regular,Excelente,M,2,Cooperativas,79,21,50,5,93,94,69,68,40,9,40,36,60,30,9,1,1,1,1,1,1,1,1,0,Malo,SUJETO DE CREDITO-EVALUABLE,[2]Media_Propension,Cliente No Financiado,NO,SALESFORCE -WEB
2305,deudor no comercial,Pesca,Segmento E,Segmento D,Region 6,Zona 6,0,0,1,1,1,0,1,1,0,0,0,58,Regular,Malo,F,1,Sociedad,62,73,38,81,61,31,87,27,93,8,75,29,34,73,69,0,0,0,0,0,0,0,0,1,Bueno,CON OBSERVACIONES-EVALUABLE,[1]Alta_Propension,Castigado o Sin Producto,NO,SALESFORCE - CCL
2306,deudor no comercial,Pesca,Segmento D,Segmento F,Region 5,Zona 4,1,0,1,0,0,0,0,0,1,1,0,68,Malo,Excelente,M,2,SPA,63,27,72,20,64,37,84,98,80,22,46,26,12,35,54,1,1,0,1,1,0,1,1,0,Malo,SUJETO DE CREDITO-EVALUABLE,[2]Media_Propension,Castigado o Sin Producto,SI,RED SUCURSALES
2307,deudor uso medio de pago,Agricola,Segmento E,Segmento D,Region 4,Zona 4,1,0,0,0,0,1,1,1,0,0,1,55,Regular,Malo,M,1,SPA,2,44,38,97,21,69,17,0,28,70,20,66,91,59,4,0,0,1,1,1,1,1,1,0,Excelente,SUJETO DE CREDITO-EVALUABLE,[3]Baja_Propension,Castigado o Sin Producto,SI,RED SUCURSALES
2308,deudor no comercial,Agricola,Segmento D,Segmento F,Region 4,Zona 4,1,1,0,0,1,0,0,0,0,1,0,40,Regular,Malo,F,1,Sindicatos,72,53,13,89,69,87,93,98,47,12,12,64,65,81,45,1,0,0,0,0,0,1,0,1,Excelente,NO SUJETO DE CREDITO,[1]Alta_Propension,Castigado o Sin Producto,NO,VENTA CENTRALIZADA
2309,deudor uso medio de pago,Pesca,Segmento D,Segmento F,Region 6,Zona 6,0,0,0,0,0,0,0,0,1,0,0,47,Regular,Excelente,F,2,Sociedad,83,50,61,15,5,32,58,14,64,79,65,51,71,51,33,1,1,0,0,0,1,0,0,1,Bueno,SUJETO DE CREDITO-EVALUABLE,[3]Baja_Propension,Castigado o Sin Producto,SI,RED SUCURSALES
2310,deudor no comercial,Pesca,Segmento E,Segmento D,Region 6,Zona 5,1,1,1,0,0,1,0,0,0,1,1,25,Excelente,Malo,M,1,Federacion,11,22,67,91,41,76,86,66,39,92,2,51,97,42,87,0,1,1,0,0,0,0,0,1,Excelente,CON OBSERVACIONES-EVALUABLE,[3]Baja_Propension,Cliente No Financiado,SI,SALESFORCE - CCL
2311,deudor no comercial,Agricola,Segmento D,Segmento D,Region 5,Zona 4,0,1,0,0,0,0,0,1,1,0,0,25,Regular,Malo,F,1,Cooperativas,50,48,64,80,0,3,33,22,49,32,21,10,11,93,84,0,1,0,0,1,1,0,1,1,Bueno,NO SUJETO DE CREDITO,[3]Baja_Propension,Castigado o Sin Producto,SI,
2312,deudor comercial,Biotecnologia,Segmento E,Segmento D,Region 4,Zona 6,1,1,1,0,0,0,0,1,1,1,0,61,Regular,Malo,F,1,Federacion,19,4,61,71,58,11,90,67,15,83,5,35,26,98,9,1,0,1,0,0,0,1,0,0,Bueno,NO SUJETO DE CREDITO,[1]Alta_Propension,Cliente No Financiado,SI,SALESFORCE -WEB
2313,deudor uso medio de pago,Agricola,Segmento D,Segmento D,Region 6,Zona 6,1,1,0,1,0,0,0,0,0,1,1,22,Regular,Regular,M,1,SPA,84,49,71,50,15,84,91,58,45,48,79,3,79,7,45,1,1,0,1,1,1,1,0,0,Malo,NO SUJETO DE CREDITO,[2]Media_Propension,Castigado o Sin Producto,NO,VENTA CENTRALIZADA
2314,deudor comercial,Agricola,Segmento D,Segmento F,Region 6,Zona 5,0,0,0,1,1,0,1,1,1,1,1,46,Regular,Malo,M,1,SPA,42,32,31,66,2,78,7,15,42,76,77,61,27,13,72,1,0,0,0,1,1,0,1,1,Excelente,CON OBSERVACIONES-EVALUABLE,[3]Baja_Propension,Cliente Finaciado,SI,SALESFORCE -WEB
2315,deudor no comercial,Agricola,Segmento F,Segmento F,Region 5,Zona 5,1,0,1,0,0,0,0,0,1,0,1,28,Excelente,Malo,F,1,SPA,98,74,0,16,34,84,9,48,69,66,98,0,20,27,78,0,0,1,1,0,0,1,0,1,Bueno,CON OBSERVACIONES-EVALUABLE,[3]Baja_Propension,Castigado o Sin Producto,SI,RED SUCURSALES
2316,deudor no comercial,Biotecnologia,Segmento F,Segmento F,Region 6,Zona 6,1,1,1,0,1,0,1,1,0,1,0,25,Regular,Regular,M,1,SPA,53,8,41,73,1,1,39,28,81,54,89,17,13,37,89,0,1,0,1,1,1,1,0,0,Malo,SUJETO DE CREDITO-EVALUABLE,[2]Media_Propension,Cliente No Financiado,SI,SALESFORCE - CCL
2317,deudor comercial,Pesca,Segmento D,Segmento D,Region 6,Zona 4,1,0,1,0,0,0,0,0,1,0,0,25,Regular,Malo,F,2,SPA,36,20,25,58,46,47,7,59,2,10,67,28,46,81,98,0,0,1,0,1,0,1,1,0,Bueno,NO SUJETO DE CREDITO,[1]Alta_Propension,Castigado o Sin Producto,NO,SALESFORCE - CCL
2318,deudor comercial,Agricola,Segmento E,Segmento D,Region 5,Zona 5,1,1,0,0,1,1,0,0,0,1,1,58,Malo,Excelente,M,2,SPA,17,9,83,74,90,0,73,37,36,63,43,82,52,0,57,0,1,1,0,1,0,1,1,0,Bueno,NO SUJETO DE CREDITO,[2]Media_Propension,Castigado o Sin Producto,NO,SALESFORCE -WEB
2319,deudor uso medio de pago,Pesca,Segmento D,Segmento D,Region 6,Zona 6,0,0,0,0,1,0,1,1,1,1,0,74,Excelente,Regular,F,1,Federacion,49,88,24,32,17,96,14,61,70,37,26,18,84,4,10,0,0,0,1,1,1,0,0,0,Excelente,SUJETO DE CREDITO-EVALUABLE,[2]Media_Propension,Cliente No Financiado,NO,SALESFORCE - CCL
2320,deudor uso medio de pago,Pesca,Segmento E,Segmento E,Region 5,Zona 5,0,1,0,1,1,0,0,0,1,0,0,52,Regular,Regular,M,1,Sociedad,3,94,71,74,20,36,80,3,10,80,48,29,65,53,8,0,1,1,1,0,1,0,1,1,Excelente,CON OBSERVACIONES-EVALUABLE,[1]Alta_Propension,Cliente No Financiado,SI,VENTA CENTRALIZADA
2321,deudor uso medio de pago,Agricola,Segmento E,Segmento F,Region 4,Zona 5,1,1,0,0,0,0,1,1,0,1,0,44,Malo,Malo,F,2,Federacion,12,59,31,17,49,62,91,71,70,69,40,50,69,24,71,1,1,1,0,1,1,1,0,0,Excelente,CON OBSERVACIONES-EVALUABLE,[1]Alta_Propension,Castigado o Sin Producto,NO,RED SUCURSALES
2322,deudor uso medio de pago,Agricola,Segmento E,Segmento D,Region 6,Zona 4,1,0,1,1,0,0,1,1,0,0,0,25,Regular,Malo,M,2,Sociedad,20,71,17,18,30,92,40,94,12,40,30,59,47,8,86,1,1,0,1,0,0,0,0,1,Malo,NO SUJETO DE CREDITO,[3]Baja_Propension,Castigado o Sin Producto,NO,SALESFORCE - CCL
2323,deudor comercial,Agricola,Segmento E,Segmento E,Region 5,Zona 6,0,0,0,1,1,0,1,0,0,0,0,49,Malo,Malo,M,1,Sindicatos,36,28,88,16,0,71,6,68,15,99,33,50,4,19,94,0,1,0,0,0,0,0,0,1,Excelente,CON OBSERVACIONES-EVALUABLE,[3]Baja_Propension,Cliente No Financiado,SI,VENTA CENTRALIZADA
2324,deudor comercial,Biotecnologia,Segmento F,Segmento F,Region 6,Zona 5,0,1,1,1,0,1,0,0,1,0,1,35,Excelente,Malo,F,1,Federacion,84,19,53,67,11,25,82,18,93,96,88,76,9,80,87,1,1,1,0,1,0,1,1,1,Excelente,CON OBSERVACIONES-EVALUABLE,[1]Alta_Propension,Cliente Finaciado,NO,
2325,deudor uso medio de pago,Pesca,Segmento D,Segmento F,Region 4,Zona 6,0,1,1,0,1,1,1,0,1,0,0,50,Malo,Excelente,M,1,SPA,55,31,36,24,32,5,62,36,23,51,89,55,89,81,12,1,0,1,1,0,0,1,0,0,Malo,NO SUJETO DE CREDITO,[1]Alta_Propension,Cliente No Financiado,SI,RED SUCURSALES
2326,deudor uso medio de pago,Biotecnologia,Segmento D,Segmento F,Region 4,Zona 5,1,1,1,1,1,0,0,0,1,0,0,47,Regular,Excelente,M,1,Federacion,43,70,96,52,75,73,72,26,90,17,69,9,82,52,50,1,0,1,1,1,1,1,0,1,Bueno,SUJETO DE CREDITO-EVALUABLE,[3]Baja_Propension,Castigado o Sin Producto,NO,SALESFORCE -WEB
2327,deudor no comercial,Biotecnologia,Segmento E,Segmento F,Region 4,Zona 6,1,1,0,1,0,0,0,1,1,1,1,48,Regular,Regular,F,2,SPA,49,17,52,67,56,48,19,21,78,25,83,42,93,33,19,0,0,1,0,0,0,1,0,0,Malo,SUJETO DE CREDITO-EVALUABLE,[2]Media_Propension,Cliente Finaciado,SI,SALESFORCE -WEB
2328,deudor uso medio de pago,Biotecnologia,Segmento F,Segmento E,Region 6,Zona 4,0,1,1,0,1,1,0,0,1,0,1,18,Malo,Malo,M,2,Sociedad,23,60,85,83,50,97,71,9,65,32,63,79,74,41,84,0,1,1,1,0,1,0,1,0,Excelente,CON OBSERVACIONES-EVALUABLE,[3]Baja_Propension,Castigado o Sin Producto,NO,
2329,deudor no comercial,Agricola,Segmento D,Segmento D,Region 5,Zona 4,0,0,0,1,0,1,1,1,0,0,0,40,Regular,Excelente,F,1,Sindicatos,24,52,47,57,48,98,33,93,76,10,30,27,56,70,17,0,0,1,1,0,1,0,1,1,Bueno,CON OBSERVACIONES-EVALUABLE,[3]Baja_Propension,Cliente Finaciado,SI,RED SUCURSALES
2330,deudor comercial,Agricola,Segmento E,Segmento D,Region 4,Zona 4,1,1,0,1,0,0,1,1,0,1,1,43,Excelente,Regular,M,1,Sociedad,12,65,91,73,19,29,85,48,71,56,57,68,44,70,50,1,1,0,0,1,0,1,1,1,Malo,NO SUJETO DE CREDITO,[3]Baja_Propension,Cliente Finaciado,NO,SALESFORCE -WEB
2331,deudor no comercial,Biotecnologia,Segmento E,Segmento F,Region 6,Zona 5,1,0,0,1,1,0,0,1,1,0,0,40,Excelente,Excelente,M,2,Cooperativas,36,3,71,98,47,2,76,33,23,43,33,30,33,34,40,0,0,1,1,1,0,1,0,1,Excelente,CON OBSERVACIONES-EVALUABLE,[2]Media_Propension,Cliente No Financiado,NO,SALESFORCE -WEB
2332,deudor uso medio de pago,Biotecnologia,Segmento D,Segmento F,Region 5,Zona 4,0,1,1,1,1,1,0,0,1,1,0,43,Malo,Excelente,F,1,Federacion,77,90,98,15,8,17,74,74,78,45,64,5,12,25,4,1,1,1,0,1,1,1,0,1,Bueno,CON OBSERVACIONES-EVALUABLE,[1]Alta_Propension,Cliente No Financiado,NO,SALESFORCE -WEB
2333,deudor comercial,Pesca,Segmento F,Segmento D,Region 6,Zona 5,0,0,1,0,0,1,1,1,0,0,1,19,Excelente,Malo,F,2,Sociedad,51,83,85,44,89,45,18,2,11,76,58,81,21,53,2,0,0,0,1,0,0,0,0,0,Bueno,NO SUJETO DE CREDITO,[2]Media_Propension,Cliente No Financiado,SI,
2334,deudor no comercial,Agricola,Segmento F,Segmento F,Region 6,Zona 6,1,0,1,1,1,0,0,0,0,1,0,22,Excelente,Malo,M,1,Sindicatos,1,76,51,24,97,47,73,83,57,60,8,27,17,56,94,0,0,0,0,1,0,1,1,0,Bueno,SUJETO DE CREDITO-EVALUABLE,[3]Baja_Propension,Castigado o Sin Producto,NO,SALESFORCE - CCL
2335,deudor no comercial,Biotecnologia,Segmento F,Segmento E,Region 5,Zona 4,1,0,0,0,1,0,1,0,1,1,0,22,Malo,Malo,M,1,Cooperativas,23,53,10,41,64,57,2,6,91,0,51,62,21,88,30,0,0,0,0,0,0,1,0,0,Bueno,SUJETO DE CREDITO-EVALUABLE,[2]Media_Propension,Castigado o Sin Producto,NO,RED SUCURSALES
2336,deudor uso medio de pago,Pesca,Segmento D,Segmento F,Region 4,Zona 4,0,1,0,0,1,0,0,0,0,0,1,21,Regular,Regular,F,1,Cooperativas,23,21,27,3,81,28,35,88,47,39,58,45,20,97,73,0,0,0,1,1,1,0,0,1,Excelente,SUJETO DE CREDITO-EVALUABLE,[1]Alta_Propension,Cliente Finaciado,SI,
2337,deudor uso medio de pago,Pesca,Segmento E,Segmento F,Region 4,Zona 4,1,0,1,0,0,1,0,1,0,1,0,50,Excelente,Excelente,F,1,SPA,43,60,95,97,76,13,48,3,87,14,65,13,83,69,60,0,0,1,1,1,1,1,0,1,Bueno,SUJETO DE CREDITO-EVALUABLE,[3]Baja_Propension,Cliente Finaciado,NO,SALESFORCE - CCL
2338,deudor comercial,Pesca,Segmento D,Segmento F,Region 5,Zona 4,1,1,0,0,0,0,0,0,1,1,1,36,Excelente,Excelente,F,2,SPA,73,70,19,46,68,93,4,98,20,54,2,76,69,51,39,0,1,0,1,0,1,1,0,0,Bueno,SUJETO DE CREDITO-EVALUABLE,[3]Baja_Propension,Cliente No Financiado,NO,SALESFORCE -WEB
2339,deudor comercial,Agricola,Segmento E,Segmento D,Region 6,Zona 5,0,0,1,0,1,1,1,0,1,0,1,38,Excelente,Malo,M,2,SPA,96,36,19,20,93,58,46,4,44,77,74,62,56,98,16,0,0,0,1,1,0,1,0,0,Bueno,SUJETO DE CREDITO-EVALUABLE,[2]Media_Propension,Cliente Finaciado,NO,VENTA CENTRALIZADA
2340,deudor uso medio de pago,Agricola,Segmento F,Segmento F,Region 6,Zona 5,0,0,0,1,0,1,1,1,0,0,0,23,Malo,Malo,M,2,Federacion,64,94,49,94,19,93,89,97,76,7,61,88,42,41,64,1,0,0,1,1,1,0,1,1,Excelente,SUJETO DE CREDITO-EVALUABLE,[1]Alta_Propension,Castigado o Sin Producto,SI,VENTA CENTRALIZADA
2341,deudor uso medio de pago,Biotecnologia,Segmento F,Segmento E,Region 6,Zona 5,0,0,1,1,0,0,0,1,1,1,1,73,Excelente,Regular,F,1,Cooperativas,74,74,65,82,58,35,14,69,93,81,76,59,54,48,10,0,1,1,1,1,1,1,0,1,Bueno,NO SUJETO DE CREDITO,[1]Alta_Propension,Cliente Finaciado,SI,RED SUCURSALES
2342,deudor no comercial,Biotecnologia,Segmento F,Segmento E,Region 6,Zona 6,0,1,1,1,0,0,1,0,1,1,0,32,Excelente,Excelente,F,1,SPA,96,26,7,66,59,56,60,90,22,48,53,1,4,62,82,0,0,0,1,1,0,1,1,1,Malo,SUJETO DE CREDITO-EVALUABLE,[3]Baja_Propension,Cliente Finaciado,NO,VENTA CENTRALIZADA
2343,deudor uso medio de pago,Agricola,Segmento F,Segmento F,Region 5,Zona 5,0,0,0,1,0,0,1,1,1,1,0,51,Excelente,Excelente,F,1,Sociedad,98,4,92,13,2,92,93,9,53,52,96,54,38,19,84,0,1,0,1,0,1,1,1,0,Bueno,SUJETO DE CREDITO-EVALUABLE,[3]Baja_Propension,Cliente Finaciado,SI,RED SUCURSALES
2344,deudor no comercial,Agricola,Segmento F,Segmento D,Region 5,Zona 4,0,0,0,0,0,1,1,1,0,0,0,43,Regular,Regular,F,2,Cooperativas,96,75,49,99,0,77,1,88,9,59,21,79,75,91,37,0,0,1,1,0,1,0,0,0,Bueno,SUJETO DE CREDITO-EVALUABLE,[1]Alta_Propension,Cliente No Financiado,SI,VENTA CENTRALIZADA
2345,deudor comercial,Biotecnologia,Segmento D,Segmento F,Region 5,Zona 6,0,1,1,1,0,1,1,1,0,1,0,53,Malo,Regular,M,1,Federacion,53,17,51,79,42,47,79,15,80,1,43,65,81,15,34,1,0,0,1,1,1,0,1,1,Excelente,NO SUJETO DE CREDITO,[2]Media_Propension,Cliente Finaciado,SI,SALESFORCE -WEB
2346,deudor comercial,Agricola,Segmento D,Segmento F,Region 5,Zona 5,0,1,0,1,0,1,0,1,1,1,1,30,Excelente,Excelente,F,1,Federacion,43,67,52,62,41,25,78,81,93,73,36,56,84,2,4,1,0,0,1,1,0,1,0,1,Malo,CON OBSERVACIONES-EVALUABLE,[3]Baja_Propension,Cliente Finaciado,NO,RED SUCURSALES
2347,deudor no comercial,Pesca,Segmento F,Segmento D,Region 4,Zona 4,1,1,1,1,1,0,1,1,0,1,1,64,Regular,Regular,M,2,Sociedad,86,60,66,30,46,92,78,33,26,24,37,83,44,27,31,0,0,1,0,0,0,1,1,1,Malo,NO SUJETO DE CREDITO,[1]Alta_Propension,Cliente Finaciado,NO,VENTA CENTRALIZADA
2348,deudor no comercial,Pesca,Segmento D,Segmento D,Region 6,Zona 5,0,0,0,0,0,1,0,1,0,0,1,74,Regular,Regular,F,1,Sindicatos,70,98,12,52,58,91,31,93,59,86,65,42,15,11,17,0,0,0,1,1,0,0,0,1,Malo,CON OBSERVACIONES-EVALUABLE,[3]Baja_Propension,Cliente No Financiado,SI,
2349,deudor no comercial,Biotecnologia,Segmento D,Segmento E,Region 4,Zona 4,1,0,1,1,1,0,1,1,0,1,1,60,Malo,Malo,M,1,Sociedad,18,78,42,13,62,51,1,93,78,93,36,87,6,32,88,0,1,0,0,0,0,1,0,1,Malo,SUJETO DE CREDITO-EVALUABLE,[2]Media_Propension,Cliente Finaciado,SI,VENTA CENTRALIZADA
2350,deudor no comercial,Agricola,Segmento D,Segmento F,Region 5,Zona 5,0,0,0,1,1,1,0,0,0,0,1,40,Excelente,Regular,M,1,Sociedad,0,51,99,56,7,46,82,40,96,63,91,1,66,31,99,0,0,1,1,1,0,1,1,0,Malo,CON OBSERVACIONES-EVALUABLE,[2]Media_Propension,Cliente Finaciado,NO,RED SUCURSALES
2351,deudor uso medio de pago,Pesca,Segmento D,Segmento D,Region 6,Zona 5,1,0,0,0,0,1,1,0,1,0,1,36,Regular,Regular,M,1,Sindicatos,81,23,16,49,77,1,23,87,67,4,73,86,80,41,86,1,1,0,1,1,0,0,0,1,Bueno,SUJETO DE CREDITO-EVALUABLE,[3]Baja_Propension,Cliente No Financiado,SI,SALESFORCE - CCL
2352,deudor comercial,Agricola,Segmento D,Segmento F,Region 6,Zona 4,1,1,1,1,0,0,0,0,1,1,1,44,Regular,Malo,F,2,Sindicatos,12,5,50,43,95,44,37,92,76,80,79,16,54,73,75,1,0,0,0,0,0,0,0,0,Excelente,CON OBSERVACIONES-EVALUABLE,[2]Media_Propension,Castigado o Sin Producto,SI,RED SUCURSALES
2353,deudor no comercial,Agricola,Segmento E,Segmento E,Region 4,Zona 6,0,1,1,0,0,0,0,0,1,0,0,70,Regular,Excelente,M,2,SPA,39,68,56,43,56,7,98,49,22,36,78,18,34,4,31,1,0,1,1,1,1,1,0,0,Excelente,CON OBSERVACIONES-EVALUABLE,[3]Baja_Propension,Cliente Finaciado,NO,VENTA CENTRALIZADA
2354,deudor uso medio de pago,Biotecnologia,Segmento D,Segmento D,Region 5,Zona 5,1,1,0,0,1,0,0,1,1,1,0,49,Malo,Regular,M,2,Federacion,62,48,66,83,35,57,2,64,89,69,37,52,31,9,96,0,0,0,0,0,0,0,0,0,Excelente,CON OBSERVACIONES-EVALUABLE,[1]Alta_Propension,Castigado o Sin Producto,SI,RED SUCURSALES
2355,deudor no comercial,Agricola,Segmento F,Segmento D,Region 5,Zona 5,1,1,0,0,1,1,0,0,0,1,0,51,Regular,Excelente,M,2,SPA,92,83,19,54,43,85,50,82,66,97,91,49,63,27,76,0,1,1,1,1,1,0,0,0,Malo,CON OBSERVACIONES-EVALUABLE,[1]Alta_Propension,Castigado o Sin Producto,SI,
2356,deudor comercial,Pesca,Segmento D,Segmento E,Region 4,Zona 5,0,1,1,0,1,0,0,1,0,1,1,66,Regular,Excelente,M,1,Cooperativas,43,48,6,2,81,35,58,74,4,98,20,27,7,33,3,0,1,0,0,1,0,0,1,0,Malo,CON OBSERVACIONES-EVALUABLE,[1]Alta_Propension,Cliente Finaciado,SI,
2357,deudor uso medio de pago,Biotecnologia,Segmento F,Segmento F,Region 5,Zona 4,0,0,0,1,1,1,0,0,1,0,0,55,Excelente,Malo,F,2,Cooperativas,95,14,99,34,13,20,30,5,76,36,3,94,82,12,40,1,1,0,0,0,1,1,0,1,Malo,CON OBSERVACIONES-EVALUABLE,[1]Alta_Propension,Cliente Finaciado,SI,RED SUCURSALES
2358,deudor no comercial,Pesca,Segmento E,Segmento F,Region 5,Zona 4,1,1,1,1,1,1,0,1,1,1,1,33,Malo,Excelente,M,1,SPA,86,78,39,70,92,69,83,60,62,44,56,60,46,12,86,1,1,0,0,1,1,1,1,0,Excelente,SUJETO DE CREDITO-EVALUABLE,[3]Baja_Propension,Castigado o Sin Producto,SI,SALESFORCE - CCL
2359,deudor no comercial,Pesca,Segmento F,Segmento F,Region 6,Zona 5,0,1,0,1,0,0,0,1,1,0,1,34,Malo,Regular,F,1,Cooperativas,76,46,56,28,13,70,6,31,28,89,35,57,82,30,28,1,0,1,1,1,1,1,1,1,Excelente,CON OBSERVACIONES-EVALUABLE,[2]Media_Propension,Cliente Finaciado,SI,SALESFORCE - CCL
2360,deudor uso medio de pago,Pesca,Segmento D,Segmento D,Region 4,Zona 4,1,0,1,0,1,1,1,0,1,1,1,44,Malo,Malo,F,2,Sociedad,96,93,52,24,18,39,3,35,38,68,73,33,76,79,2,0,1,1,1,0,1,1,1,0,Bueno,NO SUJETO DE CREDITO,[1]Alta_Propension,Cliente No Financiado,NO,SALESFORCE - CCL
2361,deudor no comercial,Biotecnologia,Segmento F,Segmento E,Region 6,Zona 5,1,1,1,1,1,0,1,0,0,0,1,37,Regular,Regular,M,1,Cooperativas,27,35,71,46,97,9,26,51,0,12,34,21,76,61,13,0,1,1,0,0,0,1,0,1,Malo,CON OBSERVACIONES-EVALUABLE,[3]Baja_Propension,Castigado o Sin Producto,NO,VENTA CENTRALIZADA
2362,deudor uso medio de pago,Agricola,Segmento D,Segmento D,Region 4,Zona 6,1,0,0,1,0,0,0,1,1,1,0,22,Excelente,Regular,F,1,Federacion,86,7,5,90,31,83,2,12,36,65,88,3,75,62,60,0,1,1,0,1,1,1,1,1,Bueno,SUJETO DE CREDITO-EVALUABLE,[3]Baja_Propension,Cliente Finaciado,NO,SALESFORCE -WEB
2363,deudor uso medio de pago,Biotecnologia,Segmento F,Segmento E,Region 4,Zona 5,0,1,0,1,0,0,0,1,0,0,0,67,Regular,Excelente,F,2,Sociedad,29,91,88,15,76,4,71,30,36,57,29,52,83,27,63,1,1,0,0,1,1,1,1,0,Malo,SUJETO DE CREDITO-EVALUABLE,[2]Media_Propension,Cliente Finaciado,SI,SALESFORCE -WEB
2364,deudor no comercial,Biotecnologia,Segmento D,Segmento E,Region 6,Zona 6,0,1,0,1,0,1,0,1,0,0,1,54,Regular,Excelente,M,1,Cooperativas,86,83,39,9,59,3,46,65,94,99,78,9,64,68,98,1,1,0,1,0,0,0,0,1,Malo,SUJETO DE CREDITO-EVALUABLE,[2]Media_Propension,Cliente No Financiado,SI,VENTA CENTRALIZADA
2365,deudor comercial,Pesca,Segmento E,Segmento E,Region 5,Zona 6,0,0,0,1,0,0,1,1,1,1,0,23,Excelente,Excelente,F,1,Sindicatos,2,33,19,73,3,97,21,74,1,0,59,52,55,80,57,0,0,0,1,0,1,0,0,1,Excelente,NO SUJETO DE CREDITO,[3]Baja_Propension,Castigado o Sin Producto,SI,RED SUCURSALES
2366,deudor no comercial,Pesca,Segmento F,Segmento E,Region 4,Zona 5,0,0,1,0,0,1,1,1,0,1,1,39,Excelente,Excelente,F,1,Sindicatos,92,17,81,96,83,27,65,81,3,69,63,54,23,6,73,1,0,1,1,0,1,0,1,0,Bueno,SUJETO DE CREDITO-EVALUABLE,[3]Baja_Propension,Cliente No Financiado,NO,VENTA CENTRALIZADA
2367,deudor uso medio de pago,Biotecnologia,Segmento D,Segmento E,Region 5,Zona 6,1,0,1,1,1,0,0,0,1,1,0,40,Regular,Excelente,F,1,Sociedad,12,55,24,68,75,41,53,32,27,47,77,92,13,69,0,1,0,1,1,0,0,1,0,0,Malo,SUJETO DE CREDITO-EVALUABLE,[1]Alta_Propension,Cliente No Financiado,NO,
2368,deudor no comercial,Pesca,Segmento E,Segmento F,Region 6,Zona 5,0,1,1,0,0,1,1,0,0,1,0,38,Regular,Malo,F,2,Sindicatos,63,0,29,36,43,2,92,10,7,51,34,4,54,63,50,1,0,0,0,1,0,1,1,0,Bueno,CON OBSERVACIONES-EVALUABLE,[3]Baja_Propension,Castigado o Sin Producto,SI,RED SUCURSALES
2369,deudor no comercial,Agricola,Segmento F,Segmento D,Region 4,Zona 6,1,0,0,0,1,0,1,0,1,0,1,67,Excelente,Excelente,F,2,Cooperativas,61,26,9,81,46,76,72,47,88,31,26,60,88,45,34,1,1,1,1,1,1,0,1,0,Malo,SUJETO DE CREDITO-EVALUABLE,[3]Baja_Propension,Cliente Finaciado,SI,VENTA CENTRALIZADA
2370,deudor no comercial,Agricola,Segmento E,Segmento E,Region 4,Zona 4,1,1,1,0,0,0,0,1,0,0,1,46,Malo,Malo,F,2,Sindicatos,33,0,93,94,78,17,40,72,47,73,81,19,22,30,5,0,1,1,0,1,1,1,0,0,Bueno,SUJETO DE CREDITO-EVALUABLE,[2]Media_Propension,Cliente No Financiado,SI,SALESFORCE - CCL
2371,deudor comercial,Agricola,Segmento F,Segmento E,Region 6,Zona 6,0,0,1,0,0,1,1,0,1,1,1,37,Regular,Malo,F,1,Federacion,73,83,1,87,87,35,4,69,44,99,21,87,26,54,23,0,0,0,0,0,1,1,1,1,Malo,NO SUJETO DE CREDITO,[1]Alta_Propension,Cliente No Financiado,SI,RED SUCURSALES
2372,deudor comercial,Pesca,Segmento D,Segmento E,Region 6,Zona 6,1,1,1,0,0,1,1,1,1,0,1,31,Excelente,Malo,F,2,SPA,78,10,46,83,6,83,2,57,25,68,66,56,14,21,97,0,1,0,1,1,1,1,1,1,Malo,SUJETO DE CREDITO-EVALUABLE,[1]Alta_Propension,Cliente No Financiado,NO,RED SUCURSALES
2373,deudor no comercial,Biotecnologia,Segmento D,Segmento D,Region 6,Zona 6,1,0,1,1,1,1,0,0,0,0,0,44,Malo,Malo,M,2,Federacion,76,9,63,40,47,43,76,60,32,62,28,39,42,83,99,0,0,0,1,0,0,1,0,1,Bueno,CON OBSERVACIONES-EVALUABLE,[1]Alta_Propension,Cliente No Financiado,NO,SALESFORCE - CCL
2374,deudor uso medio de pago,Biotecnologia,Segmento F,Segmento F,Region 4,Zona 4,0,1,0,1,0,0,1,0,1,1,1,61,Excelente,Regular,F,2,Federacion,64,29,36,87,59,35,37,38,19,98,77,28,27,83,71,0,0,1,0,0,1,1,1,1,Bueno,SUJETO DE CREDITO-EVALUABLE,[3]Baja_Propension,Castigado o Sin Producto,NO,SALESFORCE - CCL
2375,deudor comercial,Agricola,Segmento E,Segmento E,Region 4,Zona 4,1,0,1,1,1,1,0,1,0,1,1,45,Excelente,Malo,M,2,Cooperativas,53,3,28,51,80,63,54,25,85,79,46,84,91,96,30,1,0,0,0,1,0,0,1,1,Malo,CON OBSERVACIONES-EVALUABLE,[2]Media_Propension,Cliente Finaciado,SI,VENTA CENTRALIZADA
2376,deudor comercial,Biotecnologia,Segmento F,Segmento F,Region 6,Zona 6,0,1,1,1,0,0,0,0,0,0,0,38,Malo,Excelente,F,2,Federacion,54,80,10,1,77,70,3,62,76,54,37,41,11,12,80,1,0,1,0,1,0,0,0,1,Malo,NO SUJETO DE CREDITO,[2]Media_Propension,Cliente Finaciado,NO,RED SUCURSALES
2377,deudor uso medio de pago,Agricola,Segmento E,Segmento F,Region 4,Zona 4,1,1,0,1,1,0,0,0,0,1,1,29,Excelente,Excelente,F,2,Sociedad,52,75,80,80,18,32,37,28,97,52,24,25,52,78,9,0,0,1,1,0,0,1,0,1,Excelente,CON OBSERVACIONES-EVALUABLE,[1]Alta_Propension,Castigado o Sin Producto,NO,SALESFORCE - CCL
2378,deudor comercial,Pesca,Segmento F,Segmento E,Region 6,Zona 5,0,1,1,1,1,1,1,1,1,1,1,19,Regular,Regular,F,1,Sociedad,80,75,63,66,45,43,18,99,30,8,10,3,30,92,60,0,1,1,0,1,0,1,0,0,Excelente,CON OBSERVACIONES-EVALUABLE,[1]Alta_Propension,Cliente No Financiado,SI,RED SUCURSALES
2379,deudor no comercial,Agricola,Segmento F,Segmento E,Region 4,Zona 5,0,1,0,0,0,0,0,1,0,1,1,72,Excelente,Regular,F,2,Federacion,0,98,18,11,80,20,62,66,24,0,70,53,49,32,89,0,0,0,1,0,0,0,1,0,Bueno,SUJETO DE CREDITO-EVALUABLE,[2]Media_Propension,Cliente Finaciado,SI,RED SUCURSALES
2380,deudor no comercial,Agricola,Segmento E,Segmento F,Region 5,Zona 6,1,1,0,0,1,1,0,1,1,0,0,40,Excelente,Regular,M,1,Federacion,85,23,86,26,94,96,41,7,2,34,29,40,58,53,61,0,0,1,0,0,0,1,0,0,Bueno,NO SUJETO DE CREDITO,[2]Media_Propension,Cliente No Financiado,SI,SALESFORCE -WEB
2381,deudor uso medio de pago,Biotecnologia,Segmento D,Segmento E,Region 4,Zona 4,0,1,1,1,0,1,0,0,0,0,1,38,Regular,Regular,M,2,Sociedad,31,11,25,18,0,55,91,48,34,42,35,64,7,70,69,1,1,1,0,0,0,0,0,0,Malo,CON OBSERVACIONES-EVALUABLE,[1]Alta_Propension,Cliente Finaciado,NO,VENTA CENTRALIZADA
2382,deudor no comercial,Agricola,Segmento E,Segmento E,Region 6,Zona 5,0,0,1,1,1,0,1,1,0,0,1,46,Excelente,Regular,M,1,Sindicatos,22,14,28,13,4,88,81,6,79,93,92,35,49,35,6,1,0,0,1,0,0,0,0,1,Excelente,CON OBSERVACIONES-EVALUABLE,[1]Alta_Propension,Castigado o Sin Producto,SI,
2383,deudor no comercial,Biotecnologia,Segmento F,Segmento D,Region 5,Zona 5,0,1,0,1,0,0,0,0,0,0,1,48,Malo,Malo,F,1,SPA,36,60,36,29,96,56,0,68,98,68,6,24,40,97,16,1,0,0,1,1,1,1,0,0,Bueno,SUJETO DE CREDITO-EVALUABLE,[3]Baja_Propension,Cliente No Financiado,SI,
2384,deudor no comercial,Pesca,Segmento D,Segmento F,Region 6,Zona 6,0,1,1,0,1,1,1,0,0,0,1,62,Regular,Malo,F,2,Sociedad,44,63,70,88,23,27,76,4,77,33,6,90,17,51,7,1,1,0,0,1,0,1,1,0,Bueno,NO SUJETO DE CREDITO,[3]Baja_Propension,Cliente No Financiado,SI,SALESFORCE -WEB
2385,deudor no comercial,Biotecnologia,Segmento D,Segmento F,Region 4,Zona 5,1,1,1,1,1,0,0,0,1,0,1,22,Excelente,Malo,M,2,SPA,70,1,22,56,62,6,50,48,71,73,56,41,78,97,34,1,1,0,1,0,0,0,1,1,Excelente,NO SUJETO DE CREDITO,[3]Baja_Propension,Cliente No Financiado,NO,SALESFORCE - CCL
2386,deudor uso medio de pago,Agricola,Segmento F,Segmento F,Region 5,Zona 5,0,1,0,0,1,1,0,1,0,0,0,31,Malo,Regular,F,1,SPA,8,91,50,74,43,46,47,92,81,44,75,92,44,59,9,0,0,0,0,1,0,0,0,1,Bueno,SUJETO DE CREDITO-EVALUABLE,[2]Media_Propension,Cliente No Financiado,SI,SALESFORCE -WEB
2387,deudor no comercial,Biotecnologia,Segmento F,Segmento E,Region 6,Zona 4,1,0,0,1,0,0,1,0,0,0,1,72,Regular,Malo,F,2,Cooperativas,8,39,1,43,54,56,40,55,80,71,59,35,12,4,35,1,0,0,0,1,0,1,1,0,Malo,CON OBSERVACIONES-EVALUABLE,[3]Baja_Propension,Castigado o Sin Producto,NO,SALESFORCE - CCL
2388,deudor no comercial,Agricola,Segmento D,Segmento D,Region 4,Zona 6,1,1,1,0,0,1,0,1,0,1,1,68,Malo,Excelente,F,1,Sindicatos,80,34,77,44,21,38,40,65,38,79,84,30,67,72,25,0,0,0,1,0,0,0,1,0,Malo,SUJETO DE CREDITO-EVALUABLE,[3]Baja_Propension,Cliente Finaciado,SI,SALESFORCE - CCL
2389,deudor no comercial,Biotecnologia,Segmento D,Segmento F,Region 6,Zona 5,1,0,1,1,1,1,1,1,1,0,1,69,Regular,Excelente,M,1,Cooperativas,21,21,55,9,70,65,82,60,74,4,78,1,59,54,78,0,0,1,1,1,0,0,1,0,Bueno,SUJETO DE CREDITO-EVALUABLE,[2]Media_Propension,Cliente Finaciado,SI,
2390,deudor no comercial,Biotecnologia,Segmento E,Segmento D,Region 5,Zona 4,1,0,1,1,1,1,0,1,1,1,0,62,Excelente,Regular,F,2,Federacion,69,71,35,13,53,63,35,10,57,92,67,24,0,47,27,0,0,1,1,1,1,0,0,0,Malo,NO SUJETO DE CREDITO,[1]Alta_Propension,Cliente No Financiado,SI,VENTA CENTRALIZADA
2391,deudor uso medio de pago,Agricola,Segmento E,Segmento F,Region 4,Zona 6,0,1,0,1,1,0,0,0,1,0,0,72,Regular,Regular,F,2,SPA,28,93,42,68,35,43,80,67,11,30,75,47,83,21,65,0,1,1,0,0,1,0,1,1,Excelente,CON OBSERVACIONES-EVALUABLE,[3]Baja_Propension,Cliente No Financiado,SI,RED SUCURSALES
2392,deudor uso medio de pago,Agricola,Segmento D,Segmento F,Region 5,Zona 4,0,0,1,1,0,0,1,1,1,0,1,53,Excelente,Malo,M,2,Federacion,67,11,92,29,21,31,11,82,30,31,98,3,22,93,77,1,0,0,1,0,1,0,0,1,Malo,NO SUJETO DE CREDITO,[2]Media_Propension,Cliente No Financiado,NO,VENTA CENTRALIZADA
2393,deudor comercial,Biotecnologia,Segmento F,Segmento F,Region 6,Zona 6,1,0,1,1,0,0,0,1,0,1,0,23,Malo,Malo,F,1,Federacion,78,1,50,45,20,80,85,26,92,30,90,15,59,91,16,0,0,0,0,0,0,0,1,1,Excelente,CON OBSERVACIONES-EVALUABLE,[2]Media_Propension,Castigado o Sin Producto,NO,SALESFORCE -WEB
2394,deudor uso medio de pago,Biotecnologia,Segmento E,Segmento E,Region 6,Zona 5,1,1,1,1,1,1,0,1,0,1,1,68,Regular,Regular,F,1,Sindicatos,43,72,41,83,22,86,93,5,40,15,46,89,87,89,36,1,0,1,0,0,0,1,0,1,Bueno,CON OBSERVACIONES-EVALUABLE,[2]Media_Propension,Cliente Finaciado,NO,RED SUCURSALES
2395,deudor no comercial,Biotecnologia,Segmento D,Segmento D,Region 6,Zona 4,0,1,1,1,0,0,1,1,1,0,0,68,Regular,Excelente,M,2,Federacion,14,22,75,87,12,29,7,75,26,59,23,5,99,67,76,1,0,1,0,0,1,1,0,1,Excelente,NO SUJETO DE CREDITO,[1]Alta_Propension,Cliente Finaciado,SI,RED SUCURSALES
2396,deudor uso medio de pago,Biotecnologia,Segmento E,Segmento D,Region 5,Zona 6,1,1,0,0,1,1,1,0,0,1,0,63,Excelente,Excelente,F,2,Federacion,33,47,61,72,3,10,79,68,35,25,76,93,32,26,72,0,0,0,0,0,1,0,0,1,Malo,NO SUJETO DE CREDITO,[3]Baja_Propension,Castigado o Sin Producto,NO,SALESFORCE - CCL
2397,deudor uso medio de pago,Pesca,Segmento F,Segmento E,Region 4,Zona 4,1,0,0,1,1,0,0,1,0,0,1,19,Malo,Malo,M,1,Federacion,65,7,45,12,5,53,58,42,36,58,79,71,8,74,23,0,1,1,1,1,1,0,0,1,Malo,NO SUJETO DE CREDITO,[1]Alta_Propension,Cliente No Financiado,NO,
2398,deudor comercial,Pesca,Segmento D,Segmento E,Region 5,Zona 4,0,0,0,1,1,0,1,0,1,1,1,47,Regular,Regular,F,2,Cooperativas,83,82,34,67,77,60,66,5,35,40,30,35,33,3,87,1,1,1,0,1,1,0,1,1,Excelente,NO SUJETO DE CREDITO,[1]Alta_Propension,Castigado o Sin Producto,SI,VENTA CENTRALIZADA
2399,deudor comercial,Agricola,Segmento F,Segmento E,Region 4,Zona 4,0,1,1,1,0,1,1,1,0,1,0,34,Malo,Excelente,M,2,SPA,64,21,61,84,72,54,19,46,91,23,77,32,67,95,4,1,1,0,0,1,0,1,1,0,Malo,SUJETO DE CREDITO-EVALUABLE,[1]Alta_Propension,Cliente Finaciado,SI,SALESFORCE - CCL
2400,deudor comercial,Biotecnologia,Segmento E,Segmento E,Region 6,Zona 5,0,1,1,1,0,1,1,0,0,0,0,74,Excelente,Excelente,F,2,SPA,2,11,30,97,27,73,72,58,30,42,98,48,23,26,36,1,0,0,1,0,1,1,0,0,Malo,CON OBSERVACIONES-EVALUABLE,[3]Baja_Propension,Castigado o Sin Producto,SI,SALESFORCE - CCL
2401,deudor uso medio de pago,Pesca,Segmento E,Segmento F,Region 4,Zona 6,1,0,0,1,0,0,0,0,0,0,1,59,Regular,Excelente,F,1,Federacion,23,17,64,45,33,70,63,22,8,85,23,94,17,19,82,0,0,0,1,1,0,0,0,0,Bueno,CON OBSERVACIONES-EVALUABLE,[2]Media_Propension,Cliente Finaciado,NO,RED SUCURSALES
2402,deudor no comercial,Agricola,Segmento E,Segmento E,Region 5,Zona 6,0,1,1,0,1,1,0,1,1,0,0,59,Malo,Malo,F,1,SPA,22,79,8,90,67,28,17,53,30,81,25,22,90,78,28,1,0,0,0,1,1,1,1,0,Bueno,SUJETO DE CREDITO-EVALUABLE,[2]Media_Propension,Cliente No Financiado,SI,
2403,deudor uso medio de pago,Pesca,Segmento F,Segmento E,Region 6,Zona 4,1,1,0,0,1,1,1,0,1,0,0,21,Malo,Excelente,F,2,Federacion,45,65,61,71,99,18,89,55,0,22,75,53,78,95,88,1,0,1,1,1,1,1,0,0,Bueno,SUJETO DE CREDITO-EVALUABLE,[1]Alta_Propension,Cliente No Financiado,NO,RED SUCURSALES
2404,deudor comercial,Biotecnologia,Segmento F,Segmento E,Region 5,Zona 6,1,1,0,1,0,0,0,1,1,0,1,45,Excelente,Regular,F,2,Sindicatos,97,65,17,37,99,64,22,35,61,75,88,8,11,3,89,0,1,0,0,1,0,1,0,1,Excelente,SUJETO DE CREDITO-EVALUABLE,[3]Baja_Propension,Cliente No Financiado,SI,
2405,deudor uso medio de pago,Pesca,Segmento E,Segmento F,Region 6,Zona 4,1,0,0,0,1,1,0,1,1,0,0,27,Regular,Malo,M,2,Federacion,80,61,44,91,93,7,31,19,63,51,29,21,3,40,26,1,1,1,1,1,0,0,1,1,Excelente,CON OBSERVACIONES-EVALUABLE,[2]Media_Propension,Castigado o Sin Producto,SI,VENTA CENTRALIZADA
2406,deudor uso medio de pago,Biotecnologia,Segmento E,Segmento E,Region 4,Zona 4,1,0,0,0,0,0,0,0,1,0,0,45,Malo,Regular,M,1,Federacion,44,83,11,85,30,25,20,55,91,2,62,99,98,70,39,1,1,1,0,1,1,0,0,0,Malo,NO SUJETO DE CREDITO,[3]Baja_Propension,Castigado o Sin Producto,NO,
2407,deudor comercial,Biotecnologia,Segmento D,Segmento F,Region 6,Zona 6,0,0,0,1,1,1,0,0,0,0,0,30,Regular,Malo,F,2,Federacion,83,2,72,43,95,82,25,67,39,72,93,1,90,4,7,0,0,0,1,1,1,1,1,0,Malo,NO SUJETO DE CREDITO,[3]Baja_Propension,Castigado o Sin Producto,SI,
2408,deudor comercial,Agricola,Segmento E,Segmento E,Region 6,Zona 6,0,0,0,1,0,1,1,1,0,1,0,25,Excelente,Malo,M,2,Sindicatos,54,66,11,6,60,34,16,42,55,12,31,28,98,36,17,1,1,0,1,1,1,0,0,0,Bueno,SUJETO DE CREDITO-EVALUABLE,[2]Media_Propension,Cliente No Financiado,NO,SALESFORCE - CCL
2409,deudor no comercial,Pesca,Segmento E,Segmento F,Region 6,Zona 5,0,0,0,0,0,0,1,0,0,1,0,43,Malo,Excelente,F,1,Federacion,46,54,89,78,66,24,23,95,64,2,83,88,70,83,62,0,0,1,1,0,1,1,1,1,Excelente,CON OBSERVACIONES-EVALUABLE,[3]Baja_Propension,Castigado o Sin Producto,NO,
2410,deudor uso medio de pago,Biotecnologia,Segmento F,Segmento D,Region 4,Zona 5,0,1,0,1,1,1,0,1,1,0,1,29,Regular,Excelente,M,2,Sociedad,1,54,28,40,28,78,61,4,62,49,27,38,1,82,52,1,1,0,1,1,1,1,1,0,Bueno,SUJETO DE CREDITO-EVALUABLE,[1]Alta_Propension,Cliente No Financiado,NO,VENTA CENTRALIZADA
2411,deudor uso medio de pago,Biotecnologia,Segmento D,Segmento E,Region 5,Zona 6,1,0,1,1,0,0,0,1,0,1,0,20,Excelente,Excelente,F,1,Sociedad,1,1,18,60,24,90,91,33,1,48,58,92,69,91,67,0,0,1,1,0,1,0,0,1,Bueno,NO SUJETO DE CREDITO,[1]Alta_Propension,Cliente Finaciado,NO,RED SUCURSALES
2412,deudor no comercial,Biotecnologia,Segmento F,Segmento E,Region 4,Zona 6,1,1,0,0,1,1,0,1,1,0,0,73,Excelente,Malo,M,1,Sociedad,53,17,94,6,85,31,49,59,48,87,57,46,91,83,17,1,0,0,0,1,1,0,0,1,Malo,CON OBSERVACIONES-EVALUABLE,[3]Baja_Propension,Castigado o Sin Producto,NO,
2413,deudor comercial,Biotecnologia,Segmento E,Segmento F,Region 4,Zona 6,0,0,0,0,0,0,0,0,0,1,0,18,Regular,Excelente,M,2,Sociedad,96,92,63,37,90,77,3,21,1,3,41,30,16,51,34,0,1,0,1,0,1,0,1,1,Excelente,CON OBSERVACIONES-EVALUABLE,[3]Baja_Propension,Cliente Finaciado,NO,VENTA CENTRALIZADA
2414,deudor no comercial,Biotecnologia,Segmento D,Segmento F,Region 4,Zona 6,0,1,1,1,0,1,0,0,1,0,1,71,Regular,Malo,F,2,Sindicatos,1,93,18,15,70,77,15,34,27,0,49,80,0,38,66,0,1,1,1,0,1,1,0,0,Bueno,CON OBSERVACIONES-EVALUABLE,[2]Media_Propension,Cliente No Financiado,SI,SALESFORCE - CCL
2415,deudor uso medio de pago,Pesca,Segmento F,Segmento E,Region 4,Zona 4,1,0,0,1,0,1,0,1,1,1,1,69,Regular,Malo,M,2,SPA,86,58,20,97,13,28,42,50,98,61,38,15,88,76,58,1,0,0,0,1,1,1,1,1,Excelente,CON OBSERVACIONES-EVALUABLE,[2]Media_Propension,Cliente No Financiado,SI,SALESFORCE -WEB
2416,deudor no comercial,Pesca,Segmento D,Segmento D,Region 5,Zona 4,0,0,0,1,0,1,0,1,0,1,0,62,Regular,Malo,M,2,Sociedad,82,51,99,48,42,13,69,21,67,76,38,33,77,35,69,1,0,0,0,1,1,1,1,1,Bueno,CON OBSERVACIONES-EVALUABLE,[2]Media_Propension,Castigado o Sin Producto,NO,RED SUCURSALES
2417,deudor no comercial,Agricola,Segmento E,Segmento E,Region 6,Zona 4,1,1,1,0,1,1,0,1,1,1,0,54,Malo,Malo,F,1,Sindicatos,84,82,57,26,58,15,36,1,27,52,1,52,71,31,56,1,1,0,0,1,1,0,0,1,Excelente,CON OBSERVACIONES-EVALUABLE,[2]Media_Propension,Castigado o Sin Producto,SI,
2418,deudor comercial,Biotecnologia,Segmento D,Segmento D,Region 5,Zona 4,1,1,0,0,0,1,0,1,1,1,0,23,Regular,Excelente,M,2,Sindicatos,75,1,9,31,96,99,83,83,68,73,26,62,95,83,8,0,1,1,0,0,1,1,1,0,Excelente,SUJETO DE CREDITO-EVALUABLE,[3]Baja_Propension,Cliente Finaciado,NO,VENTA CENTRALIZADA
2419,deudor comercial,Agricola,Segmento F,Segmento F,Region 6,Zona 4,0,1,1,0,0,0,1,1,1,1,0,36,Excelente,Malo,M,1,Cooperativas,41,76,56,40,33,43,73,81,92,43,27,56,89,51,8,1,1,0,0,1,0,0,1,0,Excelente,SUJETO DE CREDITO-EVALUABLE,[2]Media_Propension,Cliente Finaciado,SI,
2420,deudor comercial,Agricola,Segmento E,Segmento D,Region 4,Zona 6,1,0,1,1,1,1,0,1,1,1,1,24,Malo,Regular,M,1,Sociedad,33,49,48,51,83,7,98,40,13,19,78,6,62,26,91,0,1,1,0,0,0,1,1,0,Malo,CON OBSERVACIONES-EVALUABLE,[2]Media_Propension,Castigado o Sin Producto,NO,SALESFORCE - CCL
2421,deudor no comercial,Pesca,Segmento E,Segmento E,Region 5,Zona 5,0,1,0,0,1,1,1,1,0,0,0,68,Regular,Excelente,M,2,Federacion,50,97,38,89,35,52,20,66,22,74,57,85,81,8,10,1,0,1,1,0,0,0,0,1,Excelente,NO SUJETO DE CREDITO,[3]Baja_Propension,Cliente Finaciado,NO,RED SUCURSALES
2422,deudor no comercial,Pesca,Segmento E,Segmento D,Region 6,Zona 6,0,1,1,1,1,1,0,1,1,1,0,37,Regular,Malo,F,2,Cooperativas,99,57,35,3,35,62,82,62,8,99,75,11,34,76,96,1,1,1,1,0,0,1,1,0,Excelente,NO SUJETO DE CREDITO,[1]Alta_Propension,Cliente Finaciado,NO,VENTA CENTRALIZADA
2423,deudor uso medio de pago,Pesca,Segmento E,Segmento D,Region 5,Zona 5,1,0,1,0,0,0,1,0,1,1,1,56,Regular,Malo,M,2,Federacion,26,68,16,77,92,32,92,58,43,37,66,28,7,60,54,0,0,0,0,1,0,1,1,1,Bueno,SUJETO DE CREDITO-EVALUABLE,[1]Alta_Propension,Castigado o Sin Producto,NO,VENTA CENTRALIZADA
2424,deudor comercial,Agricola,Segmento F,Segmento F,Region 6,Zona 4,1,0,0,0,1,0,0,0,0,1,0,60,Malo,Regular,M,1,SPA,68,41,99,43,74,55,54,62,84,25,71,95,66,52,8,1,1,0,1,1,0,1,1,1,Bueno,CON OBSERVACIONES-EVALUABLE,[2]Media_Propension,Cliente Finaciado,NO,RED SUCURSALES
2425,deudor comercial,Biotecnologia,Segmento E,Segmento F,Region 4,Zona 5,1,1,1,0,1,0,0,0,0,1,0,19,Excelente,Excelente,F,1,SPA,53,44,17,42,48,12,34,56,80,18,54,68,25,41,63,0,0,1,0,0,1,1,0,1,Excelente,CON OBSERVACIONES-EVALUABLE,[3]Baja_Propension,Castigado o Sin Producto,NO,VENTA CENTRALIZADA
2426,deudor uso medio de pago,Biotecnologia,Segmento E,Segmento D,Region 6,Zona 5,1,1,1,0,0,0,0,0,1,1,0,22,Excelente,Malo,F,1,Federacion,4,0,85,21,21,31,88,97,54,9,67,6,87,27,28,0,1,0,0,0,1,1,0,0,Excelente,CON OBSERVACIONES-EVALUABLE,[1]Alta_Propension,Cliente Finaciado,NO,SALESFORCE - CCL
2427,deudor comercial,Pesca,Segmento D,Segmento E,Region 4,Zona 5,1,1,0,0,1,0,0,0,0,0,1,52,Regular,Excelente,F,2,Sindicatos,92,43,21,16,48,92,78,40,35,60,63,23,5,78,64,0,1,1,0,0,0,1,1,0,Bueno,NO SUJETO DE CREDITO,[3]Baja_Propension,Castigado o Sin Producto,SI,RED SUCURSALES
2428,deudor comercial,Agricola,Segmento F,Segmento E,Region 6,Zona 6,0,0,0,0,1,1,1,0,0,1,1,63,Excelente,Regular,M,2,SPA,76,42,91,5,50,16,54,72,22,48,84,97,97,79,1,0,0,1,1,0,1,1,0,1,Bueno,SUJETO DE CREDITO-EVALUABLE,[3]Baja_Propension,Castigado o Sin Producto,SI,
2429,deudor uso medio de pago,Agricola,Segmento D,Segmento F,Region 6,Zona 4,0,1,0,1,1,0,1,1,1,0,0,73,Malo,Excelente,M,2,Sindicatos,61,39,30,97,75,6,46,94,7,47,2,32,0,55,81,1,1,0,0,1,1,1,1,1,Excelente,NO SUJETO DE CREDITO,[2]Media_Propension,Cliente Finaciado,SI,
2430,deudor comercial,Biotecnologia,Segmento D,Segmento D,Region 4,Zona 5,0,0,1,1,0,1,0,1,0,0,1,36,Malo,Excelente,M,2,Sociedad,27,10,96,99,80,18,1,40,94,17,32,48,80,60,83,0,0,1,1,0,0,1,0,0,Malo,NO SUJETO DE CREDITO,[1]Alta_Propension,Cliente Finaciado,SI,
2431,deudor no comercial,Agricola,Segmento F,Segmento E,Region 4,Zona 4,0,0,0,0,1,1,0,1,1,1,0,34,Malo,Malo,M,2,Federacion,66,19,26,11,31,94,65,65,59,43,77,77,74,43,44,1,1,1,1,0,0,1,1,0,Malo,NO SUJETO DE CREDITO,[1]Alta_Propension,Cliente No Financiado,SI,SALESFORCE -WEB
2432,deudor no comercial,Agricola,Segmento D,Segmento F,Region 6,Zona 5,1,0,0,1,0,1,1,0,0,0,1,71,Malo,Malo,F,2,Federacion,27,67,61,58,55,63,0,53,1,81,54,98,39,47,88,0,0,0,1,0,0,0,1,0,Malo,SUJETO DE CREDITO-EVALUABLE,[1]Alta_Propension,Castigado o Sin Producto,SI,
2433,deudor no comercial,Pesca,Segmento F,Segmento E,Region 4,Zona 4,1,1,1,0,0,1,0,0,1,1,1,22,Regular,Malo,M,1,Sindicatos,0,97,82,16,0,56,23,15,51,19,76,79,68,93,58,0,0,0,0,1,0,1,0,0,Excelente,SUJETO DE CREDITO-EVALUABLE,[1]Alta_Propension,Cliente No Financiado,SI,SALESFORCE - CCL
2434,deudor comercial,Agricola,Segmento D,Segmento F,Region 4,Zona 6,1,0,0,1,1,0,0,0,0,0,0,71,Malo,Excelente,F,2,Federacion,36,62,62,50,7,53,82,76,67,3,44,6,61,37,39,0,0,0,1,0,0,1,0,0,Excelente,NO SUJETO DE CREDITO,[1]Alta_Propension,Castigado o Sin Producto,NO,SALESFORCE -WEB
2435,deudor no comercial,Biotecnologia,Segmento D,Segmento E,Region 6,Zona 6,0,1,1,0,1,0,0,1,0,1,0,32,Excelente,Malo,F,2,Federacion,30,14,21,36,69,17,0,68,46,10,5,38,24,0,24,0,1,0,1,1,1,1,0,0,Bueno,NO SUJETO DE CREDITO,[3]Baja_Propension,Cliente No Financiado,SI,VENTA CENTRALIZADA
2436,deudor comercial,Agricola,Segmento D,Segmento F,Region 6,Zona 4,0,1,0,0,0,1,0,0,0,1,0,42,Malo,Malo,M,2,Sociedad,38,44,4,80,42,20,46,51,41,70,46,11,87,66,58,1,1,1,1,0,1,1,1,0,Bueno,NO SUJETO DE CREDITO,[2]Media_Propension,Cliente Finaciado,NO,RED SUCURSALES
2437,deudor uso medio de pago,Pesca,Segmento D,Segmento D,Region 6,Zona 5,1,1,0,1,0,0,1,0,0,1,1,42,Regular,Regular,F,1,Federacion,67,30,43,21,57,88,19,7,96,61,64,0,13,72,69,1,0,0,1,0,0,1,1,1,Malo,CON OBSERVACIONES-EVALUABLE,[2]Media_Propension,Cliente Finaciado,SI,RED SUCURSALES
2438,deudor no comercial,Biotecnologia,Segmento F,Segmento D,Region 5,Zona 4,1,1,0,0,1,1,1,0,0,0,0,39,Excelente,Malo,F,2,SPA,53,47,54,80,17,82,99,51,36,81,36,46,35,10,94,1,1,0,0,1,1,1,0,0,Malo,CON OBSERVACIONES-EVALUABLE,[1]Alta_Propension,Castigado o Sin Producto,NO,VENTA CENTRALIZADA
2439,deudor uso medio de pago,Biotecnologia,Segmento F,Segmento F,Region 5,Zona 6,1,1,0,0,0,1,0,0,1,1,0,55,Malo,Malo,M,1,Cooperativas,63,1,50,88,79,58,16,70,64,81,78,52,12,99,62,1,0,1,0,1,0,1,0,1,Excelente,SUJETO DE CREDITO-EVALUABLE,[3]Baja_Propension,Cliente No Financiado,NO,VENTA CENTRALIZADA
2440,deudor uso medio de pago,Agricola,Segmento F,Segmento D,Region 5,Zona 6,1,1,1,0,0,1,0,0,1,0,1,28,Malo,Excelente,F,2,Federacion,5,72,53,94,44,5,25,49,2,15,31,58,2,65,30,1,1,0,1,0,0,1,1,1,Bueno,SUJETO DE CREDITO-EVALUABLE,[1]Alta_Propension,Cliente Finaciado,NO,
2441,deudor comercial,Pesca,Segmento E,Segmento D,Region 4,Zona 4,0,1,1,1,0,0,0,1,0,1,0,72,Excelente,Regular,F,2,Sindicatos,32,67,32,22,21,38,81,19,14,73,21,44,67,94,61,0,0,1,0,0,0,1,0,1,Malo,SUJETO DE CREDITO-EVALUABLE,[1]Alta_Propension,Castigado o Sin Producto,SI,RED SUCURSALES
2442,deudor comercial,Biotecnologia,Segmento D,Segmento E,Region 6,Zona 4,0,1,0,0,0,1,0,1,1,0,0,31,Malo,Excelente,F,1,Sindicatos,55,31,61,64,68,77,70,53,38,73,67,97,30,44,3,0,1,0,0,1,0,0,0,1,Malo,CON OBSERVACIONES-EVALUABLE,[3]Baja_Propension,Cliente No Financiado,NO,SALESFORCE -WEB
2443,deudor uso medio de pago,Biotecnologia,Segmento D,Segmento E,Region 6,Zona 6,0,1,1,1,1,1,0,0,1,0,0,39,Excelente,Excelente,M,1,Sociedad,47,0,16,5,64,56,11,46,61,97,52,49,7,20,14,1,1,0,0,0,0,0,1,1,Malo,SUJETO DE CREDITO-EVALUABLE,[1]Alta_Propension,Castigado o Sin Producto,SI,SALESFORCE - CCL
2444,deudor no comercial,Biotecnologia,Segmento E,Segmento E,Region 5,Zona 4,1,1,1,0,1,0,0,1,1,0,0,26,Excelente,Regular,F,2,Cooperativas,81,37,68,14,89,0,60,61,4,77,87,37,69,1,54,0,1,0,0,0,0,1,1,1,Bueno,SUJETO DE CREDITO-EVALUABLE,[2]Media_Propension,Castigado o Sin Producto,NO,
2445,deudor no comercial,Biotecnologia,Segmento F,Segmento D,Region 5,Zona 6,0,1,0,0,0,1,0,1,0,0,0,60,Regular,Regular,F,2,Federacion,40,64,64,50,18,28,70,31,20,70,97,34,85,91,7,1,1,1,1,1,1,0,0,1,Excelente,NO SUJETO DE CREDITO,[2]Media_Propension,Castigado o Sin Producto,SI,SALESFORCE -WEB
2446,deudor uso medio de pago,Pesca,Segmento D,Segmento E,Region 5,Zona 4,0,1,1,1,1,0,1,1,1,0,0,58,Regular,Malo,F,2,Federacion,78,83,2,8,45,86,27,81,32,62,96,81,82,11,18,0,1,0,1,0,1,1,1,0,Excelente,SUJETO DE CREDITO-EVALUABLE,[1]Alta_Propension,Cliente Finaciado,NO,
2447,deudor no comercial,Biotecnologia,Segmento D,Segmento E,Region 4,Zona 4,1,0,0,1,0,0,0,1,0,1,1,49,Malo,Regular,F,1,Sociedad,9,99,73,23,66,6,80,29,76,7,46,6,14,25,75,0,1,1,0,0,1,0,1,0,Bueno,NO SUJETO DE CREDITO,[3]Baja_Propension,Cliente Finaciado,NO,SALESFORCE -WEB
2448,deudor comercial,Agricola,Segmento F,Segmento E,Region 6,Zona 6,1,0,1,0,0,1,0,1,1,1,1,29,Malo,Excelente,M,2,Federacion,96,59,1,85,33,11,79,4,60,72,38,92,95,11,90,0,1,0,0,0,1,1,0,1,Bueno,CON OBSERVACIONES-EVALUABLE,[3]Baja_Propension,Cliente Finaciado,NO,SALESFORCE - CCL
2449,deudor comercial,Pesca,Segmento F,Segmento D,Region 6,Zona 4,0,0,0,1,0,0,1,0,0,1,0,27,Excelente,Malo,F,2,Sociedad,63,98,2,10,19,92,21,29,99,21,54,22,41,57,72,0,1,1,0,1,0,1,0,0,Malo,NO SUJETO DE CREDITO,[1]Alta_Propension,Cliente No Financiado,NO,SALESFORCE - CCL
2450,deudor uso medio de pago,Pesca,Segmento D,Segmento D,Region 4,Zona 6,1,0,0,0,1,1,0,0,0,1,1,36,Regular,Excelente,F,1,Cooperativas,7,98,8,71,24,90,6,84,8,90,58,48,60,49,28,1,0,0,0,1,0,1,1,1,Malo,NO SUJETO DE CREDITO,[3]Baja_Propension,Cliente No Financiado,NO,VENTA CENTRALIZADA
2451,deudor no comercial,Pesca,Segmento E,Segmento D,Region 5,Zona 5,1,1,1,0,0,1,0,1,0,1,1,67,Malo,Regular,F,1,Federacion,46,27,22,80,18,71,47,82,49,32,72,44,55,73,49,1,0,0,0,1,0,0,0,1,Bueno,NO SUJETO DE CREDITO,[1]Alta_Propension,Cliente No Financiado,NO,VENTA CENTRALIZADA
2452,deudor comercial,Pesca,Segmento F,Segmento F,Region 5,Zona 5,1,1,0,0,0,0,1,1,0,1,1,66,Malo,Excelente,M,1,Cooperativas,70,39,65,66,96,69,15,65,84,7,91,69,84,42,34,0,1,0,0,1,1,0,0,0,Excelente,NO SUJETO DE CREDITO,[3]Baja_Propension,Cliente Finaciado,NO,SALESFORCE -WEB
2453,deudor uso medio de pago,Pesca,Segmento F,Segmento E,Region 5,Zona 5,0,1,1,0,0,0,0,0,1,0,1,53,Malo,Malo,M,2,SPA,44,9,88,56,7,37,41,58,2,9,67,66,43,68,78,0,1,1,0,0,0,1,1,1,Bueno,SUJETO DE CREDITO-EVALUABLE,[2]Media_Propension,Cliente No Financiado,NO,VENTA CENTRALIZADA
2454,deudor no comercial,Agricola,Segmento F,Segmento D,Region 4,Zona 6,0,1,0,1,0,0,0,1,0,1,0,65,Malo,Excelente,F,1,Federacion,91,79,67,52,38,42,58,6,22,78,51,14,67,62,7,1,0,0,0,0,0,1,0,0,Malo,CON OBSERVACIONES-EVALUABLE,[1]Alta_Propension,Cliente No Financiado,SI,VENTA CENTRALIZADA
2455,deudor uso medio de pago,Agricola,Segmento F,Segmento F,Region 4,Zona 4,1,1,0,1,1,0,1,0,1,1,0,26,Malo,Excelente,M,2,Sindicatos,35,8,42,5,60,85,44,82,37,21,58,24,22,92,2,1,0,0,0,1,1,1,1,0,Excelente,NO SUJETO DE CREDITO,[3]Baja_Propension,Cliente No Financiado,SI,RED SUCURSALES
2456,deudor comercial,Pesca,Segmento D,Segmento E,Region 5,Zona 6,0,0,1,1,1,0,1,1,0,0,0,42,Regular,Excelente,M,2,SPA,32,18,38,30,48,45,2,18,12,81,3,59,52,40,13,0,1,0,0,0,1,0,1,0,Excelente,NO SUJETO DE CREDITO,[1]Alta_Propension,Castigado o Sin Producto,SI,SALESFORCE -WEB
2457,deudor comercial,Agricola,Segmento F,Segmento F,Region 6,Zona 5,1,0,0,0,0,0,0,0,0,0,1,73,Excelente,Excelente,M,2,Cooperativas,46,2,20,46,42,4,40,46,67,4,19,42,12,1,40,1,0,0,0,1,1,1,0,1,Bueno,SUJETO DE CREDITO-EVALUABLE,[3]Baja_Propension,Castigado o Sin Producto,SI,RED SUCURSALES
2458,deudor uso medio de pago,Agricola,Segmento F,Segmento F,Region 5,Zona 6,0,0,0,0,1,0,1,0,0,0,0,18,Regular,Malo,F,1,SPA,77,90,23,68,65,64,32,76,72,33,64,32,98,28,87,1,1,0,0,1,1,1,0,1,Malo,NO SUJETO DE CREDITO,[2]Media_Propension,Cliente Finaciado,SI,VENTA CENTRALIZADA
2459,deudor comercial,Agricola,Segmento D,Segmento D,Region 5,Zona 4,0,0,1,1,1,0,1,1,1,0,1,38,Malo,Regular,M,1,Sindicatos,13,86,96,86,66,50,0,35,49,72,75,31,2,29,3,0,1,0,1,1,0,0,0,0,Excelente,NO SUJETO DE CREDITO,[2]Media_Propension,Cliente No Financiado,NO,SALESFORCE - CCL
2460,deudor no comercial,Biotecnologia,Segmento D,Segmento F,Region 4,Zona 4,1,1,0,1,0,0,0,0,1,0,0,54,Malo,Malo,M,1,Cooperativas,26,80,89,83,72,38,97,1,53,37,43,82,50,87,26,0,0,1,0,1,1,0,0,1,Malo,NO SUJETO DE CREDITO,[3]Baja_Propension,Cliente No Financiado,NO,SALESFORCE -WEB
2461,deudor comercial,Pesca,Segmento D,Segmento E,Region 5,Zona 4,1,0,1,1,1,1,1,1,0,0,1,20,Excelente,Regular,M,2,Federacion,73,35,78,61,90,84,46,93,58,0,44,73,56,95,83,0,1,0,1,1,0,0,1,1,Excelente,NO SUJETO DE CREDITO,[1]Alta_Propension,Cliente No Financiado,SI,SALESFORCE -WEB
2462,deudor no comercial,Agricola,Segmento F,Segmento D,Region 4,Zona 4,0,1,0,1,0,0,1,0,0,0,0,59,Malo,Malo,F,1,SPA,32,12,88,64,48,79,6,22,17,34,64,13,37,81,44,0,1,1,1,1,1,1,1,0,Bueno,CON OBSERVACIONES-EVALUABLE,[2]Media_Propension,Cliente Finaciado,SI,SALESFORCE - CCL
2463,deudor uso medio de pago,Pesca,Segmento F,Segmento D,Region 6,Zona 5,1,1,0,0,1,1,1,0,0,1,0,50,Malo,Malo,M,1,Sociedad,54,55,21,76,52,42,62,12,31,12,52,0,60,19,39,1,0,1,1,0,1,0,1,1,Bueno,CON OBSERVACIONES-EVALUABLE,[1]Alta_Propension,Cliente Finaciado,NO,SALESFORCE - CCL
2464,deudor uso medio de pago,Biotecnologia,Segmento E,Segmento E,Region 5,Zona 4,1,1,1,1,1,1,1,1,0,1,0,24,Excelente,Excelente,M,2,Sociedad,46,16,72,49,18,26,93,14,16,30,21,63,69,2,73,0,1,0,1,0,0,1,0,1,Excelente,SUJETO DE CREDITO-EVALUABLE,[1]Alta_Propension,Cliente Finaciado,NO,
2465,deudor comercial,Agricola,Segmento E,Segmento D,Region 6,Zona 6,1,0,1,0,1,1,1,0,1,0,1,68,Malo,Regular,M,2,Federacion,89,41,20,5,41,90,28,19,49,45,38,85,5,60,41,0,0,0,1,1,0,1,0,1,Bueno,SUJETO DE CREDITO-EVALUABLE,[3]Baja_Propension,Castigado o Sin Producto,SI,SALESFORCE - CCL
2466,deudor uso medio de pago,Pesca,Segmento F,Segmento E,Region 5,Zona 4,0,0,0,0,1,0,0,1,0,0,0,48,Malo,Excelente,M,1,SPA,42,97,18,7,47,5,47,86,64,36,46,19,29,55,42,0,1,1,1,1,1,1,0,1,Bueno,SUJETO DE CREDITO-EVALUABLE,[2]Media_Propension,Castigado o Sin Producto,NO,RED SUCURSALES
2467,deudor no comercial,Agricola,Segmento F,Segmento D,Region 5,Zona 4,1,1,0,1,1,0,0,1,1,1,0,48,Excelente,Regular,M,1,Sociedad,7,79,79,81,66,94,84,79,33,26,18,92,30,79,2,1,1,1,0,1,1,0,0,0,Bueno,NO SUJETO DE CREDITO,[3]Baja_Propension,Cliente Finaciado,NO,SALESFORCE - CCL
2468,deudor uso medio de pago,Pesca,Segmento D,Segmento F,Region 5,Zona 4,1,0,0,1,1,0,1,1,1,1,0,71,Excelente,Excelente,M,1,SPA,66,33,18,10,73,3,44,13,10,80,10,13,85,51,75,0,0,1,0,0,0,0,1,1,Excelente,NO SUJETO DE CREDITO,[2]Media_Propension,Cliente Finaciado,SI,SALESFORCE - CCL
2469,deudor uso medio de pago,Pesca,Segmento E,Segmento E,Region 5,Zona 4,1,1,1,0,1,1,0,1,1,0,0,57,Excelente,Malo,F,2,SPA,23,91,0,17,48,6,39,8,36,61,9,90,27,19,68,0,0,0,0,0,1,0,0,0,Excelente,NO SUJETO DE CREDITO,[3]Baja_Propension,Castigado o Sin Producto,SI,VENTA CENTRALIZADA
2470,deudor uso medio de pago,Agricola,Segmento E,Segmento D,Region 4,Zona 6,1,1,1,1,0,0,1,0,1,1,0,63,Malo,Malo,F,1,SPA,26,60,31,40,66,50,69,37,92,91,38,17,71,9,40,0,0,1,0,0,0,1,0,0,Excelente,CON OBSERVACIONES-EVALUABLE,[2]Media_Propension,Cliente No Financiado,SI,SALESFORCE - CCL
2471,deudor no comercial,Agricola,Segmento D,Segmento E,Region 5,Zona 5,0,1,0,1,0,1,1,1,0,0,1,66,Malo,Malo,M,1,Federacion,20,22,3,19,9,18,18,19,80,29,66,43,51,35,48,0,1,0,1,0,0,1,0,0,Malo,CON OBSERVACIONES-EVALUABLE,[2]Media_Propension,Cliente Finaciado,SI,SALESFORCE - CCL
2472,deudor comercial,Agricola,Segmento E,Segmento E,Region 6,Zona 6,1,1,0,1,1,1,1,0,1,0,0,32,Excelente,Malo,F,2,Sindicatos,87,50,77,92,73,0,36,33,97,86,15,12,89,59,22,0,0,1,0,1,0,1,0,1,Bueno,SUJETO DE CREDITO-EVALUABLE,[3]Baja_Propension,Cliente Finaciado,NO,RED SUCURSALES
2473,deudor comercial,Agricola,Segmento E,Segmento E,Region 6,Zona 5,1,0,0,1,0,0,0,1,1,0,0,33,Malo,Excelente,M,1,Sociedad,75,55,67,31,98,1,54,78,9,55,70,60,32,65,47,0,1,1,1,1,1,1,0,1,Excelente,CON OBSERVACIONES-EVALUABLE,[1]Alta_Propension,Castigado o Sin Producto,NO,
2474,deudor uso medio de pago,Agricola,Segmento D,Segmento F,Region 4,Zona 4,1,0,0,0,1,0,0,1,0,1,1,20,Excelente,Malo,M,2,Sociedad,66,24,44,25,41,74,12,60,38,12,0,43,55,50,30,1,0,1,0,1,1,1,0,0,Excelente,NO SUJETO DE CREDITO,[2]Media_Propension,Cliente No Financiado,NO,RED SUCURSALES
2475,deudor no comercial,Pesca,Segmento F,Segmento E,Region 5,Zona 5,0,1,0,1,0,1,0,1,1,1,1,18,Regular,Regular,M,1,Sindicatos,91,11,15,75,13,91,37,99,64,72,3,53,16,43,20,1,1,1,0,1,1,1,0,1,Malo,SUJETO DE CREDITO-EVALUABLE,[2]Media_Propension,Cliente Finaciado,NO,SALESFORCE -WEB
2476,deudor no comercial,Pesca,Segmento E,Segmento E,Region 6,Zona 5,0,1,1,1,0,0,0,0,1,1,1,50,Excelente,Regular,F,2,Sindicatos,3,43,47,39,85,21,16,40,61,63,67,27,36,90,60,0,0,0,1,0,0,1,0,0,Malo,NO SUJETO DE CREDITO,[1]Alta_Propension,Cliente No Financiado,SI,
2477,deudor uso medio de pago,Pesca,Segmento F,Segmento D,Region 4,Zona 6,0,0,0,1,1,0,0,0,0,1,1,45,Malo,Regular,M,1,Sindicatos,34,89,83,94,27,98,64,31,45,95,23,73,39,63,88,0,1,1,1,0,1,1,0,1,Bueno,SUJETO DE CREDITO-EVALUABLE,[3]Baja_Propension,Castigado o Sin Producto,SI,VENTA CENTRALIZADA
2478,deudor no comercial,Agricola,Segmento F,Segmento F,Region 4,Zona 5,0,1,0,1,0,1,0,0,0,0,1,52,Regular,Excelente,F,2,Sociedad,80,45,27,74,18,24,53,86,65,94,13,14,90,21,74,0,0,0,1,0,1,1,1,1,Malo,NO SUJETO DE CREDITO,[1]Alta_Propension,Cliente Finaciado,NO,VENTA CENTRALIZADA
2479,deudor uso medio de pago,Biotecnologia,Segmento D,Segmento E,Region 4,Zona 4,1,1,1,1,0,0,0,1,0,0,0,48,Regular,Malo,M,2,Federacion,52,49,52,44,30,56,41,7,38,34,18,19,13,51,96,0,0,1,0,0,1,1,1,0,Bueno,CON OBSERVACIONES-EVALUABLE,[1]Alta_Propension,Castigado o Sin Producto,SI,SALESFORCE - CCL
2480,deudor uso medio de pago,Agricola,Segmento F,Segmento D,Region 5,Zona 6,1,1,1,1,0,1,0,1,1,0,0,20,Excelente,Malo,F,1,Sociedad,68,46,30,27,77,33,30,69,59,0,82,11,68,14,66,0,1,0,0,0,0,0,0,1,Malo,CON OBSERVACIONES-EVALUABLE,[2]Media_Propension,Cliente No Financiado,NO,
2481,deudor comercial,Pesca,Segmento F,Segmento D,Region 5,Zona 4,1,0,0,1,1,0,0,1,1,1,0,62,Excelente,Excelente,M,1,Federacion,32,1,81,99,92,15,6,45,38,92,95,98,29,55,80,1,1,1,1,0,0,1,0,0,Malo,NO SUJETO DE CREDITO,[1]Alta_Propension,Cliente Finaciado,SI,SALESFORCE - CCL
2482,deudor uso medio de pago,Agricola,Segmento D,Segmento E,Region 5,Zona 4,1,0,1,0,0,1,1,1,0,1,1,20,Regular,Regular,F,2,Sociedad,24,45,74,47,90,51,5,62,33,19,80,16,98,56,28,1,0,0,0,0,1,0,1,0,Bueno,CON OBSERVACIONES-EVALUABLE,[2]Media_Propension,Castigado o Sin Producto,NO,VENTA CENTRALIZADA
2483,deudor comercial,Pesca,Segmento D,Segmento E,Region 4,Zona 6,1,0,1,0,0,0,1,1,1,0,0,41,Regular,Excelente,M,1,Federacion,31,35,1,20,23,58,13,68,95,57,84,85,74,25,4,1,0,1,1,0,1,1,0,1,Malo,SUJETO DE CREDITO-EVALUABLE,[3]Baja_Propension,Cliente No Financiado,SI,
2484,deudor comercial,Biotecnologia,Segmento E,Segmento F,Region 6,Zona 6,0,0,1,1,1,1,1,1,1,1,1,35,Malo,Regular,M,1,Federacion,21,22,87,79,84,3,97,1,18,16,79,87,18,73,8,0,1,1,0,1,1,1,1,1,Malo,CON OBSERVACIONES-EVALUABLE,[1]Alta_Propension,Cliente Finaciado,NO,RED SUCURSALES
2485,deudor comercial,Agricola,Segmento F,Segmento D,Region 6,Zona 5,0,0,0,0,0,0,0,1,1,1,1,40,Excelente,Excelente,M,1,Sociedad,37,53,60,45,9,44,79,85,18,71,29,82,4,35,55,1,0,1,1,1,0,0,0,1,Malo,NO SUJETO DE CREDITO,[3]Baja_Propension,Castigado o Sin Producto,NO,SALESFORCE - CCL
2486,deudor uso medio de pago,Pesca,Segmento D,Segmento D,Region 4,Zona 4,0,1,1,1,0,0,1,1,0,1,0,23,Excelente,Regular,F,2,Federacion,12,47,89,29,67,62,13,3,17,7,45,53,38,91,71,0,1,0,1,0,1,1,0,1,Malo,CON OBSERVACIONES-EVALUABLE,[3]Baja_Propension,Castigado o Sin Producto,NO,SALESFORCE -WEB
2487,deudor comercial,Pesca,Segmento F,Segmento D,Region 4,Zona 5,0,0,0,0,1,1,0,0,1,0,1,23,Excelente,Excelente,F,1,SPA,75,9,46,11,83,56,78,45,35,17,12,31,89,71,93,0,0,1,1,0,1,0,0,1,Bueno,NO SUJETO DE CREDITO,[1]Alta_Propension,Cliente No Financiado,NO,VENTA CENTRALIZADA
2488,deudor no comercial,Biotecnologia,Segmento D,Segmento D,Region 5,Zona 5,0,1,0,0,1,1,1,1,1,1,1,22,Regular,Excelente,M,1,Sindicatos,70,93,6,40,47,3,49,6,2,92,35,55,91,35,99,0,1,1,0,0,1,1,1,0,Excelente,CON OBSERVACIONES-EVALUABLE,[3]Baja_Propension,Cliente Finaciado,SI,
2489,deudor uso medio de pago,Agricola,Segmento F,Segmento D,Region 4,Zona 6,1,0,0,1,0,1,0,0,1,1,0,28,Regular,Excelente,F,2,Sociedad,25,71,29,11,2,62,12,29,68,10,5,48,48,88,30,0,0,0,1,1,1,1,0,0,Excelente,NO SUJETO DE CREDITO,[2]Media_Propension,Cliente No Financiado,NO,VENTA CENTRALIZADA
2490,deudor no comercial,Biotecnologia,Segmento F,Segmento F,Region 6,Zona 4,1,1,1,0,0,1,1,0,0,0,1,59,Malo,Malo,F,2,Sindicatos,71,72,26,77,59,59,59,97,85,41,25,81,49,45,58,1,0,1,0,0,1,0,0,0,Excelente,SUJETO DE CREDITO-EVALUABLE,[1]Alta_Propension,Cliente No Financiado,NO,SALESFORCE -WEB
2491,deudor uso medio de pago,Pesca,Segmento E,Segmento E,Region 6,Zona 5,0,1,1,0,0,1,0,0,0,0,0,22,Excelente,Excelente,M,1,Federacion,12,36,5,58,86,99,97,23,44,11,16,8,33,19,81,0,1,1,0,1,0,1,0,0,Malo,CON OBSERVACIONES-EVALUABLE,[1]Alta_Propension,Castigado o Sin Producto,SI,SALESFORCE -WEB
2492,deudor uso medio de pago,Biotecnologia,Segmento F,Segmento E,Region 5,Zona 5,0,0,1,0,0,0,1,0,1,0,1,51,Malo,Malo,M,2,Federacion,17,84,53,0,36,39,30,69,55,92,81,54,94,40,23,0,1,0,1,0,0,0,1,0,Bueno,CON OBSERVACIONES-EVALUABLE,[3]Baja_Propension,Cliente No Financiado,NO,RED SUCURSALES
2493,deudor uso medio de pago,Biotecnologia,Segmento E,Segmento D,Region 6,Zona 4,1,0,0,0,1,0,1,1,1,0,1,66,Malo,Regular,M,2,Sindicatos,63,56,19,10,11,28,63,81,80,51,16,74,46,81,49,0,1,0,0,0,1,1,0,1,Malo,NO SUJETO DE CREDITO,[1]Alta_Propension,Castigado o Sin Producto,SI,SALESFORCE - CCL
2494,deudor uso medio de pago,Biotecnologia,Segmento E,Segmento E,Region 6,Zona 4,0,1,0,1,1,1,1,1,1,0,0,47,Excelente,Excelente,F,1,Sindicatos,26,54,26,86,14,67,25,97,20,52,0,75,94,17,13,1,1,0,0,1,1,1,1,0,Excelente,CON OBSERVACIONES-EVALUABLE,[3]Baja_Propension,Cliente Finaciado,NO,
2495,deudor uso medio de pago,Pesca,Segmento D,Segmento F,Region 6,Zona 4,0,1,1,1,1,1,0,1,1,1,0,30,Regular,Excelente,F,2,Cooperativas,44,52,93,20,24,36,45,14,26,56,84,4,93,65,20,0,0,0,1,1,0,1,1,0,Excelente,CON OBSERVACIONES-EVALUABLE,[3]Baja_Propension,Cliente Finaciado,NO,SALESFORCE - CCL
2496,deudor no comercial,Biotecnologia,Segmento E,Segmento E,Region 6,Zona 6,0,1,0,1,0,1,1,1,1,0,0,65,Malo,Malo,F,1,SPA,57,81,98,56,53,19,72,42,34,45,76,38,75,79,95,0,0,1,1,1,1,0,1,1,Excelente,CON OBSERVACIONES-EVALUABLE,[2]Media_Propension,Cliente No Financiado,SI,
2497,deudor comercial,Agricola,Segmento F,Segmento F,Region 5,Zona 4,1,1,1,1,0,0,0,1,0,0,0,38,Regular,Malo,M,2,Cooperativas,24,44,61,0,44,54,57,77,25,18,61,64,16,59,56,0,1,0,0,1,1,1,1,0,Malo,CON OBSERVACIONES-EVALUABLE,[1]Alta_Propension,Cliente No Financiado,SI,SALESFORCE - CCL
2498,deudor no comercial,Pesca,Segmento E,Segmento D,Region 4,Zona 6,1,1,0,1,1,0,0,1,1,1,1,21,Excelente,Malo,M,1,Sociedad,55,19,8,66,48,92,18,57,15,11,49,45,10,34,16,0,1,0,0,1,1,1,0,1,Bueno,NO SUJETO DE CREDITO,[1]Alta_Propension,Castigado o Sin Producto,SI,SALESFORCE -WEB
2499,deudor uso medio de pago,Biotecnologia,Segmento D,Segmento D,Region 4,Zona 4,0,1,0,1,0,1,1,0,0,0,0,52,Malo,Regular,F,2,Sindicatos,79,11,68,43,9,70,88,97,37,74,50,13,36,7,78,1,1,1,1,1,1,1,0,1,Bueno,SUJETO DE CREDITO-EVALUABLE,[3]Baja_Propension,Castigado o Sin Producto,NO,
2500,deudor comercial,Biotecnologia,Segmento E,Segmento E,Region 6,Zona 6,1,1,0,0,0,1,0,1,1,1,0,23,Malo,Regular,M,1,Sociedad,78,59,49,37,76,23,76,6,78,98,40,13,18,54,61,1,1,1,1,0,1,0,0,1,Malo,NO SUJETO DE CREDITO,[3]Baja_Propension,Cliente No Financiado,NO,
2501,deudor no comercial,Agricola,Segmento F,Segmento F,Region 5,Zona 4,0,1,0,0,1,0,1,0,1,0,1,39,Malo,Regular,F,2,Federacion,86,10,65,4,45,23,29,83,56,34,63,28,32,17,2,0,0,0,0,1,1,0,1,1,Malo,SUJETO DE CREDITO-EVALUABLE,[2]Media_Propension,Cliente No Financiado,NO,SALESFORCE - CCL
2502,deudor uso medio de pago,Biotecnologia,Segmento D,Segmento F,Region 4,Zona 6,1,1,0,1,1,0,0,0,0,0,0,29,Regular,Regular,M,2,Sociedad,39,64,56,36,24,59,98,95,66,49,80,95,44,4,46,1,1,1,1,1,0,1,0,1,Bueno,SUJETO DE CREDITO-EVALUABLE,[2]Media_Propension,Cliente No Financiado,SI,VENTA CENTRALIZADA
2503,deudor comercial,Agricola,Segmento F,Segmento D,Region 5,Zona 5,1,1,0,1,0,0,1,1,1,1,1,25,Excelente,Excelente,M,1,SPA,62,56,10,83,79,29,84,26,66,10,96,90,14,9,72,1,1,1,1,1,1,0,1,0,Excelente,NO SUJETO DE CREDITO,[2]Media_Propension,Cliente No Financiado,SI,SALESFORCE - CCL
2504,deudor comercial,Agricola,Segmento F,Segmento F,Region 6,Zona 4,1,0,0,1,0,0,1,0,0,0,0,51,Regular,Malo,F,2,Sociedad,65,23,3,49,16,75,49,87,38,85,34,65,8,28,96,1,1,0,0,0,1,1,1,1,Excelente,NO SUJETO DE CREDITO,[2]Media_Propension,Cliente No Financiado,SI,
2505,deudor comercial,Pesca,Segmento F,Segmento E,Region 4,Zona 5,0,1,1,0,0,0,0,0,0,1,0,38,Regular,Excelente,F,2,SPA,43,30,86,99,19,96,63,91,53,34,14,44,74,52,93,0,0,1,1,0,0,0,0,1,Excelente,CON OBSERVACIONES-EVALUABLE,[1]Alta_Propension,Cliente No Financiado,SI,VENTA CENTRALIZADA
2506,deudor comercial,Agricola,Segmento D,Segmento E,Region 6,Zona 4,1,0,1,0,0,1,1,0,0,0,1,70,Excelente,Malo,M,2,Federacion,78,1,59,43,28,12,56,34,29,76,85,42,38,59,28,0,0,1,0,0,0,1,0,0,Excelente,CON OBSERVACIONES-EVALUABLE,[2]Media_Propension,Cliente No Financiado,NO,VENTA CENTRALIZADA
2507,deudor uso medio de pago,Biotecnologia,Segmento D,Segmento E,Region 5,Zona 4,1,0,1,0,1,1,0,1,1,0,0,51,Regular,Malo,F,2,Cooperativas,68,97,8,62,45,33,38,13,42,28,50,7,58,51,34,0,0,1,1,0,1,1,1,0,Malo,NO SUJETO DE CREDITO,[3]Baja_Propension,Castigado o Sin Producto,NO,RED SUCURSALES
2508,deudor uso medio de pago,Biotecnologia,Segmento F,Segmento F,Region 4,Zona 4,1,0,0,0,0,0,1,0,0,0,1,30,Excelente,Excelente,F,1,Sociedad,28,64,17,30,34,95,90,15,61,73,60,23,64,17,68,1,0,0,0,1,1,0,0,1,Excelente,CON OBSERVACIONES-EVALUABLE,[2]Media_Propension,Cliente Finaciado,NO,
2509,deudor no comercial,Agricola,Segmento F,Segmento D,Region 6,Zona 6,1,0,1,0,1,0,1,0,0,0,1,50,Malo,Regular,M,1,Cooperativas,53,42,2,82,17,64,40,87,10,76,10,7,13,2,74,0,1,0,0,1,0,1,1,1,Bueno,NO SUJETO DE CREDITO,[3]Baja_Propension,Cliente Finaciado,NO,RED SUCURSALES
2510,deudor no comercial,Agricola,Segmento D,Segmento F,Region 6,Zona 4,1,1,1,0,0,1,0,1,0,1,0,24,Regular,Malo,M,2,Federacion,67,72,15,40,54,6,38,82,64,31,24,58,99,7,21,0,1,1,1,0,0,0,1,0,Malo,SUJETO DE CREDITO-EVALUABLE,[2]Media_Propension,Castigado o Sin Producto,NO,SALESFORCE - CCL
2511,deudor comercial,Biotecnologia,Segmento D,Segmento E,Region 5,Zona 6,0,1,1,1,0,0,1,0,1,0,0,32,Excelente,Excelente,F,1,Cooperativas,80,12,13,58,95,5,86,18,84,83,79,34,41,80,22,0,0,0,0,1,1,1,1,1,Excelente,CON OBSERVACIONES-EVALUABLE,[1]Alta_Propension,Cliente No Financiado,NO,SALESFORCE - CCL
2512,deudor no comercial,Agricola,Segmento D,Segmento E,Region 4,Zona 5,1,0,1,1,0,0,1,1,1,0,1,29,Excelente,Regular,M,1,Cooperativas,6,55,24,79,96,51,74,88,75,61,0,59,0,7,55,1,1,1,0,1,1,1,1,0,Excelente,SUJETO DE CREDITO-EVALUABLE,[2]Media_Propension,Cliente Finaciado,SI,SALESFORCE - CCL
2513,deudor uso medio de pago,Biotecnologia,Segmento F,Segmento E,Region 5,Zona 4,1,0,1,1,1,1,1,1,0,1,1,60,Excelente,Excelente,M,1,SPA,19,98,26,27,0,76,19,86,15,58,5,97,91,18,69,1,0,0,1,1,0,1,1,1,Bueno,CON OBSERVACIONES-EVALUABLE,[2]Media_Propension,Cliente No Financiado,SI,RED SUCURSALES
2514,deudor no comercial,Biotecnologia,Segmento F,Segmento F,Region 4,Zona 6,0,0,0,1,0,1,1,0,0,0,0,26,Excelente,Malo,F,2,Cooperativas,31,7,12,25,10,23,73,7,46,61,59,70,87,82,52,1,1,1,0,1,1,1,1,1,Bueno,CON OBSERVACIONES-EVALUABLE,[2]Media_Propension,Cliente Finaciado,NO,VENTA CENTRALIZADA
2515,deudor uso medio de pago,Agricola,Segmento E,Segmento E,Region 4,Zona 5,1,0,0,0,1,1,0,0,0,1,1,53,Malo,Malo,M,2,Sindicatos,13,32,0,71,81,10,79,23,65,99,69,25,12,2,15,1,0,0,0,0,1,0,0,0,Excelente,NO SUJETO DE CREDITO,[2]Media_Propension,Cliente No Financiado,NO,
2516,deudor no comercial,Pesca,Segmento F,Segmento E,Region 6,Zona 4,0,1,0,0,1,1,1,1,1,0,1,30,Regular,Excelente,M,2,Sociedad,95,5,52,28,88,16,29,0,25,88,85,47,83,27,94,0,1,1,0,0,1,0,0,1,Excelente,CON OBSERVACIONES-EVALUABLE,[3]Baja_Propension,Castigado o Sin Producto,NO,RED SUCURSALES
2517,deudor comercial,Agricola,Segmento F,Segmento D,Region 5,Zona 6,0,1,1,0,1,0,0,0,0,0,0,74,Excelente,Malo,M,1,SPA,9,85,95,47,13,80,56,9,39,53,48,19,63,13,74,0,0,0,1,0,0,1,0,1,Malo,CON OBSERVACIONES-EVALUABLE,[1]Alta_Propension,Cliente Finaciado,SI,SALESFORCE - CCL
2518,deudor no comercial,Pesca,Segmento F,Segmento E,Region 5,Zona 4,1,0,0,0,1,1,1,0,0,0,0,50,Regular,Regular,M,1,Sindicatos,87,95,14,95,27,43,71,45,2,98,30,29,83,20,61,1,0,1,0,0,1,0,0,0,Bueno,SUJETO DE CREDITO-EVALUABLE,[3]Baja_Propension,Cliente No Financiado,SI,VENTA CENTRALIZADA
2519,deudor uso medio de pago,Biotecnologia,Segmento E,Segmento E,Region 5,Zona 5,0,1,0,0,0,0,0,0,1,1,0,31,Excelente,Regular,F,1,Cooperativas,90,42,32,64,78,33,8,36,4,23,97,96,22,62,10,0,1,1,0,1,1,0,1,1,Bueno,SUJETO DE CREDITO-EVALUABLE,[2]Media_Propension,Castigado o Sin Producto,SI,SALESFORCE -WEB
2520,deudor uso medio de pago,Biotecnologia,Segmento E,Segmento E,Region 6,Zona 4,0,0,0,1,0,1,1,0,1,1,1,69,Excelente,Excelente,F,2,Federacion,26,17,58,83,51,43,69,3,67,24,40,14,67,69,27,0,1,1,0,1,0,0,0,0,Malo,SUJETO DE CREDITO-EVALUABLE,[3]Baja_Propension,Cliente Finaciado,SI,RED SUCURSALES
2521,deudor comercial,Pesca,Segmento F,Segmento F,Region 4,Zona 4,1,0,1,1,0,0,0,0,1,1,0,48,Malo,Regular,F,1,Federacion,50,3,86,20,45,22,58,90,13,32,78,10,85,94,13,0,0,0,0,0,1,1,0,1,Excelente,CON OBSERVACIONES-EVALUABLE,[3]Baja_Propension,Cliente No Financiado,SI,VENTA CENTRALIZADA
2522,deudor comercial,Pesca,Segmento E,Segmento F,Region 4,Zona 5,0,1,0,0,0,0,0,0,1,1,1,59,Malo,Regular,M,2,Cooperativas,47,78,5,44,8,63,93,86,68,98,87,95,92,74,1,0,1,1,0,1,0,0,0,0,Excelente,CON OBSERVACIONES-EVALUABLE,[2]Media_Propension,Cliente Finaciado,NO,
2523,deudor no comercial,Agricola,Segmento E,Segmento D,Region 6,Zona 5,1,0,0,1,1,0,1,0,0,1,0,34,Regular,Malo,F,2,Federacion,71,52,83,3,5,94,95,39,16,62,56,76,79,86,31,0,1,0,1,0,0,1,1,0,Excelente,NO SUJETO DE CREDITO,[1]Alta_Propension,Cliente No Financiado,SI,RED SUCURSALES
2524,deudor comercial,Pesca,Segmento F,Segmento F,Region 6,Zona 6,1,0,0,0,1,1,0,1,0,0,1,27,Malo,Malo,F,1,Sociedad,71,89,69,7,61,20,13,65,67,39,73,95,15,68,40,0,0,1,1,1,0,1,1,1,Bueno,NO SUJETO DE CREDITO,[1]Alta_Propension,Cliente No Financiado,SI,
2525,deudor uso medio de pago,Pesca,Segmento E,Segmento D,Region 4,Zona 5,1,1,1,0,0,0,1,1,0,1,1,53,Regular,Malo,F,1,Federacion,80,24,95,10,4,87,10,38,71,65,14,0,21,86,22,1,0,1,0,1,1,1,0,1,Malo,SUJETO DE CREDITO-EVALUABLE,[2]Media_Propension,Castigado o Sin Producto,SI,SALESFORCE -WEB
2526,deudor comercial,Pesca,Segmento D,Segmento F,Region 5,Zona 6,0,1,1,0,0,1,0,1,1,1,1,74,Regular,Regular,M,1,Sindicatos,9,84,52,33,22,83,72,28,88,75,23,80,77,29,86,0,0,0,0,0,1,0,1,0,Malo,NO SUJETO DE CREDITO,[1]Alta_Propension,Cliente No Financiado,SI,RED SUCURSALES
2527,deudor comercial,Agricola,Segmento D,Segmento F,Region 6,Zona 5,0,1,1,1,1,0,1,0,0,1,1,50,Excelente,Malo,F,1,Cooperativas,15,46,98,28,22,32,79,72,45,89,35,93,54,18,98,0,0,0,0,1,1,0,1,1,Excelente,SUJETO DE CREDITO-EVALUABLE,[1]Alta_Propension,Cliente No Financiado,NO,
2528,deudor no comercial,Biotecnologia,Segmento E,Segmento D,Region 6,Zona 4,1,0,0,1,0,0,0,1,0,1,1,56,Excelente,Regular,M,1,Federacion,71,81,85,8,95,64,43,32,31,52,9,47,33,19,66,1,0,1,0,1,1,0,1,1,Excelente,CON OBSERVACIONES-EVALUABLE,[3]Baja_Propension,Cliente Finaciado,NO,VENTA CENTRALIZADA
2529,deudor no comercial,Agricola,Segmento F,Segmento D,Region 6,Zona 5,1,0,1,1,1,0,0,1,0,0,0,27,Excelente,Regular,M,2,Sociedad,30,29,13,57,70,53,89,59,16,99,6,88,98,41,53,0,1,0,0,0,1,0,0,0,Malo,SUJETO DE CREDITO-EVALUABLE,[2]Media_Propension,Castigado o Sin Producto,SI,VENTA CENTRALIZADA
2530,deudor no comercial,Agricola,Segmento D,Segmento E,Region 4,Zona 5,0,0,0,1,1,0,0,1,1,0,0,67,Malo,Regular,M,2,Sociedad,89,68,19,66,14,99,45,3,97,83,38,64,13,40,60,1,0,1,1,1,0,1,0,0,Excelente,CON OBSERVACIONES-EVALUABLE,[1]Alta_Propension,Castigado o Sin Producto,SI,SALESFORCE - CCL
2531,deudor uso medio de pago,Pesca,Segmento F,Segmento D,Region 4,Zona 4,0,0,1,1,0,0,0,0,1,1,1,39,Regular,Malo,M,1,Sociedad,94,86,29,88,46,69,31,21,44,58,98,24,26,35,16,1,0,0,1,0,0,0,1,1,Malo,CON OBSERVACIONES-EVALUABLE,[1]Alta_Propension,Cliente No Financiado,SI,RED SUCURSALES
2532,deudor comercial,Pesca,Segmento D,Segmento D,Region 4,Zona 4,1,0,0,0,0,1,0,1,0,1,1,57,Malo,Excelente,M,1,Cooperativas,51,95,0,65,87,89,61,81,54,83,62,43,39,79,8,1,1,0,0,1,1,1,1,0,Malo,SUJETO DE CREDITO-EVALUABLE,[2]Media_Propension,Cliente Finaciado,NO,VENTA CENTRALIZADA
2533,deudor no comercial,Pesca,Segmento D,Segmento D,Region 6,Zona 4,0,1,0,1,0,0,0,0,1,1,1,48,Malo,Malo,F,1,Cooperativas,92,25,36,80,78,28,1,81,81,42,42,85,69,23,46,1,0,0,0,1,0,0,1,0,Malo,SUJETO DE CREDITO-EVALUABLE,[3]Baja_Propension,Castigado o Sin Producto,SI,SALESFORCE -WEB
2534,deudor uso medio de pago,Biotecnologia,Segmento F,Segmento D,Region 5,Zona 4,1,1,0,1,0,1,1,1,1,1,1,66,Malo,Malo,F,2,SPA,84,31,46,78,43,32,23,12,10,54,71,87,7,83,46,1,1,0,1,1,0,1,1,1,Bueno,NO SUJETO DE CREDITO,[1]Alta_Propension,Castigado o Sin Producto,NO,RED SUCURSALES
2535,deudor uso medio de pago,Agricola,Segmento E,Segmento E,Region 5,Zona 6,0,0,0,1,1,1,1,0,0,1,0,34,Excelente,Regular,F,2,Federacion,25,82,73,36,28,45,46,87,96,3,16,81,57,79,78,1,1,1,1,1,0,0,0,0,Malo,NO SUJETO DE CREDITO,[3]Baja_Propension,Cliente Finaciado,SI,SALESFORCE - CCL
2536,deudor comercial,Biotecnologia,Segmento D,Segmento F,Region 6,Zona 5,1,1,0,0,0,1,0,1,0,1,0,51,Malo,Excelente,M,1,Sociedad,98,56,61,6,60,12,78,59,0,7,35,49,14,18,62,1,1,0,0,0,1,1,1,1,Excelente,SUJETO DE CREDITO-EVALUABLE,[1]Alta_Propension,Castigado o Sin Producto,SI,VENTA CENTRALIZADA
2537,deudor comercial,Agricola,Segmento E,Segmento D,Region 5,Zona 5,1,0,0,0,1,0,1,0,0,1,1,27,Malo,Regular,F,1,SPA,60,94,6,18,59,34,97,51,78,69,52,45,73,62,3,1,0,0,0,0,0,1,1,0,Excelente,CON OBSERVACIONES-EVALUABLE,[1]Alta_Propension,Castigado o Sin Producto,NO,SALESFORCE - CCL
2538,deudor uso medio de pago,Pesca,Segmento D,Segmento D,Region 4,Zona 4,1,0,1,1,1,1,1,0,1,1,0,24,Excelente,Excelente,F,2,Sociedad,69,10,16,22,19,50,4,5,48,44,15,59,54,83,3,1,0,1,0,0,0,1,1,0,Bueno,SUJETO DE CREDITO-EVALUABLE,[3]Baja_Propension,Cliente Finaciado,SI,VENTA CENTRALIZADA
2539,deudor no comercial,Pesca,Segmento E,Segmento F,Region 5,Zona 6,1,0,0,1,1,1,0,0,1,1,1,26,Excelente,Excelente,M,2,SPA,34,22,5,50,72,49,46,74,3,45,95,67,36,83,49,0,1,1,0,1,1,1,0,0,Excelente,SUJETO DE CREDITO-EVALUABLE,[2]Media_Propension,Cliente Finaciado,SI,SALESFORCE - CCL
2540,deudor comercial,Pesca,Segmento E,Segmento D,Region 4,Zona 4,0,0,1,0,1,1,1,1,1,1,0,18,Excelente,Excelente,M,2,Cooperativas,96,45,70,1,8,58,57,59,49,62,61,11,22,69,80,0,0,0,1,0,1,0,1,0,Malo,SUJETO DE CREDITO-EVALUABLE,[3]Baja_Propension,Cliente No Financiado,SI,
2541,deudor uso medio de pago,Agricola,Segmento D,Segmento E,Region 6,Zona 6,0,0,1,0,0,1,0,1,0,0,0,56,Malo,Malo,F,2,Sociedad,72,68,4,9,47,92,87,6,95,59,38,5,85,97,21,0,1,1,0,1,1,0,0,0,Bueno,CON OBSERVACIONES-EVALUABLE,[2]Media_Propension,Cliente No Financiado,SI,SALESFORCE - CCL
2542,deudor no comercial,Biotecnologia,Segmento F,Segmento F,Region 4,Zona 4,1,0,1,0,1,1,1,1,1,1,0,20,Malo,Excelente,F,2,Cooperativas,13,95,4,82,46,16,61,16,17,83,42,58,50,12,0,1,0,0,1,1,0,0,0,0,Bueno,CON OBSERVACIONES-EVALUABLE,[1]Alta_Propension,Cliente No Financiado,NO,SALESFORCE -WEB
2543,deudor comercial,Pesca,Segmento F,Segmento E,Region 4,Zona 4,0,1,0,1,1,0,1,1,0,1,1,32,Malo,Malo,M,1,Sociedad,18,68,8,32,42,52,64,26,98,3,61,9,10,74,72,1,1,0,1,0,0,0,1,1,Malo,CON OBSERVACIONES-EVALUABLE,[2]Media_Propension,Cliente No Financiado,SI,SALESFORCE -WEB
2544,deudor comercial,Biotecnologia,Segmento F,Segmento D,Region 6,Zona 4,0,0,1,1,1,1,0,1,1,0,1,44,Malo,Regular,M,2,Federacion,59,17,29,68,65,94,65,71,4,7,5,9,49,39,11,0,1,0,0,1,1,0,1,0,Excelente,CON OBSERVACIONES-EVALUABLE,[3]Baja_Propension,Cliente Finaciado,SI,RED SUCURSALES
2545,deudor comercial,Pesca,Segmento D,Segmento D,Region 6,Zona 5,1,0,1,1,0,0,1,0,0,1,1,18,Excelente,Excelente,M,2,Federacion,40,90,16,9,46,8,50,93,72,3,55,66,44,15,10,0,0,0,1,1,1,1,0,1,Bueno,CON OBSERVACIONES-EVALUABLE,[1]Alta_Propension,Cliente No Financiado,SI,VENTA CENTRALIZADA
2546,deudor no comercial,Agricola,Segmento D,Segmento D,Region 5,Zona 6,1,1,0,1,0,1,0,1,0,0,1,28,Malo,Excelente,F,1,Federacion,34,57,97,81,86,99,25,55,98,8,71,38,90,49,76,1,1,1,0,0,0,0,1,0,Excelente,NO SUJETO DE CREDITO,[1]Alta_Propension,Castigado o Sin Producto,SI,RED SUCURSALES
2547,deudor no comercial,Biotecnologia,Segmento D,Segmento D,Region 4,Zona 5,0,1,0,1,1,0,0,1,0,0,0,55,Excelente,Excelente,F,2,Sociedad,46,77,54,57,87,38,60,22,54,49,18,22,27,12,20,1,0,1,1,0,0,1,1,1,Excelente,NO SUJETO DE CREDITO,[2]Media_Propension,Castigado o Sin Producto,NO,
2548,deudor no comercial,Biotecnologia,Segmento F,Segmento F,Region 5,Zona 4,0,0,1,0,1,0,1,0,1,0,1,66,Excelente,Excelente,M,1,Federacion,20,43,5,74,25,58,65,56,56,22,58,94,54,62,18,1,0,0,0,0,0,0,0,1,Bueno,SUJETO DE CREDITO-EVALUABLE,[3]Baja_Propension,Cliente Finaciado,NO,SALESFORCE -WEB
2549,deudor comercial,Agricola,Segmento F,Segmento D,Region 4,Zona 6,0,0,0,1,1,1,0,1,1,1,0,35,Excelente,Regular,F,2,Sindicatos,39,29,89,96,49,98,61,53,92,6,97,86,23,74,78,0,0,1,1,1,1,0,0,0,Excelente,NO SUJETO DE CREDITO,[1]Alta_Propension,Castigado o Sin Producto,NO,SALESFORCE - CCL
2550,deudor uso medio de pago,Agricola,Segmento F,Segmento F,Region 6,Zona 5,0,0,1,1,1,1,1,1,1,0,0,58,Excelente,Excelente,F,2,Cooperativas,76,62,3,61,65,41,32,1,87,0,84,94,35,57,25,0,0,1,1,1,1,0,0,0,Malo,SUJETO DE CREDITO-EVALUABLE,[3]Baja_Propension,Cliente Finaciado,NO,VENTA CENTRALIZADA
2551,deudor uso medio de pago,Agricola,Segmento E,Segmento F,Region 6,Zona 4,0,0,1,1,0,1,0,0,0,1,1,44,Malo,Regular,F,1,SPA,71,22,44,11,83,10,79,52,47,33,98,75,86,26,51,1,1,0,0,0,1,1,1,0,Malo,CON OBSERVACIONES-EVALUABLE,[2]Media_Propension,Cliente Finaciado,SI,SALESFORCE -WEB
2552,deudor uso medio de pago,Pesca,Segmento D,Segmento E,Region 5,Zona 4,0,1,0,1,0,1,0,1,0,1,1,20,Regular,Regular,F,1,Federacion,15,65,82,33,13,75,74,27,6,38,1,44,37,51,17,1,1,1,0,0,1,0,0,1,Malo,SUJETO DE CREDITO-EVALUABLE,[3]Baja_Propension,Cliente Finaciado,NO,SALESFORCE -WEB
2553,deudor no comercial,Biotecnologia,Segmento E,Segmento E,Region 6,Zona 4,1,0,0,1,0,1,1,0,1,0,1,18,Excelente,Excelente,M,1,Sociedad,16,74,7,91,12,51,6,56,16,24,29,20,45,68,13,1,0,1,1,1,0,1,1,0,Malo,CON OBSERVACIONES-EVALUABLE,[3]Baja_Propension,Castigado o Sin Producto,SI,
2554,deudor comercial,Agricola,Segmento E,Segmento F,Region 5,Zona 5,1,1,1,1,1,1,0,0,1,1,1,28,Excelente,Regular,M,2,Federacion,60,69,2,20,52,53,57,23,97,68,96,63,66,43,64,0,1,1,0,0,0,1,1,0,Bueno,SUJETO DE CREDITO-EVALUABLE,[1]Alta_Propension,Castigado o Sin Producto,SI,
2555,deudor uso medio de pago,Pesca,Segmento E,Segmento D,Region 6,Zona 4,0,0,1,1,0,0,0,0,1,1,0,60,Regular,Malo,F,2,Sociedad,87,21,77,95,73,69,38,7,59,35,28,34,8,25,61,0,1,1,1,0,1,1,1,1,Excelente,CON OBSERVACIONES-EVALUABLE,[1]Alta_Propension,Cliente No Financiado,NO,VENTA CENTRALIZADA
2556,deudor no comercial,Biotecnologia,Segmento F,Segmento E,Region 6,Zona 4,1,0,1,0,0,1,1,0,1,1,0,41,Excelente,Excelente,M,2,Sindicatos,54,75,64,93,84,41,99,10,21,37,56,9,93,55,29,0,0,0,0,1,0,1,1,0,Excelente,SUJETO DE CREDITO-EVALUABLE,[2]Media_Propension,Castigado o Sin Producto,NO,SALESFORCE -WEB
2557,deudor no comercial,Pesca,Segmento F,Segmento D,Region 6,Zona 5,0,0,1,1,0,1,0,0,1,0,1,70,Excelente,Excelente,F,2,SPA,34,81,29,21,71,92,92,56,24,48,68,17,96,20,78,0,0,1,1,0,1,1,0,1,Malo,CON OBSERVACIONES-EVALUABLE,[2]Media_Propension,Cliente Finaciado,SI,SALESFORCE -WEB
2558,deudor no comercial,Biotecnologia,Segmento D,Segmento D,Region 6,Zona 6,1,1,1,1,0,1,1,1,1,1,0,32,Regular,Regular,F,2,Sindicatos,78,77,0,69,40,47,45,21,2,18,16,82,76,63,89,0,1,1,1,0,0,1,0,0,Malo,NO SUJETO DE CREDITO,[1]Alta_Propension,Cliente Finaciado,SI,SALESFORCE -WEB
2559,deudor comercial,Biotecnologia,Segmento E,Segmento D,Region 4,Zona 4,0,0,1,1,0,0,1,0,0,1,1,59,Regular,Regular,M,2,Federacion,89,71,42,28,29,59,60,32,43,50,31,72,73,59,26,0,0,0,1,1,1,1,1,0,Excelente,CON OBSERVACIONES-EVALUABLE,[1]Alta_Propension,Castigado o Sin Producto,SI,VENTA CENTRALIZADA
2560,deudor no comercial,Biotecnologia,Segmento E,Segmento E,Region 6,Zona 5,1,1,1,1,1,1,0,1,0,1,0,74,Malo,Regular,F,1,Sociedad,89,37,90,13,49,56,21,18,21,5,53,21,33,95,90,0,1,0,0,0,1,0,1,0,Excelente,CON OBSERVACIONES-EVALUABLE,[3]Baja_Propension,Cliente Finaciado,NO,SALESFORCE - CCL
2561,deudor uso medio de pago,Agricola,Segmento F,Segmento E,Region 6,Zona 6,0,1,0,1,1,0,1,1,1,1,0,35,Excelente,Regular,M,1,SPA,68,49,24,85,30,82,2,3,77,57,36,55,13,57,90,0,1,1,0,0,0,0,0,0,Excelente,CON OBSERVACIONES-EVALUABLE,[2]Media_Propension,Castigado o Sin Producto,NO,SALESFORCE - CCL
2562,deudor uso medio de pago,Pesca,Segmento E,Segmento E,Region 5,Zona 5,0,1,0,1,0,0,1,1,0,1,1,55,Malo,Malo,F,1,Federacion,83,43,40,32,65,57,60,7,94,29,26,84,91,1,23,0,0,0,1,1,1,0,1,0,Excelente,CON OBSERVACIONES-EVALUABLE,[2]Media_Propension,Cliente No Financiado,NO,VENTA CENTRALIZADA
2563,deudor uso medio de pago,Agricola,Segmento F,Segmento D,Region 5,Zona 4,1,1,1,1,1,1,1,0,0,1,1,44,Excelente,Malo,F,2,SPA,54,10,24,60,44,58,80,65,23,3,56,33,99,35,20,0,1,1,0,1,1,0,0,0,Excelente,NO SUJETO DE CREDITO,[1]Alta_Propension,Cliente Finaciado,NO,
2564,deudor uso medio de pago,Agricola,Segmento F,Segmento F,Region 6,Zona 6,1,0,0,0,1,0,0,0,1,1,1,52,Regular,Excelente,M,2,SPA,10,43,89,10,98,20,95,35,68,86,4,7,43,25,83,1,1,0,1,1,1,1,0,0,Excelente,CON OBSERVACIONES-EVALUABLE,[3]Baja_Propension,Cliente Finaciado,SI,RED SUCURSALES
2565,deudor uso medio de pago,Agricola,Segmento D,Segmento D,Region 4,Zona 5,1,1,0,0,0,1,1,1,0,0,0,45,Malo,Excelente,M,2,Cooperativas,94,73,74,35,9,38,45,35,25,42,55,9,82,77,28,1,0,0,0,0,1,1,1,0,Malo,NO SUJETO DE CREDITO,[1]Alta_Propension,Cliente Finaciado,SI,SALESFORCE - CCL
2566,deudor uso medio de pago,Pesca,Segmento D,Segmento D,Region 4,Zona 5,1,0,1,1,1,0,1,1,1,1,1,18,Excelente,Malo,F,2,Federacion,13,20,44,90,97,51,75,91,87,34,37,12,42,79,3,1,0,0,0,0,1,0,0,0,Malo,SUJETO DE CREDITO-EVALUABLE,[2]Media_Propension,Cliente Finaciado,NO,
2567,deudor uso medio de pago,Agricola,Segmento F,Segmento D,Region 4,Zona 6,1,1,1,0,0,1,1,0,0,1,1,68,Malo,Regular,F,2,SPA,74,94,85,33,17,71,78,64,44,6,12,57,66,45,29,0,0,1,0,0,0,1,1,1,Excelente,NO SUJETO DE CREDITO,[2]Media_Propension,Cliente No Financiado,NO,RED SUCURSALES
2568,deudor no comercial,Pesca,Segmento F,Segmento D,Region 4,Zona 4,0,1,1,0,1,0,1,0,1,1,1,58,Malo,Malo,F,2,Federacion,0,25,77,65,8,27,86,0,3,0,62,28,1,6,29,0,0,1,0,1,1,0,0,0,Excelente,CON OBSERVACIONES-EVALUABLE,[2]Media_Propension,Cliente Finaciado,NO,
2569,deudor uso medio de pago,Biotecnologia,Segmento F,Segmento E,Region 6,Zona 6,1,0,1,1,0,1,0,1,1,0,0,73,Malo,Malo,F,2,Sindicatos,23,80,84,95,82,14,32,7,17,20,76,8,80,9,31,0,0,0,0,0,1,1,0,0,Bueno,CON OBSERVACIONES-EVALUABLE,[3]Baja_Propension,Cliente No Financiado,SI,SALESFORCE -WEB
2570,deudor no comercial,Pesca,Segmento E,Segmento D,Region 6,Zona 6,0,1,1,0,0,0,1,0,0,1,0,72,Excelente,Malo,M,1,Federacion,78,99,26,83,31,14,46,3,6,55,91,17,99,59,17,0,0,0,1,0,1,0,0,1,Bueno,NO SUJETO DE CREDITO,[1]Alta_Propension,Cliente Finaciado,NO,VENTA CENTRALIZADA
2571,deudor comercial,Pesca,Segmento E,Segmento E,Region 6,Zona 4,0,1,1,0,0,0,1,0,1,0,0,19,Regular,Excelente,M,2,Federacion,49,41,25,0,9,34,52,83,89,47,36,99,22,17,5,1,1,0,0,1,1,1,0,1,Excelente,CON OBSERVACIONES-EVALUABLE,[1]Alta_Propension,Cliente Finaciado,SI,SALESFORCE - CCL
2572,deudor no comercial,Pesca,Segmento D,Segmento F,Region 6,Zona 4,1,1,0,1,0,1,1,1,0,0,1,41,Regular,Excelente,F,1,Sociedad,3,21,30,11,23,81,36,85,61,38,43,77,49,2,18,1,1,1,0,1,1,1,0,1,Malo,SUJETO DE CREDITO-EVALUABLE,[1]Alta_Propension,Castigado o Sin Producto,SI,SALESFORCE - CCL
2573,deudor no comercial,Biotecnologia,Segmento D,Segmento D,Region 4,Zona 6,0,0,0,0,1,1,0,1,1,1,1,42,Regular,Regular,M,2,Cooperativas,49,40,71,95,70,47,31,31,9,98,24,4,65,94,38,1,0,0,1,1,1,0,0,1,Malo,SUJETO DE CREDITO-EVALUABLE,[1]Alta_Propension,Cliente No Financiado,SI,VENTA CENTRALIZADA
2574,deudor no comercial,Biotecnologia,Segmento D,Segmento F,Region 5,Zona 6,0,1,1,1,1,0,1,0,0,1,1,65,Excelente,Excelente,M,1,Sindicatos,0,51,30,20,1,0,14,74,36,44,27,26,65,4,35,1,0,1,0,0,1,1,0,1,Bueno,NO SUJETO DE CREDITO,[3]Baja_Propension,Cliente No Financiado,NO,VENTA CENTRALIZADA
2575,deudor comercial,Pesca,Segmento F,Segmento F,Region 6,Zona 4,1,0,1,1,0,1,0,1,0,0,0,64,Excelente,Malo,F,1,Federacion,9,54,12,71,77,59,22,38,28,14,56,28,94,37,14,1,1,0,0,0,1,1,1,1,Bueno,NO SUJETO DE CREDITO,[3]Baja_Propension,Castigado o Sin Producto,NO,RED SUCURSALES
2576,deudor uso medio de pago,Biotecnologia,Segmento F,Segmento E,Region 5,Zona 5,0,1,1,0,1,0,1,0,0,1,1,53,Excelente,Excelente,M,2,SPA,48,75,98,64,56,32,52,34,79,90,18,43,37,31,84,0,0,0,0,0,0,1,0,1,Malo,CON OBSERVACIONES-EVALUABLE,[1]Alta_Propension,Cliente Finaciado,NO,SALESFORCE - CCL
2577,deudor comercial,Agricola,Segmento E,Segmento F,Region 6,Zona 5,0,0,0,0,1,0,0,1,1,0,0,68,Excelente,Malo,F,1,Sociedad,62,71,42,45,84,71,7,2,44,47,42,73,98,39,55,0,0,0,1,1,0,1,0,0,Excelente,NO SUJETO DE CREDITO,[2]Media_Propension,Cliente Finaciado,NO,VENTA CENTRALIZADA
2578,deudor comercial,Biotecnologia,Segmento F,Segmento D,Region 5,Zona 5,0,1,1,0,0,0,0,1,1,0,1,27,Regular,Malo,M,2,SPA,46,4,39,34,30,16,45,17,2,15,90,72,86,11,23,1,0,1,1,0,1,1,1,1,Bueno,SUJETO DE CREDITO-EVALUABLE,[3]Baja_Propension,Castigado o Sin Producto,SI,VENTA CENTRALIZADA
2579,deudor comercial,Biotecnologia,Segmento E,Segmento D,Region 5,Zona 4,1,0,1,0,0,1,0,0,0,0,1,55,Malo,Excelente,F,2,SPA,97,23,34,39,32,60,56,97,15,67,26,83,52,48,71,1,0,1,1,1,1,0,1,1,Excelente,CON OBSERVACIONES-EVALUABLE,[1]Alta_Propension,Cliente Finaciado,NO,VENTA CENTRALIZADA
2580,deudor uso medio de pago,Agricola,Segmento D,Segmento D,Region 4,Zona 4,1,0,1,1,0,0,0,0,0,0,0,68,Excelente,Regular,F,2,Federacion,74,55,10,81,22,66,78,77,83,53,36,23,8,84,77,0,1,0,0,1,1,0,1,0,Excelente,SUJETO DE CREDITO-EVALUABLE,[2]Media_Propension,Cliente No Financiado,SI,SALESFORCE -WEB
2581,deudor uso medio de pago,Pesca,Segmento D,Segmento E,Region 6,Zona 6,0,1,0,0,0,1,1,1,1,0,0,20,Excelente,Excelente,M,2,Federacion,79,17,30,92,42,77,0,67,40,97,22,77,86,11,72,0,1,0,0,0,1,0,1,1,Bueno,SUJETO DE CREDITO-EVALUABLE,[1]Alta_Propension,Cliente No Financiado,NO,SALESFORCE - CCL
2582,deudor uso medio de pago,Agricola,Segmento F,Segmento D,Region 4,Zona 5,0,0,1,0,0,1,1,1,1,1,1,31,Excelente,Excelente,M,1,Cooperativas,90,1,39,56,76,42,3,84,0,51,34,82,62,53,50,0,1,1,0,0,1,1,0,0,Malo,NO SUJETO DE CREDITO,[3]Baja_Propension,Cliente Finaciado,SI,VENTA CENTRALIZADA
2583,deudor no comercial,Biotecnologia,Segmento D,Segmento D,Region 4,Zona 6,1,0,1,0,0,0,0,1,1,0,0,68,Excelente,Regular,F,2,SPA,38,87,40,37,51,57,16,20,43,98,60,93,41,7,12,0,0,0,0,0,1,0,1,0,Malo,NO SUJETO DE CREDITO,[2]Media_Propension,Castigado o Sin Producto,SI,VENTA CENTRALIZADA
2584,deudor comercial,Biotecnologia,Segmento D,Segmento D,Region 6,Zona 4,0,0,0,0,1,1,0,1,1,1,0,29,Excelente,Excelente,F,1,Sociedad,20,18,74,91,25,36,49,90,84,81,67,87,52,73,36,1,1,0,0,1,0,1,0,1,Malo,NO SUJETO DE CREDITO,[2]Media_Propension,Cliente Finaciado,NO,SALESFORCE -WEB
2585,deudor uso medio de pago,Pesca,Segmento D,Segmento D,Region 6,Zona 6,0,0,1,0,1,0,1,1,1,1,0,59,Excelente,Regular,M,1,SPA,65,95,90,23,82,42,0,86,2,48,50,33,44,52,72,1,1,1,0,0,0,0,1,0,Malo,CON OBSERVACIONES-EVALUABLE,[1]Alta_Propension,Cliente No Financiado,NO,VENTA CENTRALIZADA
2586,deudor no comercial,Agricola,Segmento E,Segmento D,Region 5,Zona 4,1,0,0,1,1,1,0,1,0,1,1,61,Regular,Regular,M,1,Sociedad,69,62,59,62,9,1,52,44,57,78,79,45,79,2,73,0,0,1,1,1,0,0,0,1,Excelente,SUJETO DE CREDITO-EVALUABLE,[1]Alta_Propension,Cliente Finaciado,NO,SALESFORCE - CCL
2587,deudor no comercial,Biotecnologia,Segmento D,Segmento F,Region 6,Zona 5,0,0,0,1,1,1,1,0,0,1,0,39,Regular,Regular,F,2,Sociedad,28,96,22,47,58,33,33,65,17,16,77,39,43,28,39,1,0,0,0,0,1,1,0,1,Excelente,SUJETO DE CREDITO-EVALUABLE,[2]Media_Propension,Castigado o Sin Producto,NO,
2588,deudor comercial,Biotecnologia,Segmento D,Segmento E,Region 6,Zona 5,0,1,1,1,0,0,0,0,1,1,1,26,Malo,Regular,M,2,Sociedad,33,73,72,33,35,65,53,41,30,7,18,52,21,64,98,1,0,1,0,1,0,1,1,1,Malo,SUJETO DE CREDITO-EVALUABLE,[1]Alta_Propension,Castigado o Sin Producto,NO,RED SUCURSALES
2589,deudor no comercial,Agricola,Segmento D,Segmento D,Region 4,Zona 6,1,0,0,1,0,0,1,0,0,1,0,66,Regular,Malo,F,2,Cooperativas,73,92,88,2,22,43,58,29,15,44,81,25,86,87,14,0,1,0,0,0,1,1,0,1,Malo,NO SUJETO DE CREDITO,[3]Baja_Propension,Cliente No Financiado,NO,SALESFORCE -WEB
2590,deudor comercial,Agricola,Segmento D,Segmento E,Region 6,Zona 5,1,0,0,0,1,0,1,0,0,0,1,53,Regular,Malo,M,2,Cooperativas,0,91,92,15,54,72,85,14,35,67,77,9,46,94,19,1,0,1,1,1,0,0,0,1,Bueno,CON OBSERVACIONES-EVALUABLE,[3]Baja_Propension,Castigado o Sin Producto,SI,
2591,deudor uso medio de pago,Pesca,Segmento D,Segmento E,Region 5,Zona 4,1,1,1,1,1,1,1,0,0,1,1,25,Malo,Regular,M,2,Cooperativas,44,56,69,29,10,49,96,3,72,73,28,80,46,51,2,1,1,0,1,0,1,1,0,0,Excelente,SUJETO DE CREDITO-EVALUABLE,[3]Baja_Propension,Cliente No Financiado,NO,
2592,deudor no comercial,Agricola,Segmento E,Segmento E,Region 5,Zona 6,0,1,0,0,1,1,1,1,1,0,1,61,Malo,Regular,F,2,Cooperativas,63,4,55,28,32,92,4,22,30,28,18,98,38,44,52,1,0,0,1,1,0,0,1,0,Bueno,NO SUJETO DE CREDITO,[1]Alta_Propension,Castigado o Sin Producto,NO,SALESFORCE -WEB
2593,deudor comercial,Agricola,Segmento E,Segmento F,Region 5,Zona 6,1,0,0,1,0,1,0,0,1,1,1,73,Regular,Regular,M,2,Sindicatos,66,7,1,93,74,35,78,86,68,98,75,49,9,29,21,0,1,0,1,0,1,1,0,0,Malo,SUJETO DE CREDITO-EVALUABLE,[1]Alta_Propension,Cliente No Financiado,SI,RED SUCURSALES
2594,deudor comercial,Pesca,Segmento D,Segmento F,Region 6,Zona 6,0,1,1,1,0,1,0,1,1,0,0,42,Excelente,Malo,F,1,Sindicatos,47,74,43,41,79,18,40,49,87,27,93,36,72,97,99,1,1,0,1,0,1,0,0,1,Excelente,CON OBSERVACIONES-EVALUABLE,[1]Alta_Propension,Castigado o Sin Producto,NO,SALESFORCE -WEB
2595,deudor uso medio de pago,Pesca,Segmento F,Segmento D,Region 4,Zona 5,0,0,0,0,0,1,1,1,0,0,1,46,Malo,Malo,M,1,Cooperativas,75,27,84,21,42,34,70,90,21,38,92,40,35,81,4,1,1,0,0,1,0,1,0,1,Malo,CON OBSERVACIONES-EVALUABLE,[2]Media_Propension,Castigado o Sin Producto,NO,
2596,deudor comercial,Agricola,Segmento D,Segmento D,Region 4,Zona 6,0,1,1,0,1,0,0,0,0,1,0,56,Excelente,Regular,M,2,Cooperativas,40,20,55,28,67,25,86,21,8,20,94,43,23,81,43,1,0,0,0,1,0,1,1,1,Malo,NO SUJETO DE CREDITO,[2]Media_Propension,Cliente No Financiado,NO,VENTA CENTRALIZADA
2597,deudor comercial,Biotecnologia,Segmento D,Segmento F,Region 6,Zona 6,0,1,1,1,0,0,1,1,0,0,1,28,Excelente,Excelente,F,1,Cooperativas,57,28,47,12,42,50,77,74,40,35,8,88,32,56,24,1,0,1,0,0,1,0,1,1,Bueno,CON OBSERVACIONES-EVALUABLE,[1]Alta_Propension,Cliente No Financiado,SI,SALESFORCE - CCL
2598,deudor no comercial,Biotecnologia,Segmento F,Segmento D,Region 6,Zona 6,1,1,0,1,0,1,1,1,0,0,1,18,Malo,Excelente,F,2,Sociedad,31,5,98,0,48,17,30,32,81,46,33,96,48,13,59,1,0,0,1,1,0,1,1,0,Bueno,CON OBSERVACIONES-EVALUABLE,[2]Media_Propension,Castigado o Sin Producto,SI,RED SUCURSALES
2599,deudor comercial,Agricola,Segmento E,Segmento D,Region 5,Zona 5,1,0,1,0,0,0,1,0,1,1,1,60,Malo,Malo,F,1,Sindicatos,3,84,55,37,11,61,50,73,18,88,84,1,92,13,46,1,0,0,1,1,0,1,0,0,Excelente,NO SUJETO DE CREDITO,[2]Media_Propension,Cliente No Financiado,SI,VENTA CENTRALIZADA
2600,deudor no comercial,Biotecnologia,Segmento D,Segmento F,Region 4,Zona 5,0,0,1,0,0,1,0,0,0,1,1,44,Malo,Regular,F,2,Sociedad,86,54,6,24,91,62,57,23,18,14,18,82,50,98,55,1,1,1,1,1,0,1,0,1,Excelente,NO SUJETO DE CREDITO,[3]Baja_Propension,Cliente No Financiado,NO,RED SUCURSALES
2601,deudor uso medio de pago,Agricola,Segmento E,Segmento E,Region 6,Zona 4,1,1,1,0,1,0,1,0,0,1,0,39,Malo,Malo,F,2,Cooperativas,60,76,14,97,36,34,50,37,50,66,5,78,14,30,27,0,0,1,1,0,1,0,1,1,Bueno,SUJETO DE CREDITO-EVALUABLE,[1]Alta_Propension,Cliente No Financiado,NO,VENTA CENTRALIZADA
2602,deudor no comercial,Biotecnologia,Segmento F,Segmento F,Region 6,Zona 6,1,0,1,0,1,0,1,0,0,1,0,47,Excelente,Malo,M,2,SPA,33,59,83,59,17,49,63,42,65,6,35,15,58,77,29,1,0,1,0,0,1,0,1,0,Excelente,NO SUJETO DE CREDITO,[3]Baja_Propension,Cliente Finaciado,SI,VENTA CENTRALIZADA
2603,deudor comercial,Pesca,Segmento E,Segmento D,Region 6,Zona 4,0,1,0,0,0,0,0,1,0,0,1,65,Regular,Excelente,F,2,Cooperativas,75,4,68,71,61,73,34,49,98,92,89,81,55,46,9,0,0,0,1,1,1,1,0,0,Malo,SUJETO DE CREDITO-EVALUABLE,[3]Baja_Propension,Castigado o Sin Producto,SI,SALESFORCE -WEB
2604,deudor no comercial,Biotecnologia,Segmento F,Segmento D,Region 5,Zona 6,1,1,0,1,1,1,1,0,0,1,1,62,Excelente,Regular,M,2,Sindicatos,63,20,70,8,64,97,63,76,59,53,63,56,40,8,90,0,1,1,1,1,1,0,1,0,Bueno,CON OBSERVACIONES-EVALUABLE,[2]Media_Propension,Cliente No Financiado,NO,VENTA CENTRALIZADA
2605,deudor comercial,Pesca,Segmento F,Segmento E,Region 5,Zona 4,0,1,0,1,1,1,0,1,1,1,0,54,Malo,Regular,F,2,Sociedad,47,33,60,13,18,53,72,43,14,64,41,28,80,52,20,0,1,0,0,1,1,1,1,0,Malo,NO SUJETO DE CREDITO,[1]Alta_Propension,Cliente Finaciado,NO,VENTA CENTRALIZADA
2606,deudor no comercial,Pesca,Segmento D,Segmento E,Region 6,Zona 4,0,0,1,0,1,0,0,1,0,1,1,27,Regular,Malo,M,1,SPA,70,3,36,72,55,11,20,53,60,72,50,43,75,10,27,0,1,0,1,0,0,0,1,1,Excelente,NO SUJETO DE CREDITO,[3]Baja_Propension,Cliente No Financiado,SI,
2607,deudor uso medio de pago,Biotecnologia,Segmento F,Segmento F,Region 4,Zona 5,0,1,0,1,0,0,0,0,1,1,1,68,Excelente,Malo,M,1,SPA,43,87,64,14,87,24,90,38,45,32,86,60,86,97,71,0,1,1,1,0,0,1,1,0,Malo,NO SUJETO DE CREDITO,[1]Alta_Propension,Cliente No Financiado,SI,RED SUCURSALES
2608,deudor uso medio de pago,Biotecnologia,Segmento F,Segmento F,Region 5,Zona 4,0,0,0,1,1,0,1,0,1,0,1,51,Malo,Excelente,F,2,Sindicatos,0,94,76,20,62,30,74,37,86,18,68,0,18,17,9,1,1,1,1,0,1,1,0,0,Excelente,NO SUJETO DE CREDITO,[3]Baja_Propension,Cliente Finaciado,SI,RED SUCURSALES
2609,deudor no comercial,Agricola,Segmento D,Segmento F,Region 4,Zona 6,0,1,0,0,0,0,0,1,1,1,1,63,Malo,Excelente,M,2,SPA,52,22,49,63,80,37,49,0,41,13,48,46,36,76,67,0,1,0,1,1,1,0,0,1,Excelente,NO SUJETO DE CREDITO,[2]Media_Propension,Cliente Finaciado,NO,
2610,deudor uso medio de pago,Pesca,Segmento E,Segmento D,Region 4,Zona 6,1,0,1,0,0,1,0,1,0,0,0,42,Malo,Excelente,F,2,Federacion,59,61,74,64,22,93,70,1,71,55,42,44,20,11,10,1,0,0,0,1,0,0,0,1,Bueno,CON OBSERVACIONES-EVALUABLE,[3]Baja_Propension,Castigado o Sin Producto,NO,VENTA CENTRALIZADA
2611,deudor no comercial,Agricola,Segmento D,Segmento E,Region 5,Zona 5,0,0,1,1,0,1,0,1,0,1,0,37,Regular,Regular,F,2,SPA,44,58,12,15,86,68,43,92,24,81,80,76,46,66,26,1,1,1,1,0,0,1,1,1,Bueno,NO SUJETO DE CREDITO,[3]Baja_Propension,Cliente No Financiado,NO,SALESFORCE - CCL
2612,deudor comercial,Agricola,Segmento E,Segmento E,Region 4,Zona 4,0,1,0,1,0,0,1,1,1,0,1,42,Malo,Regular,F,2,Sindicatos,58,6,75,23,78,51,87,13,31,64,15,54,80,26,45,0,1,1,0,1,1,1,0,1,Bueno,NO SUJETO DE CREDITO,[1]Alta_Propension,Cliente Finaciado,NO,
2613,deudor comercial,Biotecnologia,Segmento E,Segmento E,Region 4,Zona 4,0,0,1,0,1,0,1,0,0,0,1,52,Regular,Excelente,M,2,Federacion,0,9,88,44,37,33,15,32,39,66,82,41,6,36,84,1,0,1,0,0,1,0,0,1,Bueno,SUJETO DE CREDITO-EVALUABLE,[1]Alta_Propension,Castigado o Sin Producto,SI,SALESFORCE - CCL
2614,deudor no comercial,Pesca,Segmento D,Segmento E,Region 4,Zona 6,1,1,0,0,1,1,0,0,1,1,0,67,Regular,Malo,F,2,Sindicatos,41,6,84,72,45,39,89,72,16,36,72,73,22,85,21,0,1,0,0,0,0,0,0,1,Malo,SUJETO DE CREDITO-EVALUABLE,[2]Media_Propension,Castigado o Sin Producto,SI,VENTA CENTRALIZADA
2615,deudor no comercial,Biotecnologia,Segmento E,Segmento D,Region 5,Zona 4,0,0,1,1,0,0,1,0,0,0,0,52,Regular,Regular,F,1,Cooperativas,6,53,9,56,18,95,28,72,67,88,30,25,76,90,89,1,1,1,0,0,0,0,0,0,Malo,NO SUJETO DE CREDITO,[3]Baja_Propension,Castigado o Sin Producto,NO,VENTA CENTRALIZADA
2616,deudor comercial,Biotecnologia,Segmento E,Segmento E,Region 6,Zona 4,0,1,0,1,1,0,1,0,0,1,0,68,Excelente,Excelente,F,1,Federacion,60,92,80,19,97,15,34,28,42,83,51,13,26,95,81,1,1,1,1,0,0,0,0,1,Excelente,CON OBSERVACIONES-EVALUABLE,[3]Baja_Propension,Castigado o Sin Producto,SI,
2617,deudor uso medio de pago,Pesca,Segmento D,Segmento F,Region 4,Zona 5,1,0,1,1,1,1,1,1,1,0,1,39,Excelente,Malo,M,2,Federacion,43,47,95,63,23,87,62,27,19,8,49,37,39,35,34,0,1,0,0,0,0,0,1,0,Bueno,SUJETO DE CREDITO-EVALUABLE,[3]Baja_Propension,Cliente Finaciado,NO,SALESFORCE - CCL
2618,deudor no comercial,Biotecnologia,Segmento D,Segmento D,Region 5,Zona 6,1,1,1,1,0,1,1,0,0,1,0,18,Excelente,Malo,F,2,Federacion,34,89,97,4,25,52,44,72,19,18,55,11,31,55,5,0,0,1,1,1,1,1,0,1,Excelente,CON OBSERVACIONES-EVALUABLE,[2]Media_Propension,Cliente Finaciado,NO,SALESFORCE -WEB
2619,deudor comercial,Biotecnologia,Segmento E,Segmento D,Region 5,Zona 5,1,1,1,0,0,0,0,1,1,0,1,22,Excelente,Malo,M,1,Cooperativas,78,45,0,39,64,60,56,39,49,55,35,97,32,8,61,0,0,1,0,1,1,1,0,1,Excelente,SUJETO DE CREDITO-EVALUABLE,[2]Media_Propension,Castigado o Sin Producto,NO,VENTA CENTRALIZADA
2620,deudor no comercial,Pesca,Segmento F,Segmento E,Region 5,Zona 4,0,1,0,1,0,1,1,0,0,1,0,74,Malo,Malo,M,1,SPA,13,89,52,56,77,15,72,51,30,19,40,57,25,28,39,1,1,1,1,0,0,1,0,1,Bueno,NO SUJETO DE CREDITO,[1]Alta_Propension,Cliente Finaciado,SI,SALESFORCE -WEB
2621,deudor no comercial,Agricola,Segmento F,Segmento F,Region 6,Zona 4,0,0,1,0,1,1,1,0,1,0,1,20,Malo,Malo,F,1,Sociedad,20,23,0,10,83,16,67,50,86,28,56,28,37,62,91,1,1,0,1,1,0,1,0,1,Malo,NO SUJETO DE CREDITO,[2]Media_Propension,Cliente Finaciado,NO,SALESFORCE - CCL
2622,deudor comercial,Pesca,Segmento E,Segmento F,Region 6,Zona 4,0,1,0,1,0,0,1,1,1,1,1,31,Malo,Malo,F,1,Sociedad,0,36,99,20,59,82,83,17,38,88,90,51,55,92,26,1,1,1,0,1,0,0,0,1,Malo,CON OBSERVACIONES-EVALUABLE,[3]Baja_Propension,Cliente No Financiado,NO,SALESFORCE -WEB
2623,deudor uso medio de pago,Biotecnologia,Segmento E,Segmento E,Region 4,Zona 5,0,0,1,0,0,0,1,1,0,1,0,70,Malo,Excelente,F,1,Sociedad,34,81,7,15,20,40,39,55,49,47,78,67,66,90,23,1,1,0,1,1,1,0,0,1,Excelente,NO SUJETO DE CREDITO,[3]Baja_Propension,Cliente Finaciado,SI,RED SUCURSALES
2624,deudor no comercial,Agricola,Segmento E,Segmento E,Region 6,Zona 6,1,1,1,0,1,0,1,0,1,1,0,42,Regular,Malo,F,2,Federacion,84,39,77,11,87,69,57,33,51,12,67,71,32,51,8,1,0,1,0,1,0,0,0,1,Bueno,SUJETO DE CREDITO-EVALUABLE,[1]Alta_Propension,Cliente Finaciado,NO,SALESFORCE -WEB
2625,deudor uso medio de pago,Agricola,Segmento D,Segmento D,Region 6,Zona 4,0,0,1,0,0,1,0,0,0,1,0,37,Regular,Malo,M,2,Federacion,58,66,10,47,87,23,15,18,99,16,6,48,0,63,67,0,1,1,0,0,1,0,0,0,Excelente,CON OBSERVACIONES-EVALUABLE,[3]Baja_Propension,Cliente Finaciado,SI,RED SUCURSALES
2626,deudor no comercial,Pesca,Segmento E,Segmento E,Region 5,Zona 6,0,1,1,1,1,0,1,0,0,0,1,19,Regular,Excelente,M,2,Federacion,12,47,94,22,10,62,59,96,46,56,73,7,18,69,82,0,0,0,1,1,0,0,1,0,Excelente,SUJETO DE CREDITO-EVALUABLE,[2]Media_Propension,Cliente No Financiado,SI,SALESFORCE -WEB
2627,deudor no comercial,Agricola,Segmento E,Segmento E,Region 6,Zona 5,0,0,0,1,0,0,0,0,1,0,1,29,Regular,Malo,F,1,Cooperativas,52,79,59,72,15,15,76,14,29,53,40,97,27,77,26,0,1,1,1,1,0,0,1,0,Bueno,CON OBSERVACIONES-EVALUABLE,[1]Alta_Propension,Cliente Finaciado,SI,SALESFORCE -WEB
2628,deudor no comercial,Biotecnologia,Segmento E,Segmento D,Region 4,Zona 5,1,0,0,1,1,0,1,1,1,1,1,51,Regular,Excelente,M,2,SPA,96,43,4,8,54,48,33,56,67,3,84,20,30,38,98,1,0,0,1,1,0,0,0,0,Bueno,CON OBSERVACIONES-EVALUABLE,[3]Baja_Propension,Cliente No Financiado,NO,
2629,deudor comercial,Biotecnologia,Segmento E,Segmento F,Region 5,Zona 4,0,1,0,0,1,0,0,0,0,1,1,40,Regular,Regular,F,1,Sindicatos,73,14,38,56,32,97,19,51,48,86,93,69,53,33,18,1,0,0,0,0,0,1,1,1,Excelente,CON OBSERVACIONES-EVALUABLE,[1]Alta_Propension,Cliente Finaciado,SI,RED SUCURSALES
2630,deudor no comercial,Pesca,Segmento F,Segmento D,Region 5,Zona 6,0,0,1,1,1,1,0,0,1,1,0,44,Regular,Regular,M,1,Sindicatos,47,95,18,31,0,97,16,51,24,51,9,87,47,25,43,0,0,1,1,0,1,1,0,0,Bueno,SUJETO DE CREDITO-EVALUABLE,[1]Alta_Propension,Castigado o Sin Producto,SI,
2631,deudor no comercial,Pesca,Segmento F,Segmento F,Region 5,Zona 6,1,0,1,1,0,1,0,0,1,1,0,38,Excelente,Excelente,F,1,Sindicatos,11,81,20,10,55,34,8,60,10,17,89,18,67,83,65,1,0,0,0,1,1,1,1,0,Bueno,CON OBSERVACIONES-EVALUABLE,[1]Alta_Propension,Cliente No Financiado,NO,SALESFORCE -WEB
2632,deudor comercial,Pesca,Segmento D,Segmento D,Region 4,Zona 5,1,1,1,0,1,0,1,1,0,1,1,44,Malo,Regular,F,2,Federacion,15,21,2,18,55,68,24,43,0,32,16,18,64,21,94,0,0,1,0,0,1,0,1,1,Malo,CON OBSERVACIONES-EVALUABLE,[2]Media_Propension,Castigado o Sin Producto,NO,SALESFORCE - CCL
2633,deudor no comercial,Agricola,Segmento E,Segmento F,Region 5,Zona 6,0,1,0,0,0,0,0,0,1,0,0,52,Regular,Excelente,M,1,Sindicatos,84,22,85,60,81,65,49,39,49,9,76,82,50,20,32,0,1,0,1,1,1,0,1,1,Excelente,NO SUJETO DE CREDITO,[1]Alta_Propension,Cliente No Financiado,NO,SALESFORCE - CCL
2634,deudor uso medio de pago,Agricola,Segmento F,Segmento F,Region 6,Zona 6,1,1,0,0,1,0,0,0,1,1,1,56,Excelente,Regular,M,2,Sindicatos,56,33,42,60,24,7,72,16,85,46,61,75,58,23,76,1,0,0,0,1,0,1,0,1,Bueno,SUJETO DE CREDITO-EVALUABLE,[1]Alta_Propension,Cliente No Financiado,SI,RED SUCURSALES
2635,deudor comercial,Pesca,Segmento F,Segmento E,Region 6,Zona 6,1,0,0,1,0,0,0,0,1,0,0,31,Malo,Excelente,M,1,SPA,71,77,35,86,50,28,72,60,51,24,44,37,14,60,8,0,0,0,1,1,0,0,0,1,Malo,CON OBSERVACIONES-EVALUABLE,[1]Alta_Propension,Cliente Finaciado,NO,SALESFORCE -WEB
2636,deudor uso medio de pago,Pesca,Segmento F,Segmento E,Region 6,Zona 5,0,1,1,1,1,1,1,1,1,0,1,52,Excelente,Malo,M,2,Cooperativas,48,63,21,49,63,35,9,30,95,75,23,92,23,31,69,0,1,0,1,0,1,0,0,0,Excelente,CON OBSERVACIONES-EVALUABLE,[1]Alta_Propension,Castigado o Sin Producto,SI,SALESFORCE -WEB
2637,deudor no comercial,Agricola,Segmento D,Segmento E,Region 6,Zona 5,0,1,1,0,0,0,1,1,0,1,1,35,Malo,Excelente,F,2,Federacion,11,89,10,64,10,29,1,3,18,14,6,28,90,27,95,0,0,1,1,0,0,0,1,0,Bueno,CON OBSERVACIONES-EVALUABLE,[3]Baja_Propension,Castigado o Sin Producto,SI,VENTA CENTRALIZADA
2638,deudor no comercial,Biotecnologia,Segmento E,Segmento D,Region 4,Zona 4,0,1,1,1,0,1,0,0,1,1,1,33,Malo,Excelente,F,1,Sociedad,39,32,26,76,22,12,84,97,76,8,13,78,99,23,15,0,0,0,1,1,0,0,0,0,Malo,NO SUJETO DE CREDITO,[2]Media_Propension,Cliente No Financiado,NO,SALESFORCE - CCL
2639,deudor comercial,Pesca,Segmento E,Segmento E,Region 4,Zona 4,0,1,0,1,1,0,1,1,0,0,0,52,Malo,Excelente,F,2,Sindicatos,78,43,47,85,17,33,66,53,16,22,69,5,17,58,86,0,1,0,0,0,0,1,0,1,Excelente,SUJETO DE CREDITO-EVALUABLE,[1]Alta_Propension,Cliente No Financiado,NO,SALESFORCE -WEB
2640,deudor no comercial,Pesca,Segmento E,Segmento D,Region 5,Zona 6,0,0,1,1,1,0,1,0,0,0,0,74,Malo,Malo,F,1,Cooperativas,59,59,47,32,30,25,15,66,39,97,19,91,23,18,25,0,1,0,0,1,0,0,1,0,Excelente,SUJETO DE CREDITO-EVALUABLE,[3]Baja_Propension,Cliente Finaciado,NO,SALESFORCE - CCL
2641,deudor uso medio de pago,Biotecnologia,Segmento F,Segmento D,Region 4,Zona 6,0,1,1,1,0,1,0,0,1,1,0,59,Malo,Regular,M,1,Sindicatos,30,2,17,94,78,25,20,12,93,82,91,27,44,87,2,0,0,0,1,0,1,0,1,1,Bueno,SUJETO DE CREDITO-EVALUABLE,[2]Media_Propension,Cliente No Financiado,NO,SALESFORCE -WEB
2642,deudor comercial,Biotecnologia,Segmento F,Segmento D,Region 6,Zona 5,1,1,0,0,0,0,0,1,1,0,1,54,Regular,Malo,F,2,Federacion,20,13,35,23,70,85,12,59,61,23,85,46,39,26,86,1,1,0,1,1,1,0,0,0,Bueno,SUJETO DE CREDITO-EVALUABLE,[3]Baja_Propension,Cliente No Financiado,SI,SALESFORCE -WEB
2643,deudor no comercial,Agricola,Segmento D,Segmento E,Region 6,Zona 5,0,1,0,1,1,0,1,1,0,0,0,26,Malo,Regular,F,1,Cooperativas,78,24,95,66,47,72,81,59,88,90,6,26,19,77,10,0,0,0,0,1,0,1,1,1,Malo,CON OBSERVACIONES-EVALUABLE,[3]Baja_Propension,Cliente Finaciado,SI,VENTA CENTRALIZADA
2644,deudor no comercial,Agricola,Segmento F,Segmento D,Region 6,Zona 4,1,0,1,1,1,0,0,1,1,1,0,19,Malo,Malo,F,2,SPA,71,96,38,62,44,90,20,55,46,38,22,38,53,87,26,1,0,1,1,0,1,0,0,1,Bueno,CON OBSERVACIONES-EVALUABLE,[3]Baja_Propension,Cliente No Financiado,SI,VENTA CENTRALIZADA
2645,deudor uso medio de pago,Agricola,Segmento E,Segmento E,Region 5,Zona 5,1,1,1,0,1,0,0,0,1,0,1,24,Excelente,Regular,M,1,Sindicatos,54,38,51,25,93,69,25,71,6,61,63,40,49,87,39,1,0,0,0,1,0,1,1,0,Bueno,CON OBSERVACIONES-EVALUABLE,[1]Alta_Propension,Cliente No Financiado,NO,VENTA CENTRALIZADA
2646,deudor uso medio de pago,Agricola,Segmento D,Segmento E,Region 5,Zona 6,0,0,1,1,0,1,0,1,0,0,1,50,Malo,Excelente,F,1,Cooperativas,49,36,68,95,45,3,83,90,98,96,71,7,64,93,20,0,1,1,0,0,0,1,0,0,Excelente,CON OBSERVACIONES-EVALUABLE,[3]Baja_Propension,Cliente Finaciado,SI,RED SUCURSALES
2647,deudor no comercial,Biotecnologia,Segmento F,Segmento D,Region 4,Zona 4,0,0,1,0,1,0,0,1,0,0,0,47,Excelente,Malo,M,2,Sociedad,99,71,83,62,41,25,36,89,98,2,80,26,30,29,51,0,0,0,1,0,1,1,0,0,Malo,NO SUJETO DE CREDITO,[1]Alta_Propension,Cliente No Financiado,SI,SALESFORCE - CCL
2648,deudor no comercial,Pesca,Segmento E,Segmento F,Region 6,Zona 5,0,0,1,1,1,1,1,0,1,0,0,73,Excelente,Regular,M,1,Cooperativas,90,27,17,62,40,70,27,71,74,56,92,13,75,36,13,0,1,1,1,0,1,0,1,0,Bueno,SUJETO DE CREDITO-EVALUABLE,[3]Baja_Propension,Cliente No Financiado,SI,VENTA CENTRALIZADA
2649,deudor comercial,Pesca,Segmento D,Segmento D,Region 6,Zona 6,1,0,1,0,1,0,1,1,0,0,1,25,Excelente,Excelente,F,1,Sindicatos,52,17,13,87,31,60,83,86,17,45,19,70,34,60,1,0,1,0,0,1,0,1,0,1,Excelente,NO SUJETO DE CREDITO,[2]Media_Propension,Cliente No Financiado,SI,SALESFORCE -WEB
2650,deudor no comercial,Biotecnologia,Segmento D,Segmento E,Region 4,Zona 4,0,0,0,0,0,0,0,0,0,0,1,20,Excelente,Excelente,F,1,Federacion,55,92,45,77,78,10,52,86,35,46,54,17,77,25,92,0,0,0,1,1,0,0,1,1,Excelente,SUJETO DE CREDITO-EVALUABLE,[2]Media_Propension,Castigado o Sin Producto,SI,SALESFORCE - CCL
2651,deudor uso medio de pago,Biotecnologia,Segmento F,Segmento D,Region 5,Zona 5,0,0,1,1,1,0,1,0,1,1,1,42,Regular,Regular,F,2,Federacion,55,25,67,13,65,20,78,0,25,11,65,46,16,62,68,0,1,1,1,1,1,1,1,0,Excelente,CON OBSERVACIONES-EVALUABLE,[3]Baja_Propension,Cliente No Financiado,SI,VENTA CENTRALIZADA
2652,deudor uso medio de pago,Agricola,Segmento D,Segmento F,Region 5,Zona 6,0,0,0,1,0,0,0,0,1,1,0,23,Excelente,Regular,F,2,SPA,15,29,75,93,95,65,33,60,65,91,88,72,78,33,11,1,1,0,0,1,1,1,1,0,Excelente,NO SUJETO DE CREDITO,[1]Alta_Propension,Cliente Finaciado,NO,SALESFORCE - CCL
2653,deudor comercial,Pesca,Segmento F,Segmento F,Region 5,Zona 5,1,1,0,1,1,1,0,0,0,1,0,65,Malo,Regular,M,1,Sindicatos,45,92,92,81,62,33,80,56,62,68,8,27,69,70,87,1,0,1,0,1,0,1,1,1,Excelente,NO SUJETO DE CREDITO,[1]Alta_Propension,Cliente Finaciado,SI,RED SUCURSALES
2654,deudor no comercial,Agricola,Segmento D,Segmento D,Region 6,Zona 5,0,1,1,0,0,0,0,0,1,1,0,41,Malo,Excelente,F,2,Sindicatos,47,33,90,52,79,4,55,94,66,0,96,32,5,22,87,1,1,0,0,0,0,0,0,1,Excelente,SUJETO DE CREDITO-EVALUABLE,[1]Alta_Propension,Castigado o Sin Producto,SI,RED SUCURSALES
2655,deudor uso medio de pago,Biotecnologia,Segmento E,Segmento E,Region 4,Zona 6,0,1,1,0,1,0,0,1,0,0,0,25,Excelente,Malo,F,2,Sociedad,91,49,68,73,0,3,36,62,67,61,64,23,67,47,57,1,0,1,1,0,0,1,1,1,Bueno,SUJETO DE CREDITO-EVALUABLE,[3]Baja_Propension,Cliente Finaciado,SI,SALESFORCE - CCL
2656,deudor comercial,Pesca,Segmento E,Segmento F,Region 4,Zona 4,0,1,1,1,0,1,0,0,1,0,1,45,Malo,Excelente,F,2,Cooperativas,42,10,74,91,24,17,82,34,66,1,62,35,39,84,14,0,0,0,0,0,1,1,1,0,Malo,CON OBSERVACIONES-EVALUABLE,[1]Alta_Propension,Castigado o Sin Producto,SI,SALESFORCE -WEB
2657,deudor no comercial,Biotecnologia,Segmento F,Segmento D,Region 4,Zona 6,1,1,1,1,1,0,0,0,1,1,0,22,Excelente,Regular,F,1,Federacion,4,32,64,77,2,26,36,31,2,90,76,23,20,63,63,0,0,0,1,0,0,1,0,0,Excelente,NO SUJETO DE CREDITO,[3]Baja_Propension,Castigado o Sin Producto,NO,VENTA CENTRALIZADA
2658,deudor uso medio de pago,Biotecnologia,Segmento E,Segmento F,Region 6,Zona 5,1,0,0,0,1,1,1,1,1,1,0,56,Malo,Regular,F,2,Sociedad,42,91,43,70,87,32,97,71,50,93,81,65,0,6,70,0,1,1,1,0,0,1,1,0,Malo,SUJETO DE CREDITO-EVALUABLE,[1]Alta_Propension,Cliente Finaciado,NO,VENTA CENTRALIZADA
2659,deudor comercial,Biotecnologia,Segmento D,Segmento D,Region 6,Zona 4,0,0,0,0,1,1,0,0,0,0,1,47,Malo,Regular,M,2,Federacion,55,88,24,87,58,72,38,25,36,18,51,26,99,36,91,1,0,0,1,0,0,0,0,1,Excelente,CON OBSERVACIONES-EVALUABLE,[1]Alta_Propension,Castigado o Sin Producto,SI,
2660,deudor no comercial,Biotecnologia,Segmento E,Segmento D,Region 4,Zona 6,1,1,0,0,0,1,0,1,1,1,0,72,Malo,Excelente,F,1,Federacion,94,9,50,27,81,0,49,61,86,0,78,33,57,43,99,0,1,1,1,1,1,0,1,0,Bueno,CON OBSERVACIONES-EVALUABLE,[3]Baja_Propension,Cliente No Financiado,SI,SALESFORCE -WEB
2661,deudor uso medio de pago,Pesca,Segmento E,Segmento F,Region 5,Zona 4,0,1,1,1,0,1,0,1,1,0,0,55,Regular,Malo,M,2,SPA,21,44,16,4,76,74,59,71,52,37,38,47,32,44,30,1,0,1,1,1,0,1,1,0,Excelente,NO SUJETO DE CREDITO,[1]Alta_Propension,Castigado o Sin Producto,SI,RED SUCURSALES
2662,deudor no comercial,Agricola,Segmento D,Segmento D,Region 6,Zona 4,0,0,0,0,1,1,0,1,0,0,0,22,Regular,Excelente,F,1,Federacion,17,16,26,62,43,75,93,87,82,18,89,97,14,16,75,0,1,0,0,0,0,0,0,0,Malo,CON OBSERVACIONES-EVALUABLE,[3]Baja_Propension,Cliente No Financiado,SI,SALESFORCE - CCL
2663,deudor no comercial,Agricola,Segmento D,Segmento D,Region 4,Zona 6,1,0,1,1,0,0,0,1,0,1,1,69,Excelente,Excelente,M,2,SPA,46,8,63,12,64,22,41,69,23,86,45,55,27,80,6,0,1,1,0,1,1,0,1,0,Bueno,CON OBSERVACIONES-EVALUABLE,[2]Media_Propension,Cliente Finaciado,NO,RED SUCURSALES
2664,deudor uso medio de pago,Biotecnologia,Segmento E,Segmento E,Region 6,Zona 6,1,0,0,0,0,0,1,0,1,1,0,36,Malo,Regular,M,1,Cooperativas,71,84,61,41,65,6,41,93,91,37,68,71,41,35,24,0,0,1,1,0,1,0,1,1,Excelente,CON OBSERVACIONES-EVALUABLE,[2]Media_Propension,Cliente Finaciado,NO,VENTA CENTRALIZADA
2665,deudor comercial,Pesca,Segmento D,Segmento F,Region 6,Zona 4,0,1,0,1,0,0,0,1,0,1,1,74,Regular,Excelente,M,2,Cooperativas,86,71,44,6,83,50,15,37,82,69,83,42,14,58,28,1,1,1,0,1,1,1,0,1,Malo,CON OBSERVACIONES-EVALUABLE,[3]Baja_Propension,Castigado o Sin Producto,NO,
2666,deudor comercial,Pesca,Segmento D,Segmento F,Region 5,Zona 5,1,0,0,1,1,1,1,0,1,0,0,29,Regular,Excelente,M,2,Sindicatos,61,8,30,19,35,2,37,93,40,63,1,14,76,2,2,1,0,0,1,1,1,0,0,1,Excelente,SUJETO DE CREDITO-EVALUABLE,[3]Baja_Propension,Cliente No Financiado,NO,RED SUCURSALES
2667,deudor no comercial,Pesca,Segmento D,Segmento D,Region 5,Zona 4,1,0,1,0,1,1,1,0,1,1,0,39,Excelente,Malo,M,2,Sociedad,28,98,24,62,2,97,0,41,32,59,54,94,3,8,39,1,0,1,1,0,0,0,0,1,Excelente,SUJETO DE CREDITO-EVALUABLE,[2]Media_Propension,Cliente Finaciado,NO,
2668,deudor no comercial,Pesca,Segmento E,Segmento F,Region 6,Zona 4,0,0,0,0,1,1,1,0,0,0,1,70,Regular,Malo,F,2,Federacion,84,21,30,88,51,2,19,40,36,28,74,7,56,80,75,0,1,0,0,1,1,0,0,0,Malo,SUJETO DE CREDITO-EVALUABLE,[2]Media_Propension,Cliente No Financiado,NO,SALESFORCE -WEB
2669,deudor comercial,Pesca,Segmento F,Segmento D,Region 4,Zona 6,1,0,0,1,0,1,1,1,1,1,0,39,Regular,Regular,F,1,Federacion,12,40,82,24,73,96,57,76,28,99,99,41,12,9,74,1,1,1,1,1,0,1,0,1,Malo,NO SUJETO DE CREDITO,[3]Baja_Propension,Castigado o Sin Producto,SI,
2670,deudor comercial,Agricola,Segmento E,Segmento F,Region 5,Zona 6,0,0,1,0,1,0,1,1,0,1,1,22,Malo,Excelente,M,1,Sindicatos,16,83,77,25,77,79,41,75,72,99,27,42,70,35,49,1,1,0,0,0,1,0,0,1,Excelente,CON OBSERVACIONES-EVALUABLE,[2]Media_Propension,Cliente No Financiado,SI,RED SUCURSALES
2671,deudor uso medio de pago,Agricola,Segmento F,Segmento D,Region 6,Zona 6,0,0,1,1,1,0,0,0,0,0,1,72,Malo,Regular,M,1,Federacion,27,40,34,65,84,50,65,17,71,50,76,4,11,82,62,1,1,0,0,0,1,0,0,1,Bueno,SUJETO DE CREDITO-EVALUABLE,[1]Alta_Propension,Cliente No Financiado,NO,VENTA CENTRALIZADA
2672,deudor comercial,Agricola,Segmento E,Segmento E,Region 4,Zona 6,0,0,0,0,1,0,1,1,1,0,1,56,Malo,Regular,M,2,SPA,18,51,87,91,34,79,79,11,86,5,3,36,89,16,79,0,0,0,1,1,0,0,0,0,Malo,NO SUJETO DE CREDITO,[2]Media_Propension,Cliente No Financiado,SI,SALESFORCE -WEB
2673,deudor no comercial,Pesca,Segmento F,Segmento E,Region 5,Zona 5,0,0,1,0,0,1,1,1,0,0,0,60,Regular,Regular,M,2,Sindicatos,95,96,42,83,50,85,45,86,60,85,44,57,57,69,49,0,1,0,1,0,0,0,0,0,Malo,SUJETO DE CREDITO-EVALUABLE,[2]Media_Propension,Castigado o Sin Producto,NO,VENTA CENTRALIZADA
2674,deudor comercial,Agricola,Segmento F,Segmento D,Region 6,Zona 5,1,0,0,0,1,0,1,1,0,1,1,23,Regular,Regular,M,1,Sociedad,41,61,88,49,99,97,11,34,82,51,23,97,34,69,39,0,1,1,0,0,0,1,1,0,Bueno,SUJETO DE CREDITO-EVALUABLE,[1]Alta_Propension,Cliente No Financiado,NO,SALESFORCE - CCL
2675,deudor comercial,Pesca,Segmento F,Segmento F,Region 6,Zona 5,1,1,0,0,1,1,1,0,1,1,1,56,Regular,Malo,M,2,Sociedad,3,11,13,84,15,6,84,74,21,28,7,61,62,69,26,1,1,0,0,1,0,1,1,0,Excelente,SUJETO DE CREDITO-EVALUABLE,[2]Media_Propension,Castigado o Sin Producto,NO,
2676,deudor comercial,Pesca,Segmento E,Segmento F,Region 4,Zona 4,1,0,1,1,1,1,1,1,1,0,1,39,Excelente,Regular,M,2,Sindicatos,42,83,17,4,2,89,94,36,38,15,5,64,84,26,59,1,0,1,0,1,1,0,1,0,Excelente,NO SUJETO DE CREDITO,[2]Media_Propension,Cliente No Financiado,NO,VENTA CENTRALIZADA
2677,deudor uso medio de pago,Pesca,Segmento E,Segmento F,Region 6,Zona 5,1,1,1,1,1,0,1,1,1,1,1,56,Excelente,Regular,F,2,Sociedad,8,66,69,6,18,22,45,61,64,10,89,75,46,70,38,0,0,0,0,0,0,1,0,0,Excelente,NO SUJETO DE CREDITO,[2]Media_Propension,Castigado o Sin Producto,SI,VENTA CENTRALIZADA
2678,deudor uso medio de pago,Pesca,Segmento D,Segmento D,Region 4,Zona 6,0,0,0,1,1,0,0,0,1,1,1,25,Regular,Excelente,F,1,SPA,78,22,66,22,42,98,12,51,30,50,79,36,47,54,42,1,0,1,0,1,1,0,0,1,Excelente,NO SUJETO DE CREDITO,[1]Alta_Propension,Cliente No Financiado,NO,VENTA CENTRALIZADA
2679,deudor comercial,Agricola,Segmento D,Segmento D,Region 6,Zona 6,1,0,0,1,0,0,0,1,1,0,0,34,Malo,Regular,M,1,SPA,62,16,68,87,87,18,25,46,70,31,91,48,74,2,85,0,1,0,0,1,1,1,1,0,Bueno,CON OBSERVACIONES-EVALUABLE,[3]Baja_Propension,Castigado o Sin Producto,NO,
2680,deudor uso medio de pago,Agricola,Segmento F,Segmento E,Region 4,Zona 6,1,0,0,0,1,1,0,0,0,1,0,44,Excelente,Excelente,F,1,Federacion,35,5,44,89,65,51,62,81,73,37,43,94,2,1,30,1,1,0,1,0,1,1,0,1,Bueno,CON OBSERVACIONES-EVALUABLE,[3]Baja_Propension,Cliente Finaciado,SI,RED SUCURSALES
2681,deudor uso medio de pago,Agricola,Segmento F,Segmento E,Region 4,Zona 5,1,0,0,1,1,0,0,1,1,0,0,33,Malo,Malo,F,1,Sociedad,70,63,19,56,88,68,90,36,53,85,63,17,41,90,80,0,1,0,1,0,1,0,1,0,Malo,NO SUJETO DE CREDITO,[1]Alta_Propension,Castigado o Sin Producto,NO,RED SUCURSALES
2682,deudor no comercial,Agricola,Segmento E,Segmento D,Region 5,Zona 5,1,0,0,1,1,0,0,1,1,1,1,20,Excelente,Excelente,F,2,Sindicatos,29,80,73,42,98,57,66,91,40,6,90,9,17,72,85,1,1,0,0,0,0,1,1,0,Excelente,SUJETO DE CREDITO-EVALUABLE,[1]Alta_Propension,Cliente No Financiado,NO,
2683,deudor uso medio de pago,Agricola,Segmento F,Segmento D,Region 4,Zona 5,1,1,1,0,1,0,0,1,0,1,1,33,Excelente,Malo,M,1,Sindicatos,28,54,90,32,24,93,35,62,88,95,17,33,48,68,59,1,1,0,1,0,1,1,0,0,Bueno,NO SUJETO DE CREDITO,[3]Baja_Propension,Cliente No Financiado,SI,SALESFORCE - CCL
2684,deudor no comercial,Agricola,Segmento D,Segmento E,Region 6,Zona 4,1,1,0,1,1,0,0,1,1,0,1,32,Malo,Malo,M,2,Federacion,80,0,7,71,64,53,33,59,13,73,59,81,12,75,92,1,1,0,1,1,0,1,1,1,Malo,CON OBSERVACIONES-EVALUABLE,[1]Alta_Propension,Cliente Finaciado,NO,RED SUCURSALES
2685,deudor comercial,Agricola,Segmento F,Segmento F,Region 4,Zona 5,1,0,0,0,0,1,1,1,0,0,0,22,Malo,Excelente,F,2,Sociedad,5,68,53,3,51,90,58,36,30,27,6,27,54,18,78,1,0,1,1,0,0,1,0,0,Bueno,NO SUJETO DE CREDITO,[1]Alta_Propension,Castigado o Sin Producto,SI,SALESFORCE - CCL
2686,deudor uso medio de pago,Biotecnologia,Segmento E,Segmento F,Region 5,Zona 4,1,0,1,0,0,0,1,0,1,0,1,60,Excelente,Malo,F,2,Sindicatos,1,7,93,51,54,0,80,65,61,40,89,93,62,74,88,1,0,1,0,1,1,1,0,0,Malo,NO SUJETO DE CREDITO,[2]Media_Propension,Cliente No Financiado,SI,RED SUCURSALES
2687,deudor uso medio de pago,Agricola,Segmento E,Segmento F,Region 6,Zona 5,0,0,1,1,1,0,1,1,0,1,0,54,Regular,Regular,M,1,Sociedad,45,4,95,94,58,28,17,86,41,33,47,15,82,5,57,1,0,0,0,0,0,1,1,1,Bueno,CON OBSERVACIONES-EVALUABLE,[2]Media_Propension,Castigado o Sin Producto,NO,
2688,deudor no comercial,Pesca,Segmento F,Segmento E,Region 6,Zona 5,0,1,1,1,1,1,1,1,0,0,0,43,Excelente,Regular,F,2,Federacion,1,55,74,99,22,92,17,6,55,95,3,90,97,11,84,1,0,0,0,1,0,0,1,0,Excelente,NO SUJETO DE CREDITO,[2]Media_Propension,Cliente Finaciado,SI,
2689,deudor comercial,Biotecnologia,Segmento F,Segmento E,Region 5,Zona 6,1,1,0,1,1,0,0,1,0,0,0,72,Excelente,Regular,F,2,Sociedad,36,73,21,52,61,77,25,93,30,88,95,7,43,38,21,0,1,1,1,0,0,1,1,1,Excelente,SUJETO DE CREDITO-EVALUABLE,[2]Media_Propension,Cliente No Financiado,SI,RED SUCURSALES
2690,deudor comercial,Biotecnologia,Segmento F,Segmento F,Region 5,Zona 5,0,1,0,0,1,0,0,1,1,0,0,72,Excelente,Malo,F,1,SPA,75,6,72,4,54,58,99,13,9,72,56,73,23,25,31,1,0,0,0,1,0,0,1,0,Malo,CON OBSERVACIONES-EVALUABLE,[3]Baja_Propension,Cliente Finaciado,SI,
2691,deudor comercial,Biotecnologia,Segmento E,Segmento F,Region 6,Zona 6,0,0,0,0,0,1,1,0,0,0,0,70,Regular,Regular,F,1,Federacion,6,38,28,0,42,64,43,77,39,4,38,44,69,93,6,1,0,0,1,0,0,1,0,0,Bueno,NO SUJETO DE CREDITO,[2]Media_Propension,Cliente No Financiado,SI,
2692,deudor comercial,Biotecnologia,Segmento F,Segmento D,Region 6,Zona 6,1,1,1,0,1,1,0,1,1,1,0,57,Excelente,Excelente,M,1,Sociedad,22,69,75,77,82,75,12,39,14,40,89,88,14,59,25,1,0,0,1,1,0,0,1,1,Malo,CON OBSERVACIONES-EVALUABLE,[1]Alta_Propension,Castigado o Sin Producto,NO,VENTA CENTRALIZADA
2693,deudor comercial,Biotecnologia,Segmento F,Segmento F,Region 5,Zona 5,1,0,0,0,1,1,1,0,0,1,1,34,Regular,Malo,F,2,Cooperativas,64,65,39,17,11,58,84,52,41,45,22,77,69,32,99,1,0,0,1,1,0,1,0,0,Malo,SUJETO DE CREDITO-EVALUABLE,[2]Media_Propension,Castigado o Sin Producto,NO,RED SUCURSALES
2694,deudor no comercial,Pesca,Segmento F,Segmento F,Region 6,Zona 6,0,1,1,1,0,0,1,0,1,0,0,64,Regular,Malo,F,1,Cooperativas,8,76,33,33,76,84,26,87,23,33,81,99,25,37,98,0,1,1,1,0,1,1,1,0,Bueno,NO SUJETO DE CREDITO,[2]Media_Propension,Castigado o Sin Producto,NO,RED SUCURSALES
2695,deudor uso medio de pago,Agricola,Segmento F,Segmento F,Region 4,Zona 6,1,0,0,1,0,1,0,1,0,0,0,54,Excelente,Regular,F,2,SPA,15,54,69,83,35,90,24,34,39,41,49,8,64,16,87,0,1,1,0,1,1,0,1,1,Malo,NO SUJETO DE CREDITO,[2]Media_Propension,Cliente Finaciado,SI,
2696,deudor uso medio de pago,Biotecnologia,Segmento F,Segmento D,Region 5,Zona 4,0,1,1,1,1,0,0,1,0,0,1,43,Malo,Regular,M,1,Sociedad,19,15,44,16,23,49,72,40,53,77,52,86,43,91,80,1,1,0,0,1,1,1,1,0,Excelente,SUJETO DE CREDITO-EVALUABLE,[3]Baja_Propension,Cliente Finaciado,NO,SALESFORCE - CCL
2697,deudor uso medio de pago,Agricola,Segmento D,Segmento E,Region 5,Zona 5,1,0,1,0,1,1,0,1,0,1,0,67,Excelente,Regular,M,1,Cooperativas,0,4,45,52,85,34,82,42,59,2,29,30,18,60,80,1,0,1,1,1,0,1,0,1,Bueno,CON OBSERVACIONES-EVALUABLE,[2]Media_Propension,Cliente No Financiado,NO,RED SUCURSALES
2698,deudor no comercial,Pesca,Segmento D,Segmento F,Region 5,Zona 4,1,1,1,0,1,0,1,0,1,1,1,67,Excelente,Regular,F,2,Cooperativas,82,5,60,96,43,53,88,21,62,90,9,22,20,83,31,0,0,0,0,0,1,1,0,1,Bueno,NO SUJETO DE CREDITO,[1]Alta_Propension,Cliente Finaciado,SI,
2699,deudor comercial,Biotecnologia,Segmento E,Segmento F,Region 5,Zona 4,0,0,1,1,1,0,1,0,0,0,1,20,Malo,Regular,F,2,Cooperativas,19,68,37,68,59,62,17,49,64,70,31,39,8,16,97,1,0,0,0,1,1,0,0,0,Excelente,NO SUJETO DE CREDITO,[3]Baja_Propension,Cliente No Financiado,SI,SALESFORCE -WEB
2700,deudor no comercial,Pesca,Segmento E,Segmento E,Region 6,Zona 5,1,1,1,1,1,1,0,1,0,1,1,26,Excelente,Regular,M,1,SPA,21,92,15,51,74,22,98,61,26,22,25,37,19,65,4,1,0,0,0,1,1,0,1,1,Excelente,SUJETO DE CREDITO-EVALUABLE,[3]Baja_Propension,Castigado o Sin Producto,SI,SALESFORCE - CCL
2701,deudor comercial,Agricola,Segmento F,Segmento E,Region 6,Zona 5,1,1,1,0,0,0,1,1,1,1,0,52,Regular,Malo,F,2,Cooperativas,33,69,54,71,67,35,52,36,91,8,17,88,6,80,12,1,0,1,1,1,1,1,0,0,Bueno,NO SUJETO DE CREDITO,[1]Alta_Propension,Castigado o Sin Producto,SI,RED SUCURSALES
2702,deudor no comercial,Biotecnologia,Segmento F,Segmento D,Region 5,Zona 4,1,1,1,1,1,0,0,0,1,0,1,73,Regular,Malo,F,2,Sociedad,74,48,68,55,90,1,7,64,38,37,40,66,85,68,18,1,1,0,0,0,0,1,1,1,Malo,SUJETO DE CREDITO-EVALUABLE,[2]Media_Propension,Cliente No Financiado,SI,SALESFORCE - CCL
2703,deudor comercial,Agricola,Segmento F,Segmento F,Region 5,Zona 5,1,0,0,0,0,1,1,0,0,1,1,50,Regular,Malo,F,1,SPA,97,1,48,58,85,44,71,43,30,26,96,4,48,17,25,1,0,1,1,0,0,0,0,1,Excelente,NO SUJETO DE CREDITO,[3]Baja_Propension,Cliente No Financiado,NO,SALESFORCE -WEB
2704,deudor no comercial,Agricola,Segmento E,Segmento D,Region 6,Zona 4,1,1,1,0,0,1,0,1,1,0,1,53,Malo,Excelente,M,2,SPA,11,61,23,45,80,12,34,47,84,52,25,91,81,69,58,1,1,0,1,1,0,0,1,1,Bueno,SUJETO DE CREDITO-EVALUABLE,[2]Media_Propension,Castigado o Sin Producto,SI,VENTA CENTRALIZADA
2705,deudor no comercial,Biotecnologia,Segmento F,Segmento E,Region 5,Zona 5,1,0,1,1,1,0,1,1,0,0,0,56,Regular,Excelente,F,1,Sindicatos,60,83,56,1,21,75,69,56,87,85,58,50,0,27,43,1,0,0,0,0,1,0,0,0,Excelente,NO SUJETO DE CREDITO,[2]Media_Propension,Castigado o Sin Producto,SI,
2706,deudor uso medio de pago,Biotecnologia,Segmento F,Segmento E,Region 5,Zona 4,1,0,0,0,1,0,0,1,0,0,0,49,Regular,Excelente,M,2,Cooperativas,88,31,39,55,81,33,50,39,22,57,91,3,21,20,23,0,0,0,0,0,0,1,0,1,Bueno,CON OBSERVACIONES-EVALUABLE,[2]Media_Propension,Cliente Finaciado,SI,SALESFORCE - CCL
2707,deudor no comercial,Pesca,Segmento D,Segmento F,Region 4,Zona 4,1,1,1,1,1,1,0,1,1,1,0,74,Malo,Regular,F,1,Sociedad,75,77,67,71,62,94,64,98,26,77,78,90,33,34,8,0,1,0,0,1,1,0,0,1,Malo,CON OBSERVACIONES-EVALUABLE,[1]Alta_Propension,Castigado o Sin Producto,NO,SALESFORCE - CCL
2708,deudor comercial,Pesca,Segmento D,Segmento E,Region 6,Zona 6,1,1,1,0,0,0,0,1,0,0,0,74,Excelente,Excelente,F,1,SPA,66,6,18,37,92,74,37,57,94,15,33,5,19,93,70,1,0,1,1,0,0,0,0,0,Malo,SUJETO DE CREDITO-EVALUABLE,[2]Media_Propension,Castigado o Sin Producto,SI,SALESFORCE -WEB
2709,deudor uso medio de pago,Agricola,Segmento F,Segmento E,Region 5,Zona 4,0,0,0,1,0,0,0,0,1,1,0,31,Excelente,Malo,M,2,Sindicatos,11,76,38,22,73,16,45,18,44,58,25,37,63,87,69,1,0,0,1,1,0,0,0,0,Malo,CON OBSERVACIONES-EVALUABLE,[1]Alta_Propension,Cliente Finaciado,SI,RED SUCURSALES
2710,deudor comercial,Agricola,Segmento F,Segmento F,Region 4,Zona 4,1,1,0,0,1,1,1,0,0,0,1,37,Regular,Excelente,M,2,Sociedad,30,75,94,37,19,70,53,18,85,6,36,20,0,50,58,0,0,0,0,1,0,0,0,0,Excelente,CON OBSERVACIONES-EVALUABLE,[1]Alta_Propension,Castigado o Sin Producto,NO,VENTA CENTRALIZADA
2711,deudor uso medio de pago,Pesca,Segmento E,Segmento D,Region 5,Zona 5,1,0,1,1,1,0,1,0,1,0,1,43,Excelente,Malo,F,1,SPA,12,80,15,13,31,27,69,49,5,22,4,81,83,96,90,1,0,1,0,0,1,0,1,1,Malo,SUJETO DE CREDITO-EVALUABLE,[2]Media_Propension,Cliente Finaciado,SI,RED SUCURSALES
2712,deudor comercial,Agricola,Segmento F,Segmento D,Region 6,Zona 4,0,1,1,1,1,1,1,0,0,1,1,40,Malo,Excelente,F,2,SPA,41,50,74,62,55,95,90,60,60,65,73,12,49,82,91,1,0,1,0,0,0,0,0,1,Excelente,NO SUJETO DE CREDITO,[2]Media_Propension,Cliente No Financiado,SI,RED SUCURSALES
2713,deudor uso medio de pago,Agricola,Segmento E,Segmento D,Region 5,Zona 6,0,0,1,0,0,1,0,0,1,1,0,66,Regular,Excelente,M,1,SPA,62,46,94,5,77,23,27,97,34,11,86,86,14,98,77,1,1,1,1,1,1,0,0,0,Excelente,CON OBSERVACIONES-EVALUABLE,[1]Alta_Propension,Cliente No Financiado,NO,RED SUCURSALES
2714,deudor uso medio de pago,Biotecnologia,Segmento D,Segmento F,Region 5,Zona 4,1,1,1,1,0,0,1,0,1,1,0,52,Regular,Regular,M,1,Federacion,98,41,78,35,65,75,80,49,14,90,30,6,32,42,87,0,0,0,0,0,1,1,1,1,Bueno,SUJETO DE CREDITO-EVALUABLE,[3]Baja_Propension,Cliente No Financiado,NO,RED SUCURSALES
2715,deudor uso medio de pago,Pesca,Segmento D,Segmento D,Region 4,Zona 5,0,0,0,0,0,1,1,0,0,1,0,45,Regular,Regular,F,1,Sociedad,91,62,94,36,39,30,66,27,37,75,96,29,65,52,13,1,0,0,0,0,0,0,1,0,Bueno,SUJETO DE CREDITO-EVALUABLE,[1]Alta_Propension,Castigado o Sin Producto,NO,
2716,deudor no comercial,Pesca,Segmento D,Segmento E,Region 6,Zona 6,1,0,0,0,1,1,1,0,1,0,1,57,Regular,Regular,F,2,Cooperativas,53,35,13,68,32,88,84,40,52,20,32,69,25,90,31,1,1,0,1,0,1,1,0,0,Bueno,NO SUJETO DE CREDITO,[2]Media_Propension,Cliente Finaciado,SI,SALESFORCE -WEB
2717,deudor comercial,Agricola,Segmento D,Segmento D,Region 5,Zona 4,0,0,1,0,1,0,0,1,0,1,0,73,Malo,Excelente,F,2,Federacion,15,20,55,21,71,82,58,51,93,29,81,17,97,61,4,0,0,0,1,1,1,1,1,1,Malo,SUJETO DE CREDITO-EVALUABLE,[2]Media_Propension,Cliente Finaciado,SI,VENTA CENTRALIZADA
2718,deudor uso medio de pago,Pesca,Segmento D,Segmento D,Region 4,Zona 5,1,0,0,1,0,1,0,0,1,0,0,34,Regular,Regular,F,2,Federacion,82,91,34,0,63,0,23,68,79,85,72,24,99,13,18,0,0,1,0,1,0,0,1,1,Malo,CON OBSERVACIONES-EVALUABLE,[2]Media_Propension,Castigado o Sin Producto,NO,SALESFORCE -WEB
2719,deudor no comercial,Pesca,Segmento F,Segmento E,Region 4,Zona 4,0,0,1,0,1,0,0,1,1,0,0,27,Excelente,Regular,M,1,Sindicatos,29,3,8,89,63,25,56,44,37,8,1,39,20,55,0,1,1,0,0,0,0,1,0,1,Malo,NO SUJETO DE CREDITO,[1]Alta_Propension,Cliente No Financiado,SI,
2720,deudor no comercial,Biotecnologia,Segmento D,Segmento D,Region 5,Zona 4,0,0,0,0,0,1,0,0,1,0,0,38,Malo,Malo,F,1,Federacion,32,35,33,86,81,47,2,6,66,10,73,2,11,63,65,0,1,1,0,0,1,0,1,1,Malo,NO SUJETO DE CREDITO,[3]Baja_Propension,Cliente No Financiado,NO,VENTA CENTRALIZADA
2721,deudor uso medio de pago,Pesca,Segmento D,Segmento D,Region 4,Zona 4,1,1,1,1,0,0,1,1,0,1,1,56,Excelente,Regular,M,2,Federacion,13,94,34,43,3,9,59,84,53,18,81,42,99,82,46,1,1,1,0,0,1,1,0,0,Excelente,SUJETO DE CREDITO-EVALUABLE,[3]Baja_Propension,Cliente Finaciado,NO,SALESFORCE -WEB
2722,deudor uso medio de pago,Pesca,Segmento F,Segmento F,Region 4,Zona 4,0,1,1,1,1,0,1,0,1,1,1,23,Regular,Excelente,M,2,Sindicatos,73,14,17,0,60,53,59,30,84,23,51,64,76,53,51,1,1,1,1,1,0,1,0,0,Excelente,NO SUJETO DE CREDITO,[1]Alta_Propension,Castigado o Sin Producto,SI,
2723,deudor no comercial,Pesca,Segmento F,Segmento D,Region 4,Zona 4,0,1,0,1,1,1,1,1,1,0,0,62,Excelente,Excelente,M,1,Sociedad,54,38,30,89,36,0,96,68,84,1,25,98,51,0,16,0,0,0,0,1,1,0,0,0,Excelente,SUJETO DE CREDITO-EVALUABLE,[2]Media_Propension,Cliente Finaciado,SI,RED SUCURSALES
2724,deudor comercial,Agricola,Segmento E,Segmento F,Region 5,Zona 4,1,1,0,0,0,1,1,1,1,0,1,29,Malo,Excelente,F,2,Cooperativas,73,72,96,81,5,43,88,21,49,57,7,58,68,63,60,1,0,0,1,0,1,1,1,0,Malo,SUJETO DE CREDITO-EVALUABLE,[1]Alta_Propension,Castigado o Sin Producto,SI,RED SUCURSALES
2725,deudor comercial,Agricola,Segmento E,Segmento E,Region 4,Zona 5,1,1,1,1,0,0,1,0,1,1,0,44,Excelente,Regular,F,2,Cooperativas,79,42,40,31,85,6,62,38,96,78,23,32,46,63,48,0,0,1,0,0,0,0,0,0,Malo,SUJETO DE CREDITO-EVALUABLE,[2]Media_Propension,Castigado o Sin Producto,NO,
2726,deudor comercial,Agricola,Segmento D,Segmento D,Region 5,Zona 5,0,0,1,0,0,0,1,0,0,1,0,54,Excelente,Excelente,F,2,Sindicatos,90,33,9,41,76,56,5,60,24,15,56,49,39,0,27,0,1,1,1,0,0,0,1,1,Bueno,CON OBSERVACIONES-EVALUABLE,[1]Alta_Propension,Castigado o Sin Producto,NO,
2727,deudor uso medio de pago,Biotecnologia,Segmento F,Segmento F,Region 5,Zona 4,0,1,0,0,0,1,1,0,0,0,0,44,Excelente,Regular,F,1,Federacion,76,31,31,84,56,17,51,14,23,59,96,43,8,83,88,1,1,0,0,0,0,1,1,1,Bueno,CON OBSERVACIONES-EVALUABLE,[2]Media_Propension,Cliente Finaciado,SI,RED SUCURSALES
2728,deudor uso medio de pago,Pesca,Segmento D,Segmento D,Region 4,Zona 5,0,0,1,1,1,0,0,0,0,0,1,22,Excelente,Regular,F,2,SPA,57,76,77,58,70,61,74,41,63,67,37,93,52,47,94,1,1,0,0,1,1,1,1,0,Malo,NO SUJETO DE CREDITO,[3]Baja_Propension,Cliente Finaciado,SI,
2729,deudor uso medio de pago,Biotecnologia,Segmento D,Segmento F,Region 5,Zona 6,1,0,0,0,1,1,1,0,0,0,1,64,Malo,Regular,F,2,Cooperativas,40,28,94,80,20,94,37,30,26,36,78,28,60,93,96,1,1,1,1,1,0,0,0,0,Malo,NO SUJETO DE CREDITO,[1]Alta_Propension,Castigado o Sin Producto,NO,SALESFORCE - CCL
2730,deudor no comercial,Agricola,Segmento E,Segmento D,Region 6,Zona 6,0,1,0,1,0,1,1,0,1,0,0,44,Regular,Malo,M,2,Sindicatos,46,94,36,93,49,77,95,34,76,3,73,34,58,34,39,1,1,1,1,0,0,1,1,0,Excelente,NO SUJETO DE CREDITO,[2]Media_Propension,Cliente No Financiado,NO,SALESFORCE -WEB
2731,deudor uso medio de pago,Biotecnologia,Segmento D,Segmento D,Region 4,Zona 6,0,1,0,0,1,0,1,0,1,0,1,65,Malo,Excelente,F,2,SPA,24,14,79,91,49,98,52,24,7,59,13,99,28,21,92,0,1,0,1,0,0,0,0,0,Malo,NO SUJETO DE CREDITO,[1]Alta_Propension,Cliente Finaciado,NO,VENTA CENTRALIZADA
2732,deudor comercial,Pesca,Segmento E,Segmento F,Region 5,Zona 6,0,1,0,1,0,0,1,0,1,1,1,62,Malo,Malo,M,2,SPA,21,58,55,75,96,52,50,54,62,60,92,50,79,17,53,0,0,1,0,1,0,0,0,0,Malo,NO SUJETO DE CREDITO,[3]Baja_Propension,Cliente No Financiado,SI,SALESFORCE -WEB
2733,deudor no comercial,Agricola,Segmento F,Segmento D,Region 4,Zona 4,1,0,0,1,1,0,0,1,1,1,0,50,Excelente,Malo,M,1,Sociedad,81,98,61,97,86,25,58,19,9,80,54,8,59,50,51,0,1,0,0,0,1,0,0,1,Bueno,CON OBSERVACIONES-EVALUABLE,[1]Alta_Propension,Cliente No Financiado,NO,SALESFORCE -WEB
2734,deudor no comercial,Agricola,Segmento D,Segmento E,Region 5,Zona 5,1,1,1,0,1,1,1,0,0,0,0,18,Malo,Excelente,M,2,Sindicatos,82,3,56,98,37,93,70,71,78,20,66,76,50,27,65,0,0,1,1,0,0,0,1,0,Malo,CON OBSERVACIONES-EVALUABLE,[3]Baja_Propension,Cliente Finaciado,SI,VENTA CENTRALIZADA
2735,deudor uso medio de pago,Biotecnologia,Segmento E,Segmento F,Region 6,Zona 4,0,1,0,1,0,1,1,1,0,0,1,27,Regular,Malo,M,2,SPA,15,18,77,71,90,91,33,75,65,92,51,68,36,45,74,0,1,1,0,1,1,1,1,1,Malo,NO SUJETO DE CREDITO,[3]Baja_Propension,Cliente Finaciado,NO,SALESFORCE - CCL
2736,deudor comercial,Pesca,Segmento E,Segmento E,Region 4,Zona 5,0,0,1,0,1,1,1,0,0,1,0,43,Excelente,Malo,F,1,Sindicatos,32,46,97,91,10,64,11,34,76,39,65,99,19,97,54,1,0,0,0,1,0,1,1,1,Excelente,NO SUJETO DE CREDITO,[1]Alta_Propension,Cliente No Financiado,NO,VENTA CENTRALIZADA
2737,deudor uso medio de pago,Pesca,Segmento F,Segmento E,Region 5,Zona 4,0,0,0,0,1,0,1,1,0,0,0,40,Regular,Malo,M,1,SPA,50,51,37,33,90,18,82,12,10,15,72,45,61,29,39,0,0,0,0,0,0,0,0,1,Malo,SUJETO DE CREDITO-EVALUABLE,[2]Media_Propension,Castigado o Sin Producto,NO,SALESFORCE -WEB
2738,deudor no comercial,Agricola,Segmento F,Segmento F,Region 5,Zona 4,1,0,0,1,0,1,1,0,0,1,1,69,Malo,Regular,F,1,SPA,59,42,20,43,61,14,60,86,7,61,27,17,31,55,51,1,0,0,1,1,0,0,1,1,Excelente,NO SUJETO DE CREDITO,[3]Baja_Propension,Cliente Finaciado,SI,VENTA CENTRALIZADA
2739,deudor uso medio de pago,Pesca,Segmento F,Segmento E,Region 4,Zona 5,0,1,1,1,1,1,0,0,1,1,0,27,Regular,Regular,F,2,Sindicatos,80,63,62,3,26,87,50,60,74,16,58,17,37,42,45,0,0,0,0,0,1,0,1,0,Malo,SUJETO DE CREDITO-EVALUABLE,[2]Media_Propension,Cliente Finaciado,NO,RED SUCURSALES
2740,deudor uso medio de pago,Biotecnologia,Segmento D,Segmento E,Region 5,Zona 6,1,0,1,1,0,0,0,0,0,1,0,19,Malo,Regular,M,2,Federacion,2,34,19,10,54,1,45,19,95,19,93,85,82,14,33,0,1,1,1,0,0,1,1,1,Malo,NO SUJETO DE CREDITO,[2]Media_Propension,Cliente No Financiado,NO,SALESFORCE -WEB
2741,deudor comercial,Biotecnologia,Segmento F,Segmento D,Region 5,Zona 4,0,1,1,0,1,0,0,1,0,0,0,70,Excelente,Malo,F,1,SPA,27,78,64,75,80,97,54,2,18,68,41,27,27,37,77,0,1,1,0,1,0,1,1,1,Bueno,SUJETO DE CREDITO-EVALUABLE,[3]Baja_Propension,Cliente No Financiado,SI,SALESFORCE -WEB
2742,deudor uso medio de pago,Agricola,Segmento F,Segmento E,Region 4,Zona 4,0,1,1,1,0,1,1,1,1,1,0,61,Excelente,Excelente,M,2,SPA,71,10,10,47,31,62,83,44,30,4,46,39,5,21,78,0,0,0,0,0,0,0,0,0,Excelente,SUJETO DE CREDITO-EVALUABLE,[1]Alta_Propension,Cliente No Financiado,SI,VENTA CENTRALIZADA
2743,deudor no comercial,Agricola,Segmento F,Segmento F,Region 6,Zona 6,1,1,0,0,1,0,0,0,1,1,1,60,Excelente,Malo,F,1,Sindicatos,83,46,4,75,84,48,8,96,79,7,97,77,70,25,79,0,1,0,1,1,1,1,0,0,Malo,CON OBSERVACIONES-EVALUABLE,[3]Baja_Propension,Cliente No Financiado,NO,VENTA CENTRALIZADA
2744,deudor uso medio de pago,Pesca,Segmento F,Segmento F,Region 5,Zona 5,0,1,0,1,0,1,0,0,0,0,1,50,Malo,Excelente,F,1,SPA,58,77,48,21,85,65,0,48,30,42,29,57,0,8,32,0,0,1,1,1,1,1,1,1,Bueno,NO SUJETO DE CREDITO,[3]Baja_Propension,Cliente Finaciado,NO,RED SUCURSALES
2745,deudor comercial,Biotecnologia,Segmento E,Segmento E,Region 5,Zona 4,0,0,1,0,1,0,0,1,0,1,0,62,Regular,Malo,M,2,Federacion,93,2,25,90,25,3,76,55,74,81,3,30,30,60,4,1,0,0,1,1,1,0,1,1,Malo,NO SUJETO DE CREDITO,[3]Baja_Propension,Cliente Finaciado,NO,SALESFORCE -WEB
2746,deudor comercial,Agricola,Segmento F,Segmento F,Region 5,Zona 6,0,1,1,1,1,1,1,0,1,1,0,65,Malo,Regular,F,2,SPA,63,67,52,58,41,2,16,5,55,17,47,9,96,96,8,0,0,0,1,1,1,0,1,0,Bueno,CON OBSERVACIONES-EVALUABLE,[2]Media_Propension,Cliente Finaciado,SI,RED SUCURSALES
2747,deudor no comercial,Biotecnologia,Segmento E,Segmento D,Region 6,Zona 5,0,1,1,0,0,1,1,1,1,1,0,49,Regular,Malo,M,2,Sociedad,96,28,28,74,12,37,31,29,16,14,87,43,24,38,12,0,0,0,1,0,1,1,1,1,Excelente,CON OBSERVACIONES-EVALUABLE,[3]Baja_Propension,Cliente No Financiado,SI,VENTA CENTRALIZADA
2748,deudor uso medio de pago,Pesca,Segmento D,Segmento D,Region 6,Zona 6,0,1,1,1,0,1,1,0,0,0,1,29,Malo,Regular,M,1,SPA,86,68,27,80,56,32,32,7,23,61,62,21,40,85,7,0,1,0,0,1,1,0,1,0,Bueno,SUJETO DE CREDITO-EVALUABLE,[3]Baja_Propension,Cliente No Financiado,SI,SALESFORCE -WEB
2749,deudor uso medio de pago,Pesca,Segmento F,Segmento E,Region 5,Zona 4,1,0,0,0,1,0,1,0,0,0,0,50,Malo,Excelente,M,2,Sindicatos,42,58,14,37,87,82,82,48,13,70,4,94,68,68,96,1,0,1,1,1,0,0,0,1,Malo,NO SUJETO DE CREDITO,[1]Alta_Propension,Castigado o Sin Producto,SI,SALESFORCE -WEB
2750,deudor comercial,Agricola,Segmento E,Segmento E,Region 5,Zona 5,1,0,0,1,1,1,1,1,0,0,0,54,Malo,Excelente,M,2,Sociedad,22,57,99,85,2,11,8,29,92,36,6,74,42,27,13,0,0,1,0,0,1,1,0,1,Excelente,SUJETO DE CREDITO-EVALUABLE,[3]Baja_Propension,Cliente No Financiado,NO,SALESFORCE - CCL
2751,deudor comercial,Biotecnologia,Segmento D,Segmento F,Region 5,Zona 5,0,1,1,0,0,0,0,0,0,1,0,30,Malo,Excelente,F,2,Cooperativas,92,21,90,20,32,96,59,27,73,31,89,31,71,33,21,1,0,0,0,0,0,1,0,1,Excelente,NO SUJETO DE CREDITO,[3]Baja_Propension,Castigado o Sin Producto,SI,RED SUCURSALES
2752,deudor uso medio de pago,Biotecnologia,Segmento F,Segmento E,Region 5,Zona 4,0,1,1,1,1,1,0,1,1,0,0,20,Regular,Regular,F,1,Sindicatos,4,95,27,74,66,40,90,48,29,10,50,75,18,84,78,1,0,1,1,0,1,1,0,0,Malo,NO SUJETO DE CREDITO,[2]Media_Propension,Castigado o Sin Producto,SI,
2753,deudor no comercial,Agricola,Segmento E,Segmento F,Region 4,Zona 4,1,0,0,0,0,0,0,0,0,0,0,39,Malo,Malo,M,1,Cooperativas,53,75,16,21,93,39,49,46,73,67,16,86,69,80,48,0,1,1,1,1,1,0,1,0,Bueno,NO SUJETO DE CREDITO,[3]Baja_Propension,Cliente Finaciado,SI,VENTA CENTRALIZADA
2754,deudor no comercial,Biotecnologia,Segmento F,Segmento D,Region 6,Zona 6,0,1,0,0,0,0,1,1,0,1,0,46,Regular,Excelente,M,1,Federacion,10,28,47,57,59,31,55,93,74,80,21,72,65,63,5,1,0,1,1,1,1,1,1,1,Malo,NO SUJETO DE CREDITO,[1]Alta_Propension,Cliente Finaciado,SI,SALESFORCE - CCL
2755,deudor comercial,Pesca,Segmento E,Segmento D,Region 4,Zona 5,0,1,1,0,0,1,1,1,1,1,1,69,Malo,Excelente,F,2,Sindicatos,92,52,79,33,52,30,63,14,27,8,98,96,67,46,40,0,1,1,1,0,1,0,1,1,Excelente,CON OBSERVACIONES-EVALUABLE,[2]Media_Propension,Cliente Finaciado,NO,
2756,deudor comercial,Agricola,Segmento E,Segmento F,Region 5,Zona 4,0,1,0,0,0,0,0,0,0,1,0,24,Malo,Excelente,F,1,SPA,8,1,92,2,64,68,37,29,89,34,41,66,12,35,65,0,0,0,0,0,1,0,1,1,Bueno,CON OBSERVACIONES-EVALUABLE,[3]Baja_Propension,Cliente No Financiado,SI,SALESFORCE -WEB
2757,deudor no comercial,Agricola,Segmento D,Segmento E,Region 4,Zona 5,1,1,1,1,1,0,1,0,1,0,1,19,Malo,Excelente,F,1,Sindicatos,25,9,5,72,37,78,90,59,29,16,80,85,84,16,48,1,0,1,1,0,0,1,1,0,Malo,CON OBSERVACIONES-EVALUABLE,[2]Media_Propension,Cliente No Financiado,NO,
2758,deudor uso medio de pago,Biotecnologia,Segmento E,Segmento D,Region 5,Zona 6,0,1,1,1,1,1,1,0,1,1,0,29,Malo,Regular,F,1,SPA,45,32,78,36,26,21,93,28,73,69,95,37,23,2,16,1,1,0,1,0,0,0,0,1,Excelente,SUJETO DE CREDITO-EVALUABLE,[1]Alta_Propension,Cliente Finaciado,NO,RED SUCURSALES
2759,deudor no comercial,Pesca,Segmento F,Segmento D,Region 4,Zona 4,1,1,1,1,0,0,1,0,0,0,0,43,Regular,Malo,F,2,Sindicatos,19,66,15,61,60,74,55,26,91,99,80,26,8,15,42,1,1,0,1,1,0,0,1,0,Bueno,NO SUJETO DE CREDITO,[3]Baja_Propension,Castigado o Sin Producto,SI,RED SUCURSALES
2760,deudor uso medio de pago,Pesca,Segmento F,Segmento E,Region 4,Zona 6,1,1,1,0,1,1,0,1,1,0,1,46,Malo,Excelente,M,1,Cooperativas,38,5,18,32,83,2,92,59,50,92,61,35,80,25,62,0,1,0,0,1,0,1,0,0,Malo,CON OBSERVACIONES-EVALUABLE,[1]Alta_Propension,Cliente No Financiado,SI,RED SUCURSALES
2761,deudor uso medio de pago,Pesca,Segmento F,Segmento D,Region 6,Zona 5,1,1,1,1,1,0,1,1,1,0,1,22,Regular,Regular,M,2,Sociedad,72,95,67,44,38,31,70,96,91,37,3,40,35,78,82,0,0,0,0,1,1,1,0,0,Bueno,NO SUJETO DE CREDITO,[1]Alta_Propension,Cliente No Financiado,SI,RED SUCURSALES
2762,deudor comercial,Pesca,Segmento F,Segmento E,Region 6,Zona 4,0,1,0,0,0,1,0,0,1,1,1,69,Malo,Regular,M,1,Sindicatos,6,69,71,34,49,36,58,45,37,3,47,54,21,79,40,1,1,1,0,1,0,1,0,0,Excelente,NO SUJETO DE CREDITO,[3]Baja_Propension,Cliente Finaciado,SI,RED SUCURSALES
2763,deudor comercial,Agricola,Segmento F,Segmento D,Region 6,Zona 5,1,0,1,0,1,0,1,0,0,0,1,68,Malo,Excelente,F,2,Cooperativas,78,81,60,71,83,51,98,78,28,89,50,19,21,40,51,0,0,1,0,1,1,1,1,0,Malo,SUJETO DE CREDITO-EVALUABLE,[1]Alta_Propension,Cliente Finaciado,SI,VENTA CENTRALIZADA
2764,deudor no comercial,Biotecnologia,Segmento F,Segmento E,Region 5,Zona 5,1,0,1,0,0,1,0,1,0,1,1,66,Excelente,Malo,F,1,Sindicatos,76,83,37,21,95,57,25,43,37,78,64,24,30,20,42,0,1,1,1,0,0,1,1,1,Bueno,NO SUJETO DE CREDITO,[2]Media_Propension,Cliente No Financiado,SI,SALESFORCE -WEB
2765,deudor no comercial,Biotecnologia,Segmento F,Segmento E,Region 5,Zona 4,1,0,0,0,0,0,1,0,0,1,1,20,Malo,Excelente,M,1,Cooperativas,57,17,10,30,21,36,15,63,66,75,99,11,71,9,54,1,0,0,0,0,1,0,1,1,Malo,NO SUJETO DE CREDITO,[2]Media_Propension,Cliente Finaciado,SI,
2766,deudor comercial,Agricola,Segmento F,Segmento D,Region 5,Zona 4,0,1,1,1,0,0,0,1,0,1,0,53,Regular,Regular,M,1,Federacion,82,90,90,2,29,6,19,77,4,55,50,72,81,53,71,1,1,1,1,1,0,1,0,0,Bueno,CON OBSERVACIONES-EVALUABLE,[2]Media_Propension,Cliente No Financiado,NO,VENTA CENTRALIZADA
2767,deudor no comercial,Pesca,Segmento F,Segmento D,Region 5,Zona 5,0,1,0,1,0,0,1,0,1,1,0,28,Excelente,Malo,M,2,Cooperativas,67,4,15,67,13,90,9,89,37,95,31,56,70,47,4,0,1,0,1,1,0,1,0,1,Malo,NO SUJETO DE CREDITO,[2]Media_Propension,Cliente No Financiado,SI,SALESFORCE -WEB
2768,deudor uso medio de pago,Pesca,Segmento F,Segmento D,Region 4,Zona 5,0,0,1,0,1,1,0,0,0,0,0,34,Malo,Malo,M,2,Sociedad,53,77,17,60,58,39,90,15,23,34,95,4,76,99,27,0,1,1,1,1,1,0,0,1,Excelente,NO SUJETO DE CREDITO,[1]Alta_Propension,Cliente No Financiado,SI,SALESFORCE -WEB
2769,deudor uso medio de pago,Pesca,Segmento D,Segmento F,Region 5,Zona 4,0,1,1,0,0,1,1,0,1,1,1,56,Malo,Excelente,F,1,SPA,64,29,68,37,39,68,96,62,79,10,20,10,12,86,22,0,0,0,0,1,1,1,1,0,Malo,NO SUJETO DE CREDITO,[3]Baja_Propension,Cliente No Financiado,SI,RED SUCURSALES
2770,deudor uso medio de pago,Biotecnologia,Segmento F,Segmento E,Region 4,Zona 6,0,0,1,1,1,0,0,1,0,1,0,21,Regular,Excelente,M,2,Cooperativas,59,66,46,57,39,23,8,56,80,33,47,41,42,37,82,1,1,1,0,1,0,1,1,0,Malo,SUJETO DE CREDITO-EVALUABLE,[3]Baja_Propension,Cliente No Financiado,NO,
2771,deudor no comercial,Biotecnologia,Segmento F,Segmento F,Region 6,Zona 5,1,1,0,1,0,1,1,1,0,1,1,47,Malo,Excelente,F,1,Sociedad,65,92,1,85,35,59,83,76,12,38,90,78,64,36,5,0,1,1,1,0,0,0,0,1,Malo,CON OBSERVACIONES-EVALUABLE,[2]Media_Propension,Cliente No Financiado,NO,
2772,deudor no comercial,Biotecnologia,Segmento F,Segmento D,Region 4,Zona 4,0,0,1,1,1,1,1,1,1,1,0,40,Regular,Malo,M,2,Cooperativas,44,84,97,68,70,79,17,70,25,79,54,3,84,62,25,1,1,1,0,0,0,0,1,0,Bueno,NO SUJETO DE CREDITO,[3]Baja_Propension,Castigado o Sin Producto,SI,VENTA CENTRALIZADA
2773,deudor uso medio de pago,Biotecnologia,Segmento F,Segmento E,Region 4,Zona 4,1,0,1,0,1,1,1,0,0,0,1,49,Malo,Excelente,F,1,Cooperativas,55,65,63,66,53,54,99,69,3,78,31,44,74,83,51,1,1,0,0,0,0,0,1,0,Excelente,CON OBSERVACIONES-EVALUABLE,[3]Baja_Propension,Castigado o Sin Producto,SI,RED SUCURSALES
2774,deudor no comercial,Pesca,Segmento F,Segmento D,Region 4,Zona 4,1,1,1,1,0,1,0,0,0,0,1,57,Malo,Regular,F,2,Sociedad,36,43,52,85,6,30,45,41,59,90,50,12,70,91,15,0,1,1,0,0,0,1,0,0,Bueno,CON OBSERVACIONES-EVALUABLE,[2]Media_Propension,Cliente No Financiado,SI,SALESFORCE -WEB
2775,deudor no comercial,Biotecnologia,Segmento D,Segmento D,Region 6,Zona 6,1,0,0,1,0,1,0,0,1,0,1,24,Regular,Malo,F,1,Sindicatos,24,29,60,52,28,13,16,38,89,31,39,15,31,51,1,1,1,1,0,0,0,0,1,0,Malo,NO SUJETO DE CREDITO,[3]Baja_Propension,Cliente No Financiado,SI,SALESFORCE -WEB
2776,deudor uso medio de pago,Biotecnologia,Segmento D,Segmento E,Region 6,Zona 4,1,1,1,0,0,0,0,1,0,0,0,36,Regular,Excelente,M,1,Sindicatos,55,96,64,55,23,27,56,27,89,1,27,59,37,27,34,0,0,1,0,1,0,0,0,1,Bueno,SUJETO DE CREDITO-EVALUABLE,[2]Media_Propension,Cliente Finaciado,SI,VENTA CENTRALIZADA
2777,deudor uso medio de pago,Biotecnologia,Segmento E,Segmento E,Region 5,Zona 6,0,0,0,0,1,0,0,1,1,0,1,42,Malo,Malo,F,1,SPA,18,88,99,68,6,80,95,16,62,12,51,11,18,8,5,0,1,0,1,1,0,0,0,1,Bueno,NO SUJETO DE CREDITO,[3]Baja_Propension,Castigado o Sin Producto,SI,SALESFORCE - CCL
2778,deudor no comercial,Agricola,Segmento F,Segmento F,Region 5,Zona 5,1,1,1,0,0,0,1,1,0,1,0,23,Excelente,Malo,F,2,SPA,91,56,87,10,50,55,48,68,76,65,32,18,27,33,94,1,0,1,1,1,1,0,1,1,Excelente,NO SUJETO DE CREDITO,[2]Media_Propension,Castigado o Sin Producto,NO,
2779,deudor uso medio de pago,Biotecnologia,Segmento D,Segmento F,Region 5,Zona 6,0,0,0,1,0,0,1,0,0,1,0,66,Malo,Malo,F,1,SPA,48,14,55,72,64,91,9,68,72,34,93,20,5,28,52,0,1,1,0,1,0,1,0,0,Bueno,NO SUJETO DE CREDITO,[2]Media_Propension,Castigado o Sin Producto,SI,VENTA CENTRALIZADA
2780,deudor uso medio de pago,Agricola,Segmento F,Segmento D,Region 5,Zona 6,1,0,1,1,0,0,0,0,0,1,1,50,Regular,Malo,M,2,Federacion,52,98,38,94,97,69,32,79,86,5,60,24,26,0,27,0,1,1,0,0,1,0,0,1,Malo,SUJETO DE CREDITO-EVALUABLE,[2]Media_Propension,Castigado o Sin Producto,SI,
2781,deudor no comercial,Agricola,Segmento F,Segmento E,Region 6,Zona 4,0,0,0,1,0,1,0,1,0,0,0,52,Regular,Malo,F,1,Sindicatos,4,60,22,31,35,1,3,56,52,91,15,94,73,43,41,0,0,0,1,1,1,1,1,0,Excelente,CON OBSERVACIONES-EVALUABLE,[3]Baja_Propension,Cliente No Financiado,SI,VENTA CENTRALIZADA
2782,deudor comercial,Pesca,Segmento E,Segmento F,Region 5,Zona 5,0,1,0,1,0,0,0,1,0,0,0,57,Malo,Malo,F,2,SPA,49,89,39,33,29,66,68,49,16,17,62,7,7,41,93,0,0,1,1,0,0,0,1,1,Malo,SUJETO DE CREDITO-EVALUABLE,[2]Media_Propension,Castigado o Sin Producto,NO,
2783,deudor uso medio de pago,Biotecnologia,Segmento E,Segmento F,Region 4,Zona 4,1,1,0,0,1,1,1,0,1,0,1,38,Regular,Malo,M,2,Cooperativas,14,86,70,93,38,18,77,55,31,43,58,62,89,70,98,0,1,0,1,0,0,1,1,0,Excelente,SUJETO DE CREDITO-EVALUABLE,[3]Baja_Propension,Cliente Finaciado,NO,SALESFORCE -WEB
2784,deudor uso medio de pago,Agricola,Segmento F,Segmento E,Region 6,Zona 6,0,1,0,1,0,0,0,0,0,0,1,62,Malo,Regular,F,2,Sociedad,88,11,21,36,5,11,73,35,84,25,71,16,32,9,68,0,0,0,0,0,0,1,0,0,Excelente,SUJETO DE CREDITO-EVALUABLE,[1]Alta_Propension,Castigado o Sin Producto,NO,
2785,deudor uso medio de pago,Biotecnologia,Segmento D,Segmento F,Region 6,Zona 4,1,1,0,1,1,1,1,1,0,0,1,22,Regular,Regular,M,2,SPA,46,94,62,61,96,23,50,21,60,81,40,37,9,51,7,1,1,0,0,1,0,0,1,0,Bueno,NO SUJETO DE CREDITO,[1]Alta_Propension,Castigado o Sin Producto,SI,RED SUCURSALES
2786,deudor uso medio de pago,Agricola,Segmento F,Segmento D,Region 4,Zona 6,1,1,1,1,0,1,0,0,1,0,1,18,Malo,Regular,M,1,Cooperativas,0,56,33,54,58,74,19,84,6,28,0,72,0,14,28,0,1,0,1,1,1,0,1,1,Malo,SUJETO DE CREDITO-EVALUABLE,[1]Alta_Propension,Castigado o Sin Producto,NO,
2787,deudor comercial,Pesca,Segmento F,Segmento F,Region 6,Zona 5,0,0,1,0,1,0,0,0,1,1,0,44,Excelente,Malo,M,1,Federacion,23,64,19,80,26,98,52,86,27,64,93,72,11,76,73,0,1,1,1,0,0,0,0,0,Excelente,CON OBSERVACIONES-EVALUABLE,[2]Media_Propension,Castigado o Sin Producto,SI,VENTA CENTRALIZADA
2788,deudor no comercial,Biotecnologia,Segmento F,Segmento E,Region 6,Zona 5,0,1,0,0,1,1,1,0,0,1,0,41,Regular,Excelente,F,2,Sindicatos,32,51,33,99,35,15,18,3,69,10,22,16,22,42,89,0,0,1,0,1,1,0,1,1,Excelente,NO SUJETO DE CREDITO,[3]Baja_Propension,Cliente Finaciado,NO,RED SUCURSALES
2789,deudor no comercial,Agricola,Segmento D,Segmento E,Region 6,Zona 6,0,0,1,1,0,0,0,0,0,1,1,51,Regular,Malo,M,1,Sindicatos,53,72,79,41,47,76,28,63,64,7,84,5,66,81,36,0,1,0,1,1,0,0,0,1,Malo,SUJETO DE CREDITO-EVALUABLE,[2]Media_Propension,Cliente Finaciado,NO,SALESFORCE -WEB
2790,deudor no comercial,Agricola,Segmento D,Segmento F,Region 4,Zona 4,1,0,0,1,0,0,1,1,0,0,1,27,Malo,Malo,M,2,Federacion,71,66,63,64,13,85,52,45,36,7,34,72,99,37,31,0,0,0,0,1,1,1,0,0,Bueno,CON OBSERVACIONES-EVALUABLE,[2]Media_Propension,Cliente Finaciado,SI,
2791,deudor no comercial,Biotecnologia,Segmento D,Segmento F,Region 5,Zona 5,1,1,0,1,0,1,1,0,1,0,1,21,Malo,Regular,F,1,Federacion,49,8,82,75,59,90,32,86,22,97,13,68,56,67,58,1,1,0,0,0,0,0,0,1,Excelente,NO SUJETO DE CREDITO,[2]Media_Propension,Cliente Finaciado,NO,SALESFORCE - CCL
2792,deudor comercial,Pesca,Segmento E,Segmento E,Region 5,Zona 5,0,0,1,1,0,0,1,0,1,1,0,63,Excelente,Regular,M,1,SPA,99,18,76,38,13,5,91,66,31,37,92,19,57,4,53,0,0,1,0,1,0,0,0,1,Malo,NO SUJETO DE CREDITO,[2]Media_Propension,Cliente Finaciado,SI,SALESFORCE - CCL
2793,deudor no comercial,Pesca,Segmento E,Segmento F,Region 5,Zona 6,1,1,1,0,1,0,1,0,1,1,1,31,Regular,Regular,M,2,Federacion,73,38,88,53,12,96,78,54,34,82,13,75,10,77,49,1,1,1,1,1,1,0,1,1,Malo,NO SUJETO DE CREDITO,[1]Alta_Propension,Cliente Finaciado,SI,RED SUCURSALES
2794,deudor no comercial,Biotecnologia,Segmento F,Segmento E,Region 5,Zona 5,1,0,0,0,1,0,0,1,0,1,1,69,Excelente,Regular,F,2,Federacion,39,94,49,85,58,13,23,10,46,31,62,49,51,77,26,0,1,0,0,0,1,0,0,1,Excelente,NO SUJETO DE CREDITO,[2]Media_Propension,Cliente No Financiado,SI,SALESFORCE - CCL
2795,deudor comercial,Agricola,Segmento E,Segmento E,Region 5,Zona 6,0,0,0,1,1,0,1,1,1,1,1,70,Excelente,Regular,F,1,Federacion,78,64,16,90,16,88,47,96,7,74,80,7,95,23,29,0,0,0,1,0,0,1,1,1,Malo,CON OBSERVACIONES-EVALUABLE,[3]Baja_Propension,Castigado o Sin Producto,SI,
2796,deudor comercial,Biotecnologia,Segmento E,Segmento F,Region 4,Zona 4,1,0,0,0,0,1,0,1,0,1,1,25,Malo,Regular,F,2,Sociedad,4,65,24,61,12,33,91,5,59,77,64,47,78,83,33,1,0,1,1,1,0,0,1,0,Excelente,NO SUJETO DE CREDITO,[2]Media_Propension,Castigado o Sin Producto,NO,SALESFORCE - CCL
2797,deudor comercial,Pesca,Segmento D,Segmento E,Region 6,Zona 5,0,1,0,1,1,0,0,1,0,1,0,68,Malo,Malo,F,2,Sindicatos,21,77,37,25,81,53,25,91,54,78,59,36,22,53,58,0,1,0,0,1,0,0,1,0,Excelente,SUJETO DE CREDITO-EVALUABLE,[3]Baja_Propension,Cliente Finaciado,SI,SALESFORCE - CCL
2798,deudor no comercial,Agricola,Segmento D,Segmento D,Region 5,Zona 6,0,1,1,0,0,1,1,1,0,1,0,53,Excelente,Malo,F,2,Sociedad,76,77,46,36,74,27,78,28,22,57,60,84,38,7,68,0,0,0,1,0,0,1,1,1,Malo,NO SUJETO DE CREDITO,[2]Media_Propension,Cliente No Financiado,NO,SALESFORCE - CCL
2799,deudor uso medio de pago,Agricola,Segmento D,Segmento D,Region 6,Zona 6,0,1,0,0,0,0,1,1,0,0,0,45,Malo,Excelente,M,1,Cooperativas,95,82,12,67,29,52,81,80,21,30,65,87,69,80,44,1,0,1,1,1,0,1,0,1,Malo,CON OBSERVACIONES-EVALUABLE,[3]Baja_Propension,Castigado o Sin Producto,NO,
2800,deudor uso medio de pago,Agricola,Segmento E,Segmento D,Region 6,Zona 4,1,0,0,1,1,0,0,1,0,1,1,38,Regular,Excelente,M,1,Sindicatos,79,43,99,75,12,21,39,52,78,96,70,86,37,0,61,1,1,0,1,1,0,0,0,1,Bueno,NO SUJETO DE CREDITO,[3]Baja_Propension,Cliente Finaciado,NO,RED SUCURSALES
2801,deudor uso medio de pago,Biotecnologia,Segmento E,Segmento F,Region 4,Zona 5,0,0,1,0,1,0,0,0,0,1,0,47,Excelente,Malo,F,1,Sindicatos,28,3,9,88,3,2,21,95,9,26,81,12,52,19,83,0,0,0,0,0,1,1,1,0,Bueno,SUJETO DE CREDITO-EVALUABLE,[3]Baja_Propension,Cliente No Financiado,SI,
2802,deudor comercial,Pesca,Segmento E,Segmento E,Region 6,Zona 5,0,1,0,1,0,1,1,0,0,0,1,35,Malo,Malo,F,2,SPA,35,78,22,72,93,26,37,41,80,42,44,3,58,8,37,1,1,1,0,1,0,1,1,0,Malo,CON OBSERVACIONES-EVALUABLE,[1]Alta_Propension,Cliente No Financiado,NO,VENTA CENTRALIZADA
2803,deudor comercial,Pesca,Segmento F,Segmento F,Region 6,Zona 4,1,1,1,1,0,1,1,0,1,0,1,45,Regular,Excelente,F,2,SPA,21,69,25,95,30,85,20,13,98,52,76,42,73,33,27,0,0,1,0,1,0,0,1,0,Excelente,CON OBSERVACIONES-EVALUABLE,[2]Media_Propension,Cliente Finaciado,SI,SALESFORCE -WEB
2804,deudor comercial,Agricola,Segmento F,Segmento E,Region 6,Zona 5,0,0,0,0,1,1,0,0,1,1,1,63,Malo,Malo,M,1,Sindicatos,55,48,8,30,86,45,56,24,29,82,89,22,55,10,85,1,1,0,0,0,0,0,0,0,Excelente,NO SUJETO DE CREDITO,[1]Alta_Propension,Cliente No Financiado,NO,SALESFORCE - CCL
2805,deudor uso medio de pago,Agricola,Segmento F,Segmento E,Region 5,Zona 6,0,0,0,1,1,0,1,0,1,0,1,70,Excelente,Regular,F,2,Sociedad,36,43,28,94,65,14,2,51,53,11,1,80,2,86,8,1,0,0,1,1,1,0,1,0,Bueno,SUJETO DE CREDITO-EVALUABLE,[2]Media_Propension,Cliente No Financiado,SI,SALESFORCE -WEB
2806,deudor comercial,Agricola,Segmento F,Segmento E,Region 5,Zona 6,0,0,1,0,0,1,1,0,1,0,1,25,Excelente,Excelente,M,1,Sociedad,70,21,89,73,83,25,94,16,90,32,99,91,84,43,7,0,0,1,0,1,0,0,1,0,Bueno,CON OBSERVACIONES-EVALUABLE,[1]Alta_Propension,Castigado o Sin Producto,SI,VENTA CENTRALIZADA
2807,deudor uso medio de pago,Biotecnologia,Segmento D,Segmento D,Region 4,Zona 4,1,0,1,1,0,0,0,1,0,0,0,37,Excelente,Regular,F,1,Cooperativas,48,39,0,67,26,24,46,9,15,74,37,38,93,18,24,0,0,1,0,1,0,0,0,1,Bueno,SUJETO DE CREDITO-EVALUABLE,[3]Baja_Propension,Castigado o Sin Producto,NO,
2808,deudor no comercial,Biotecnologia,Segmento F,Segmento E,Region 4,Zona 6,0,1,0,1,1,1,0,1,0,0,1,68,Regular,Excelente,M,1,Cooperativas,70,49,7,30,11,6,64,53,33,29,63,70,6,32,19,0,0,1,1,0,1,1,1,0,Excelente,SUJETO DE CREDITO-EVALUABLE,[2]Media_Propension,Cliente Finaciado,SI,VENTA CENTRALIZADA
2809,deudor uso medio de pago,Agricola,Segmento D,Segmento F,Region 5,Zona 4,1,0,0,0,1,1,1,1,1,0,1,42,Malo,Regular,F,2,Cooperativas,48,39,8,27,4,39,59,45,98,4,12,16,19,86,39,1,1,0,0,1,0,0,0,1,Excelente,SUJETO DE CREDITO-EVALUABLE,[2]Media_Propension,Castigado o Sin Producto,NO,
2810,deudor uso medio de pago,Biotecnologia,Segmento D,Segmento F,Region 5,Zona 4,1,0,1,0,0,1,1,0,0,1,1,32,Excelente,Regular,M,1,SPA,28,43,24,73,75,79,30,62,29,43,28,30,19,3,45,1,1,1,1,1,1,0,1,1,Bueno,SUJETO DE CREDITO-EVALUABLE,[1]Alta_Propension,Cliente Finaciado,SI,SALESFORCE - CCL
2811,deudor comercial,Pesca,Segmento D,Segmento E,Region 6,Zona 6,0,1,0,0,0,0,0,0,1,1,1,35,Excelente,Malo,M,1,Sociedad,60,20,38,95,70,40,23,1,65,20,47,32,66,49,8,1,0,0,0,1,1,1,0,1,Bueno,CON OBSERVACIONES-EVALUABLE,[2]Media_Propension,Cliente No Financiado,SI,SALESFORCE -WEB
2812,deudor no comercial,Agricola,Segmento E,Segmento E,Region 5,Zona 4,0,1,0,1,0,1,1,1,0,0,0,74,Excelente,Excelente,F,1,SPA,97,32,99,96,74,40,43,50,78,54,99,44,68,79,52,0,1,0,1,0,0,1,1,0,Malo,SUJETO DE CREDITO-EVALUABLE,[1]Alta_Propension,Cliente No Financiado,SI,SALESFORCE - CCL
2813,deudor comercial,Biotecnologia,Segmento F,Segmento D,Region 5,Zona 4,0,0,1,1,0,0,1,1,0,0,1,46,Excelente,Excelente,F,1,SPA,71,79,94,37,24,62,6,59,33,38,68,20,5,36,17,1,0,0,0,0,0,1,0,1,Malo,CON OBSERVACIONES-EVALUABLE,[3]Baja_Propension,Cliente No Financiado,SI,RED SUCURSALES
2814,deudor uso medio de pago,Biotecnologia,Segmento D,Segmento D,Region 6,Zona 4,0,0,0,1,0,0,1,0,1,0,1,53,Regular,Malo,F,2,SPA,93,71,75,58,7,40,87,7,77,41,42,42,33,37,37,0,0,0,0,0,1,0,1,1,Excelente,CON OBSERVACIONES-EVALUABLE,[2]Media_Propension,Castigado o Sin Producto,NO,SALESFORCE - CCL
2815,deudor uso medio de pago,Pesca,Segmento D,Segmento D,Region 5,Zona 4,1,0,1,0,0,0,1,1,1,0,1,48,Excelente,Malo,M,1,Federacion,28,62,18,60,88,20,49,82,1,41,30,57,21,22,11,1,1,1,0,1,0,0,1,1,Excelente,SUJETO DE CREDITO-EVALUABLE,[2]Media_Propension,Castigado o Sin Producto,SI,SALESFORCE -WEB
2816,deudor no comercial,Pesca,Segmento D,Segmento D,Region 4,Zona 4,0,0,0,1,1,0,0,0,0,1,1,70,Excelente,Malo,M,1,Sociedad,76,78,4,40,86,88,49,13,96,67,47,56,70,25,4,0,1,1,1,1,0,1,1,1,Bueno,SUJETO DE CREDITO-EVALUABLE,[1]Alta_Propension,Cliente Finaciado,SI,VENTA CENTRALIZADA
2817,deudor no comercial,Pesca,Segmento E,Segmento D,Region 4,Zona 4,1,1,1,0,0,0,0,1,1,1,0,29,Malo,Excelente,F,1,SPA,64,80,20,59,92,93,82,68,15,71,53,87,55,70,33,0,1,0,1,1,1,1,0,0,Excelente,SUJETO DE CREDITO-EVALUABLE,[3]Baja_Propension,Castigado o Sin Producto,NO,SALESFORCE -WEB
2818,deudor uso medio de pago,Agricola,Segmento E,Segmento D,Region 5,Zona 6,0,1,0,1,1,1,0,1,0,1,0,36,Regular,Regular,M,1,SPA,13,56,48,4,14,61,57,50,1,78,71,27,67,3,65,1,0,1,1,1,1,0,1,1,Excelente,SUJETO DE CREDITO-EVALUABLE,[2]Media_Propension,Cliente Finaciado,SI,VENTA CENTRALIZADA
2819,deudor comercial,Pesca,Segmento E,Segmento D,Region 5,Zona 5,1,1,0,0,1,1,1,1,1,0,0,47,Regular,Malo,F,2,Sociedad,64,79,40,80,9,26,13,53,82,36,6,82,45,73,24,0,1,1,0,0,0,0,0,0,Bueno,NO SUJETO DE CREDITO,[1]Alta_Propension,Castigado o Sin Producto,NO,RED SUCURSALES
2820,deudor no comercial,Pesca,Segmento F,Segmento E,Region 5,Zona 4,1,1,0,0,1,0,1,1,1,1,0,39,Regular,Regular,M,1,Sociedad,75,25,2,53,47,22,97,21,24,56,51,1,85,47,4,0,1,1,1,1,0,0,0,0,Excelente,CON OBSERVACIONES-EVALUABLE,[1]Alta_Propension,Cliente No Financiado,NO,VENTA CENTRALIZADA
2821,deudor uso medio de pago,Pesca,Segmento F,Segmento E,Region 6,Zona 4,1,0,1,0,1,0,0,0,1,0,0,65,Excelente,Malo,M,1,Cooperativas,12,30,2,47,35,74,33,19,17,98,52,27,97,93,78,0,1,1,1,1,0,0,1,0,Bueno,SUJETO DE CREDITO-EVALUABLE,[2]Media_Propension,Castigado o Sin Producto,SI,SALESFORCE - CCL
2822,deudor uso medio de pago,Pesca,Segmento E,Segmento F,Region 4,Zona 5,1,0,0,1,0,1,1,0,0,0,1,41,Malo,Excelente,M,1,SPA,82,18,63,37,77,26,43,81,41,36,26,91,68,96,72,1,0,0,1,1,1,0,0,0,Bueno,NO SUJETO DE CREDITO,[1]Alta_Propension,Cliente No Financiado,SI,RED SUCURSALES
2823,deudor uso medio de pago,Pesca,Segmento D,Segmento D,Region 6,Zona 4,0,1,0,0,1,1,0,0,1,1,1,71,Excelente,Regular,F,2,Sociedad,32,3,92,37,43,84,40,73,90,81,62,20,50,65,99,0,1,1,1,0,1,0,0,1,Bueno,NO SUJETO DE CREDITO,[3]Baja_Propension,Castigado o Sin Producto,NO,RED SUCURSALES
2824,deudor no comercial,Agricola,Segmento D,Segmento D,Region 5,Zona 6,0,1,1,0,1,0,1,1,1,0,0,51,Regular,Regular,M,2,Cooperativas,79,87,63,58,79,59,62,20,47,73,81,40,29,60,61,1,1,1,0,0,1,1,0,0,Excelente,CON OBSERVACIONES-EVALUABLE,[1]Alta_Propension,Castigado o Sin Producto,NO,VENTA CENTRALIZADA
2825,deudor uso medio de pago,Biotecnologia,Segmento F,Segmento F,Region 5,Zona 6,0,0,0,1,0,0,1,0,0,0,1,22,Excelente,Malo,F,2,Sociedad,33,85,0,51,1,64,91,88,61,52,0,59,66,19,29,0,1,1,1,0,0,1,0,1,Bueno,SUJETO DE CREDITO-EVALUABLE,[1]Alta_Propension,Cliente Finaciado,SI,
2826,deudor uso medio de pago,Biotecnologia,Segmento E,Segmento D,Region 4,Zona 4,0,1,1,1,0,1,0,1,0,1,1,36,Malo,Excelente,M,2,Cooperativas,70,87,8,55,27,86,55,10,98,93,15,58,41,35,42,0,1,0,0,0,1,1,1,0,Bueno,SUJETO DE CREDITO-EVALUABLE,[3]Baja_Propension,Cliente No Financiado,NO,RED SUCURSALES
2827,deudor no comercial,Biotecnologia,Segmento F,Segmento D,Region 6,Zona 4,1,1,1,0,0,1,1,1,0,1,1,39,Excelente,Regular,F,1,SPA,78,13,66,23,60,49,14,92,12,50,28,74,1,29,83,1,1,0,0,1,0,1,0,1,Malo,SUJETO DE CREDITO-EVALUABLE,[1]Alta_Propension,Castigado o Sin Producto,NO,SALESFORCE -WEB
2828,deudor uso medio de pago,Biotecnologia,Segmento E,Segmento E,Region 4,Zona 5,0,1,0,1,1,1,0,0,0,0,0,58,Excelente,Excelente,M,1,Cooperativas,36,12,22,1,28,38,93,89,71,42,21,35,70,93,16,1,0,0,1,0,0,0,0,1,Bueno,NO SUJETO DE CREDITO,[3]Baja_Propension,Castigado o Sin Producto,SI,VENTA CENTRALIZADA
2829,deudor comercial,Pesca,Segmento D,Segmento E,Region 5,Zona 6,1,0,1,1,0,0,1,1,1,1,0,70,Excelente,Excelente,M,1,SPA,34,12,66,86,72,45,85,21,81,48,19,19,27,38,97,0,1,1,1,1,0,0,0,0,Malo,CON OBSERVACIONES-EVALUABLE,[3]Baja_Propension,Cliente No Financiado,SI,RED SUCURSALES
2830,deudor uso medio de pago,Biotecnologia,Segmento E,Segmento D,Region 5,Zona 6,1,0,0,0,0,1,1,1,1,1,0,59,Regular,Malo,M,2,Federacion,14,11,59,19,52,40,53,75,15,76,25,81,88,84,82,1,0,0,0,0,1,1,1,0,Malo,CON OBSERVACIONES-EVALUABLE,[2]Media_Propension,Cliente No Financiado,SI,SALESFORCE -WEB
2831,deudor comercial,Pesca,Segmento E,Segmento D,Region 4,Zona 4,0,0,1,0,1,1,1,1,1,0,1,53,Excelente,Regular,M,1,SPA,11,38,17,58,70,50,17,87,5,24,18,66,23,97,69,1,0,0,0,1,1,1,0,1,Malo,SUJETO DE CREDITO-EVALUABLE,[2]Media_Propension,Castigado o Sin Producto,SI,VENTA CENTRALIZADA
2832,deudor no comercial,Biotecnologia,Segmento F,Segmento D,Region 6,Zona 6,0,1,0,0,0,0,0,1,1,1,0,41,Regular,Malo,M,1,SPA,55,94,8,74,42,22,62,20,21,3,62,43,77,69,28,1,1,0,1,1,0,0,0,1,Bueno,NO SUJETO DE CREDITO,[1]Alta_Propension,Cliente No Financiado,SI,RED SUCURSALES
2833,deudor uso medio de pago,Agricola,Segmento D,Segmento E,Region 6,Zona 5,0,1,1,0,0,0,1,0,1,0,0,60,Excelente,Malo,F,1,Sindicatos,65,64,75,80,9,4,87,46,77,45,60,32,85,53,42,0,1,1,1,1,0,1,1,1,Bueno,CON OBSERVACIONES-EVALUABLE,[1]Alta_Propension,Castigado o Sin Producto,NO,RED SUCURSALES
2834,deudor comercial,Pesca,Segmento F,Segmento F,Region 6,Zona 4,1,0,1,1,0,0,1,1,0,1,1,69,Malo,Malo,M,1,Sociedad,49,3,33,32,99,83,76,33,61,47,64,14,79,3,76,0,1,0,0,1,0,0,1,1,Excelente,NO SUJETO DE CREDITO,[1]Alta_Propension,Castigado o Sin Producto,NO,RED SUCURSALES
2835,deudor uso medio de pago,Agricola,Segmento F,Segmento D,Region 6,Zona 6,1,1,0,0,0,0,0,1,1,1,1,60,Regular,Malo,M,1,SPA,94,92,39,42,41,81,99,76,53,44,30,4,18,97,10,0,1,1,0,0,0,1,1,0,Malo,CON OBSERVACIONES-EVALUABLE,[2]Media_Propension,Cliente Finaciado,SI,
2836,deudor uso medio de pago,Agricola,Segmento E,Segmento F,Region 5,Zona 6,0,1,0,0,0,1,1,1,1,0,1,19,Malo,Malo,M,1,Sociedad,64,91,43,18,83,84,2,32,99,89,99,64,44,30,28,0,1,0,0,1,0,0,1,0,Malo,SUJETO DE CREDITO-EVALUABLE,[1]Alta_Propension,Castigado o Sin Producto,SI,VENTA CENTRALIZADA
2837,deudor no comercial,Pesca,Segmento F,Segmento E,Region 4,Zona 4,1,1,0,1,0,0,0,0,1,1,0,23,Excelente,Malo,M,1,Federacion,99,65,68,88,84,53,15,1,10,14,61,29,36,78,35,0,1,1,1,1,1,1,0,0,Bueno,SUJETO DE CREDITO-EVALUABLE,[2]Media_Propension,Cliente Finaciado,SI,VENTA CENTRALIZADA
2838,deudor comercial,Pesca,Segmento F,Segmento F,Region 6,Zona 6,1,0,1,0,1,0,1,0,0,1,1,71,Malo,Excelente,F,2,Federacion,67,75,95,5,29,80,22,22,0,19,15,73,52,27,60,0,1,0,0,1,1,0,0,1,Malo,SUJETO DE CREDITO-EVALUABLE,[1]Alta_Propension,Castigado o Sin Producto,NO,SALESFORCE - CCL
2839,deudor uso medio de pago,Pesca,Segmento E,Segmento E,Region 6,Zona 5,1,0,0,0,0,1,0,0,1,0,1,23,Regular,Malo,F,1,Federacion,14,70,50,67,27,78,58,10,92,80,93,30,57,73,44,1,1,1,1,1,0,0,1,0,Excelente,NO SUJETO DE CREDITO,[1]Alta_Propension,Cliente Finaciado,NO,RED SUCURSALES
2840,deudor no comercial,Agricola,Segmento D,Segmento D,Region 6,Zona 4,0,0,0,0,1,0,1,1,1,0,1,73,Regular,Excelente,F,1,Federacion,84,64,63,88,76,12,93,32,36,6,76,71,29,48,26,0,0,0,1,1,0,1,0,1,Bueno,SUJETO DE CREDITO-EVALUABLE,[1]Alta_Propension,Cliente Finaciado,SI,
2841,deudor uso medio de pago,Agricola,Segmento F,Segmento D,Region 4,Zona 6,0,1,1,1,0,1,0,0,1,0,0,58,Malo,Regular,M,1,Cooperativas,12,86,7,50,35,57,88,80,82,74,44,40,41,88,97,1,1,0,1,1,0,0,1,0,Bueno,NO SUJETO DE CREDITO,[2]Media_Propension,Castigado o Sin Producto,SI,SALESFORCE -WEB
2842,deudor no comercial,Agricola,Segmento E,Segmento D,Region 6,Zona 4,1,0,0,0,1,1,0,1,1,1,1,30,Regular,Regular,F,2,Federacion,12,91,92,42,88,91,11,74,69,76,57,98,60,37,57,0,1,1,0,1,0,1,1,0,Excelente,NO SUJETO DE CREDITO,[3]Baja_Propension,Cliente Finaciado,SI,
2843,deudor no comercial,Pesca,Segmento F,Segmento F,Region 4,Zona 6,1,1,0,1,1,0,1,0,1,0,0,71,Excelente,Regular,M,2,Federacion,51,51,60,5,77,51,77,23,64,56,73,94,11,27,4,0,0,1,0,1,1,1,0,1,Excelente,NO SUJETO DE CREDITO,[3]Baja_Propension,Cliente Finaciado,NO,SALESFORCE - CCL
2844,deudor uso medio de pago,Agricola,Segmento E,Segmento E,Region 6,Zona 6,1,0,0,1,1,0,1,0,0,1,1,25,Excelente,Regular,F,2,Sindicatos,15,13,0,66,53,98,18,68,4,10,76,26,76,39,15,0,1,1,0,0,1,0,1,1,Bueno,NO SUJETO DE CREDITO,[3]Baja_Propension,Cliente Finaciado,NO,
2845,deudor comercial,Agricola,Segmento E,Segmento E,Region 4,Zona 6,0,1,0,1,1,1,1,1,0,0,0,33,Malo,Malo,F,1,SPA,87,68,44,3,75,31,57,63,72,82,90,4,64,92,43,1,0,0,1,1,1,0,1,0,Excelente,SUJETO DE CREDITO-EVALUABLE,[2]Media_Propension,Cliente Finaciado,SI,SALESFORCE -WEB
2846,deudor comercial,Agricola,Segmento D,Segmento D,Region 6,Zona 5,1,1,0,1,0,1,0,0,1,1,1,29,Excelente,Excelente,F,1,Sociedad,6,11,8,72,17,63,85,91,66,29,30,87,69,86,99,1,1,1,1,1,1,1,1,0,Malo,CON OBSERVACIONES-EVALUABLE,[1]Alta_Propension,Castigado o Sin Producto,NO,
2847,deudor no comercial,Pesca,Segmento D,Segmento D,Region 5,Zona 6,0,0,0,0,1,0,0,1,1,0,0,25,Excelente,Regular,M,2,Cooperativas,12,98,40,83,24,7,28,18,19,70,77,90,26,10,15,0,0,1,1,1,0,1,0,1,Bueno,NO SUJETO DE CREDITO,[1]Alta_Propension,Cliente No Financiado,NO,
2848,deudor no comercial,Biotecnologia,Segmento D,Segmento F,Region 6,Zona 6,1,1,0,0,1,1,0,1,1,0,1,42,Malo,Regular,F,1,Cooperativas,2,53,67,12,58,10,63,53,17,72,75,86,84,50,96,0,0,1,1,1,0,0,0,1,Excelente,NO SUJETO DE CREDITO,[3]Baja_Propension,Cliente No Financiado,NO,SALESFORCE - CCL
2849,deudor uso medio de pago,Agricola,Segmento D,Segmento D,Region 5,Zona 5,1,0,0,1,1,1,0,0,1,1,0,55,Malo,Regular,F,2,SPA,27,31,83,78,32,52,47,59,43,42,58,68,67,56,89,1,0,0,1,1,1,1,1,0,Excelente,CON OBSERVACIONES-EVALUABLE,[1]Alta_Propension,Castigado o Sin Producto,SI,VENTA CENTRALIZADA
2850,deudor uso medio de pago,Pesca,Segmento D,Segmento E,Region 6,Zona 5,0,0,1,0,1,0,1,1,0,1,0,42,Excelente,Malo,M,1,Cooperativas,82,22,72,92,92,6,9,53,99,7,66,8,60,10,83,1,1,0,1,1,0,0,0,1,Bueno,SUJETO DE CREDITO-EVALUABLE,[1]Alta_Propension,Cliente No Financiado,SI,
2851,deudor comercial,Agricola,Segmento D,Segmento E,Region 5,Zona 4,1,1,1,0,0,1,1,0,1,1,1,37,Malo,Malo,F,1,Sindicatos,82,19,20,82,48,27,0,77,89,22,4,88,96,23,72,1,1,0,0,1,0,1,1,0,Excelente,NO SUJETO DE CREDITO,[3]Baja_Propension,Cliente No Financiado,SI,SALESFORCE -WEB
2852,deudor uso medio de pago,Pesca,Segmento F,Segmento F,Region 5,Zona 6,0,0,0,0,1,1,1,1,1,1,1,73,Excelente,Excelente,M,2,Cooperativas,34,38,66,13,59,90,12,37,57,91,50,31,21,89,61,0,1,1,1,1,1,1,1,0,Malo,CON OBSERVACIONES-EVALUABLE,[1]Alta_Propension,Cliente Finaciado,SI,RED SUCURSALES
2853,deudor no comercial,Pesca,Segmento F,Segmento E,Region 4,Zona 5,1,0,0,0,1,1,1,1,0,1,0,40,Excelente,Malo,M,2,Cooperativas,39,19,6,30,6,18,74,49,9,56,62,45,18,18,67,1,1,0,1,0,1,0,1,1,Bueno,CON OBSERVACIONES-EVALUABLE,[2]Media_Propension,Cliente No Financiado,SI,
2854,deudor uso medio de pago,Agricola,Segmento F,Segmento F,Region 5,Zona 4,0,1,0,0,1,1,1,0,1,1,0,70,Excelente,Excelente,F,2,Federacion,97,76,25,55,35,25,42,53,16,88,56,5,53,65,15,0,0,1,0,1,0,1,0,1,Bueno,CON OBSERVACIONES-EVALUABLE,[2]Media_Propension,Castigado o Sin Producto,NO,
2855,deudor no comercial,Biotecnologia,Segmento E,Segmento E,Region 5,Zona 4,0,0,1,0,0,1,0,0,1,0,0,64,Malo,Regular,F,1,Sociedad,25,36,60,22,54,40,7,13,83,77,39,28,42,33,59,1,0,0,1,0,1,0,0,0,Excelente,NO SUJETO DE CREDITO,[2]Media_Propension,Cliente Finaciado,SI,SALESFORCE - CCL
2856,deudor uso medio de pago,Pesca,Segmento D,Segmento E,Region 6,Zona 5,1,0,1,1,1,0,0,1,0,0,1,21,Malo,Regular,M,1,SPA,20,55,45,13,50,23,0,72,60,51,31,86,53,94,10,0,0,0,0,1,0,1,0,0,Excelente,SUJETO DE CREDITO-EVALUABLE,[1]Alta_Propension,Cliente No Financiado,SI,SALESFORCE -WEB
2857,deudor no comercial,Pesca,Segmento D,Segmento E,Region 6,Zona 4,0,1,0,1,1,1,1,0,1,0,0,37,Regular,Malo,M,2,SPA,20,43,42,57,57,57,86,43,21,0,62,16,23,53,94,0,0,1,0,1,0,0,1,0,Excelente,CON OBSERVACIONES-EVALUABLE,[3]Baja_Propension,Castigado o Sin Producto,NO,
2858,deudor no comercial,Biotecnologia,Segmento E,Segmento F,Region 4,Zona 4,1,0,0,1,0,0,1,0,0,1,1,27,Malo,Malo,F,1,Sociedad,5,55,83,30,80,83,40,9,54,27,92,25,30,1,52,1,0,0,0,0,1,0,1,0,Malo,SUJETO DE CREDITO-EVALUABLE,[3]Baja_Propension,Castigado o Sin Producto,SI,SALESFORCE - CCL
2859,deudor comercial,Biotecnologia,Segmento F,Segmento F,Region 5,Zona 6,1,0,1,0,1,1,0,0,1,0,0,26,Malo,Excelente,F,1,SPA,0,4,36,70,55,57,84,23,60,42,86,53,50,99,32,0,1,0,1,0,1,1,1,0,Excelente,CON OBSERVACIONES-EVALUABLE,[1]Alta_Propension,Castigado o Sin Producto,NO,
2860,deudor uso medio de pago,Agricola,Segmento F,Segmento F,Region 4,Zona 4,1,0,0,1,0,0,0,1,0,0,1,32,Excelente,Excelente,M,2,SPA,92,33,75,9,48,29,59,10,59,85,94,70,46,46,85,0,0,0,1,1,1,1,0,1,Bueno,SUJETO DE CREDITO-EVALUABLE,[2]Media_Propension,Castigado o Sin Producto,SI,SALESFORCE -WEB
2861,deudor comercial,Pesca,Segmento F,Segmento D,Region 4,Zona 5,0,0,0,1,0,1,0,0,0,1,0,54,Malo,Excelente,F,1,Sindicatos,24,91,77,68,26,33,50,63,23,49,59,23,29,61,92,0,1,0,1,0,1,0,1,0,Bueno,SUJETO DE CREDITO-EVALUABLE,[3]Baja_Propension,Cliente No Financiado,SI,SALESFORCE -WEB
2862,deudor uso medio de pago,Agricola,Segmento F,Segmento F,Region 6,Zona 4,1,0,0,0,0,1,1,0,0,0,0,47,Regular,Malo,M,2,Sociedad,85,76,78,40,43,97,45,24,94,12,88,22,52,29,53,0,0,0,0,0,0,1,1,0,Malo,NO SUJETO DE CREDITO,[1]Alta_Propension,Castigado o Sin Producto,NO,VENTA CENTRALIZADA
2863,deudor no comercial,Biotecnologia,Segmento E,Segmento D,Region 4,Zona 6,1,1,1,0,1,1,0,0,1,0,1,52,Excelente,Malo,M,2,Federacion,24,89,13,84,97,20,58,86,44,95,33,22,21,80,25,0,1,1,0,1,1,1,1,1,Malo,NO SUJETO DE CREDITO,[2]Media_Propension,Cliente Finaciado,NO,SALESFORCE - CCL
2864,deudor no comercial,Pesca,Segmento D,Segmento F,Region 4,Zona 6,1,1,1,0,1,0,0,1,0,1,0,39,Malo,Excelente,F,2,Sindicatos,43,89,27,40,12,9,86,61,40,10,61,24,66,82,23,0,1,0,0,1,0,1,1,1,Malo,SUJETO DE CREDITO-EVALUABLE,[2]Media_Propension,Cliente No Financiado,SI,RED SUCURSALES
2865,deudor uso medio de pago,Pesca,Segmento F,Segmento E,Region 6,Zona 5,0,1,0,0,1,0,1,0,1,0,1,61,Regular,Malo,M,2,Federacion,76,2,97,10,74,19,97,2,77,90,2,12,90,16,7,0,1,0,0,1,1,0,0,1,Excelente,CON OBSERVACIONES-EVALUABLE,[3]Baja_Propension,Cliente No Financiado,SI,
2866,deudor comercial,Pesca,Segmento E,Segmento E,Region 5,Zona 5,0,1,1,1,1,0,0,1,0,1,0,38,Regular,Excelente,F,2,Sindicatos,91,94,53,68,0,79,18,6,22,90,39,5,8,91,44,0,0,0,0,1,1,1,0,0,Excelente,NO SUJETO DE CREDITO,[3]Baja_Propension,Castigado o Sin Producto,SI,SALESFORCE - CCL
2867,deudor comercial,Biotecnologia,Segmento E,Segmento F,Region 5,Zona 6,1,0,1,1,0,1,0,1,0,0,0,39,Malo,Regular,F,1,Sociedad,10,88,64,11,80,11,56,45,31,11,98,15,65,27,35,0,0,0,1,1,0,1,0,1,Bueno,CON OBSERVACIONES-EVALUABLE,[3]Baja_Propension,Cliente Finaciado,SI,
2868,deudor no comercial,Pesca,Segmento E,Segmento D,Region 6,Zona 5,1,1,0,1,1,0,1,0,0,1,1,54,Malo,Regular,M,1,Cooperativas,49,95,72,53,20,13,56,87,41,34,44,85,67,93,66,1,0,0,0,0,0,1,1,0,Excelente,NO SUJETO DE CREDITO,[1]Alta_Propension,Cliente No Financiado,SI,SALESFORCE - CCL
2869,deudor no comercial,Biotecnologia,Segmento F,Segmento D,Region 6,Zona 6,1,0,1,1,1,1,1,0,0,0,0,66,Excelente,Malo,F,2,Sociedad,44,52,31,43,3,12,61,62,95,51,78,85,28,35,41,0,1,0,0,1,1,0,0,0,Bueno,NO SUJETO DE CREDITO,[1]Alta_Propension,Cliente Finaciado,NO,VENTA CENTRALIZADA
2870,deudor no comercial,Agricola,Segmento D,Segmento D,Region 5,Zona 4,0,1,0,1,1,1,0,1,0,0,0,65,Regular,Excelente,M,1,SPA,23,7,1,73,99,45,73,51,22,53,10,84,59,46,71,0,0,0,1,1,1,0,0,0,Malo,SUJETO DE CREDITO-EVALUABLE,[2]Media_Propension,Castigado o Sin Producto,SI,SALESFORCE - CCL
2871,deudor comercial,Agricola,Segmento D,Segmento D,Region 4,Zona 4,1,0,1,0,0,1,1,0,1,1,1,31,Excelente,Excelente,F,2,Sindicatos,1,74,5,64,15,57,6,34,44,90,51,54,30,92,48,0,0,1,0,0,0,0,0,1,Bueno,NO SUJETO DE CREDITO,[3]Baja_Propension,Cliente No Financiado,NO,RED SUCURSALES
2872,deudor no comercial,Pesca,Segmento D,Segmento D,Region 4,Zona 6,1,0,1,1,1,0,0,0,1,0,1,66,Malo,Excelente,M,2,SPA,66,81,0,5,53,19,85,95,90,97,11,14,91,22,18,0,1,1,0,0,1,1,1,1,Malo,SUJETO DE CREDITO-EVALUABLE,[1]Alta_Propension,Cliente Finaciado,NO,RED SUCURSALES
2873,deudor no comercial,Biotecnologia,Segmento F,Segmento F,Region 5,Zona 6,1,1,0,1,1,0,0,0,1,0,0,18,Excelente,Excelente,F,1,Cooperativas,81,34,72,41,93,63,36,39,76,45,72,89,31,41,68,0,0,0,0,0,1,1,1,1,Bueno,NO SUJETO DE CREDITO,[3]Baja_Propension,Cliente Finaciado,NO,SALESFORCE -WEB
2874,deudor uso medio de pago,Biotecnologia,Segmento D,Segmento D,Region 4,Zona 4,1,0,0,1,1,1,1,0,1,1,0,62,Malo,Malo,M,2,SPA,17,71,75,37,93,18,69,31,66,5,66,45,45,68,97,1,1,0,1,1,0,1,0,1,Bueno,CON OBSERVACIONES-EVALUABLE,[2]Media_Propension,Castigado o Sin Producto,SI,
2875,deudor uso medio de pago,Pesca,Segmento E,Segmento F,Region 5,Zona 6,1,1,1,1,1,1,1,1,0,0,1,23,Regular,Malo,F,1,Cooperativas,46,86,31,66,21,41,92,13,65,60,85,10,41,70,73,1,0,1,1,1,0,0,1,0,Bueno,SUJETO DE CREDITO-EVALUABLE,[1]Alta_Propension,Cliente Finaciado,SI,
2876,deudor no comercial,Agricola,Segmento F,Segmento D,Region 6,Zona 4,0,0,0,1,0,0,1,0,1,0,1,74,Regular,Excelente,M,2,Federacion,61,23,86,35,93,32,82,85,64,11,74,76,38,47,34,0,0,0,0,1,1,0,0,1,Excelente,CON OBSERVACIONES-EVALUABLE,[1]Alta_Propension,Cliente Finaciado,SI,
2877,deudor comercial,Pesca,Segmento E,Segmento E,Region 5,Zona 4,0,0,0,0,1,1,0,0,1,1,0,32,Malo,Excelente,F,1,Sindicatos,81,38,26,82,84,86,61,3,97,5,36,45,88,82,11,0,1,1,1,0,1,1,0,1,Bueno,CON OBSERVACIONES-EVALUABLE,[3]Baja_Propension,Cliente Finaciado,SI,VENTA CENTRALIZADA
2878,deudor no comercial,Pesca,Segmento E,Segmento D,Region 6,Zona 4,1,1,1,0,0,0,0,0,0,0,1,19,Excelente,Regular,F,2,SPA,85,56,19,17,36,32,16,30,26,96,46,86,86,55,43,1,1,0,1,1,1,1,0,1,Bueno,CON OBSERVACIONES-EVALUABLE,[2]Media_Propension,Cliente No Financiado,SI,
2879,deudor comercial,Pesca,Segmento E,Segmento E,Region 5,Zona 5,1,0,0,1,1,0,0,1,1,1,1,70,Malo,Malo,M,2,Sindicatos,19,88,68,83,8,24,9,86,74,75,59,76,8,0,70,0,1,1,1,0,1,0,1,0,Excelente,CON OBSERVACIONES-EVALUABLE,[3]Baja_Propension,Castigado o Sin Producto,SI,VENTA CENTRALIZADA
2880,deudor uso medio de pago,Agricola,Segmento D,Segmento D,Region 4,Zona 5,0,1,1,0,1,0,1,1,0,1,1,29,Regular,Malo,F,1,Cooperativas,70,47,90,85,17,82,13,21,4,53,9,77,5,47,91,1,0,1,0,0,0,0,0,1,Excelente,SUJETO DE CREDITO-EVALUABLE,[3]Baja_Propension,Castigado o Sin Producto,SI,
2881,deudor uso medio de pago,Biotecnologia,Segmento D,Segmento F,Region 5,Zona 4,1,0,0,1,1,1,1,0,0,0,1,23,Excelente,Malo,M,1,Cooperativas,98,67,31,90,25,16,83,17,65,35,96,77,84,29,88,0,0,1,1,1,1,1,1,0,Bueno,CON OBSERVACIONES-EVALUABLE,[1]Alta_Propension,Cliente No Financiado,SI,SALESFORCE -WEB
2882,deudor comercial,Pesca,Segmento E,Segmento D,Region 5,Zona 6,1,0,1,0,0,1,1,0,0,0,1,43,Malo,Regular,F,2,Sociedad,28,54,9,3,53,78,24,85,99,91,39,31,75,93,92,0,1,1,1,1,1,1,0,0,Excelente,NO SUJETO DE CREDITO,[2]Media_Propension,Castigado o Sin Producto,SI,VENTA CENTRALIZADA
2883,deudor no comercial,Agricola,Segmento E,Segmento E,Region 6,Zona 5,0,1,0,0,0,0,0,1,0,1,1,60,Excelente,Malo,M,2,SPA,95,60,15,12,25,19,96,75,79,33,72,29,33,61,52,1,0,0,1,1,1,0,0,0,Bueno,SUJETO DE CREDITO-EVALUABLE,[3]Baja_Propension,Cliente Finaciado,NO,
2884,deudor uso medio de pago,Agricola,Segmento E,Segmento D,Region 6,Zona 5,0,0,0,1,1,0,1,0,1,1,1,46,Excelente,Malo,F,1,Cooperativas,63,73,46,59,61,91,34,2,3,21,30,18,16,10,96,1,1,0,1,0,1,0,0,1,Malo,SUJETO DE CREDITO-EVALUABLE,[3]Baja_Propension,Cliente Finaciado,NO,
2885,deudor no comercial,Biotecnologia,Segmento F,Segmento E,Region 6,Zona 5,0,1,0,1,0,1,0,1,1,1,0,32,Regular,Malo,F,1,Sindicatos,33,8,65,57,90,17,66,99,15,82,33,21,54,76,3,1,0,1,1,1,0,1,0,1,Bueno,CON OBSERVACIONES-EVALUABLE,[3]Baja_Propension,Cliente No Financiado,SI,SALESFORCE - CCL
2886,deudor no comercial,Biotecnologia,Segmento E,Segmento F,Region 4,Zona 4,0,0,1,1,1,0,1,1,0,0,1,42,Regular,Regular,M,2,SPA,30,4,50,21,32,10,47,6,91,83,72,18,54,10,90,1,0,0,1,0,1,0,0,1,Excelente,NO SUJETO DE CREDITO,[2]Media_Propension,Cliente No Financiado,NO,SALESFORCE -WEB
2887,deudor no comercial,Pesca,Segmento D,Segmento F,Region 5,Zona 4,0,0,1,1,0,0,0,0,0,1,0,41,Malo,Regular,M,1,Federacion,92,45,35,8,97,93,56,18,53,88,46,84,83,13,8,0,1,0,1,0,0,1,1,1,Malo,CON OBSERVACIONES-EVALUABLE,[3]Baja_Propension,Cliente No Financiado,SI,
2888,deudor no comercial,Pesca,Segmento D,Segmento F,Region 5,Zona 5,1,1,0,1,1,1,0,0,1,0,1,54,Excelente,Excelente,F,1,Federacion,31,57,32,59,37,90,57,19,98,95,99,19,9,74,95,0,0,1,0,0,0,1,0,0,Malo,NO SUJETO DE CREDITO,[1]Alta_Propension,Cliente No Financiado,NO,SALESFORCE - CCL
2889,deudor comercial,Pesca,Segmento E,Segmento F,Region 4,Zona 6,1,0,1,1,0,0,0,0,1,0,1,50,Malo,Excelente,F,2,SPA,22,43,89,23,1,71,85,76,71,24,83,7,49,10,91,1,0,0,0,1,0,1,0,1,Malo,NO SUJETO DE CREDITO,[2]Media_Propension,Cliente No Financiado,NO,
2890,deudor uso medio de pago,Agricola,Segmento E,Segmento F,Region 6,Zona 5,1,1,0,1,1,0,1,1,0,0,1,65,Malo,Excelente,M,2,Sociedad,6,42,51,31,80,31,23,51,62,50,24,29,27,60,57,0,0,0,0,1,1,1,1,1,Excelente,NO SUJETO DE CREDITO,[2]Media_Propension,Castigado o Sin Producto,NO,RED SUCURSALES
2891,deudor uso medio de pago,Biotecnologia,Segmento D,Segmento D,Region 6,Zona 6,0,1,0,0,1,0,1,1,1,1,0,49,Regular,Malo,M,1,SPA,45,53,95,74,31,17,7,0,41,71,18,99,35,5,41,0,1,1,0,1,0,0,1,0,Excelente,SUJETO DE CREDITO-EVALUABLE,[1]Alta_Propension,Cliente Finaciado,SI,SALESFORCE -WEB
2892,deudor uso medio de pago,Biotecnologia,Segmento F,Segmento F,Region 6,Zona 6,1,0,1,1,1,0,1,0,1,1,0,49,Regular,Excelente,F,2,Sociedad,66,89,96,24,19,43,42,43,91,69,88,21,58,89,36,0,0,0,1,0,1,0,0,0,Excelente,SUJETO DE CREDITO-EVALUABLE,[1]Alta_Propension,Castigado o Sin Producto,SI,
2893,deudor uso medio de pago,Agricola,Segmento F,Segmento E,Region 5,Zona 5,0,1,0,0,1,0,1,0,1,1,0,27,Excelente,Regular,M,2,SPA,0,53,56,85,55,61,21,43,59,35,66,62,77,93,25,1,1,1,1,1,1,1,0,0,Malo,NO SUJETO DE CREDITO,[1]Alta_Propension,Cliente No Financiado,NO,
2894,deudor uso medio de pago,Biotecnologia,Segmento F,Segmento E,Region 6,Zona 6,1,0,1,1,0,0,0,1,1,1,1,42,Excelente,Excelente,F,2,Sociedad,8,10,52,51,45,31,43,38,66,97,85,57,73,65,51,1,0,1,0,1,0,1,0,1,Bueno,NO SUJETO DE CREDITO,[3]Baja_Propension,Cliente No Financiado,SI,SALESFORCE - CCL
2895,deudor no comercial,Biotecnologia,Segmento F,Segmento D,Region 5,Zona 5,0,0,0,1,1,1,1,0,1,0,1,45,Regular,Regular,M,2,Sindicatos,25,19,48,13,4,40,99,59,78,50,39,29,10,94,45,1,0,0,0,1,1,0,1,0,Bueno,NO SUJETO DE CREDITO,[2]Media_Propension,Cliente No Financiado,NO,VENTA CENTRALIZADA
2896,deudor comercial,Pesca,Segmento F,Segmento D,Region 6,Zona 6,1,1,1,1,1,0,0,0,0,1,0,36,Regular,Regular,M,2,Sindicatos,0,30,3,65,43,38,17,64,38,27,88,31,94,64,59,1,1,0,0,0,1,0,0,1,Excelente,NO SUJETO DE CREDITO,[1]Alta_Propension,Cliente Finaciado,NO,
2897,deudor uso medio de pago,Biotecnologia,Segmento E,Segmento D,Region 6,Zona 5,1,1,1,1,1,0,0,1,0,0,1,61,Regular,Malo,F,1,Cooperativas,5,38,85,14,82,19,73,82,19,60,46,50,80,5,73,1,0,1,0,1,1,0,0,0,Excelente,CON OBSERVACIONES-EVALUABLE,[2]Media_Propension,Cliente No Financiado,NO,
2898,deudor uso medio de pago,Biotecnologia,Segmento D,Segmento F,Region 4,Zona 4,0,1,1,0,1,0,0,1,1,0,0,31,Malo,Malo,F,2,Federacion,38,52,64,13,69,54,76,13,76,27,47,74,17,24,49,1,0,1,0,1,0,0,0,0,Excelente,SUJETO DE CREDITO-EVALUABLE,[2]Media_Propension,Cliente Finaciado,SI,SALESFORCE -WEB
2899,deudor no comercial,Biotecnologia,Segmento D,Segmento D,Region 5,Zona 6,0,1,0,1,1,1,1,1,1,1,1,36,Regular,Excelente,M,1,Federacion,46,59,34,56,98,84,18,89,19,33,90,46,20,21,19,1,1,0,0,0,1,1,1,0,Malo,SUJETO DE CREDITO-EVALUABLE,[1]Alta_Propension,Castigado o Sin Producto,SI,SALESFORCE -WEB
2900,deudor no comercial,Pesca,Segmento F,Segmento F,Region 4,Zona 6,1,0,0,1,0,1,1,0,0,0,0,51,Regular,Excelente,F,2,Federacion,26,74,21,19,56,7,86,26,47,28,97,20,68,92,48,1,1,0,1,0,1,0,0,1,Excelente,SUJETO DE CREDITO-EVALUABLE,[2]Media_Propension,Castigado o Sin Producto,NO,
2901,deudor uso medio de pago,Pesca,Segmento F,Segmento D,Region 4,Zona 5,1,1,0,0,1,1,0,1,0,0,1,45,Excelente,Regular,F,1,Federacion,71,22,21,85,82,47,98,94,6,48,11,70,40,86,37,1,1,0,0,0,0,0,1,1,Malo,SUJETO DE CREDITO-EVALUABLE,[3]Baja_Propension,Cliente Finaciado,SI,SALESFORCE -WEB
2902,deudor comercial,Agricola,Segmento E,Segmento D,Region 6,Zona 6,0,1,0,1,0,0,0,1,1,0,0,45,Regular,Malo,F,2,SPA,14,32,22,95,56,56,0,84,9,50,59,45,58,96,23,1,1,1,1,0,0,1,0,1,Bueno,NO SUJETO DE CREDITO,[3]Baja_Propension,Castigado o Sin Producto,SI,SALESFORCE - CCL
2903,deudor no comercial,Biotecnologia,Segmento F,Segmento E,Region 4,Zona 4,0,1,0,1,1,0,0,1,0,1,0,43,Excelente,Regular,M,1,Sociedad,26,13,52,48,45,53,19,17,45,89,11,13,21,95,33,0,1,1,1,1,0,1,0,1,Bueno,SUJETO DE CREDITO-EVALUABLE,[2]Media_Propension,Cliente Finaciado,NO,SALESFORCE - CCL
2904,deudor uso medio de pago,Biotecnologia,Segmento D,Segmento F,Region 4,Zona 5,1,0,0,1,0,0,0,0,1,1,0,49,Excelente,Regular,F,2,SPA,78,84,96,62,9,91,58,84,95,61,39,37,20,20,67,0,0,0,1,0,1,1,1,0,Excelente,CON OBSERVACIONES-EVALUABLE,[3]Baja_Propension,Castigado o Sin Producto,SI,SALESFORCE - CCL
2905,deudor uso medio de pago,Agricola,Segmento F,Segmento F,Region 5,Zona 5,0,0,1,1,1,1,0,0,1,0,1,68,Malo,Excelente,F,1,SPA,79,24,21,24,6,63,5,38,79,80,59,81,24,97,65,0,1,0,0,0,0,1,0,1,Excelente,CON OBSERVACIONES-EVALUABLE,[1]Alta_Propension,Castigado o Sin Producto,SI,VENTA CENTRALIZADA
2906,deudor uso medio de pago,Biotecnologia,Segmento F,Segmento F,Region 4,Zona 5,0,1,0,1,0,1,0,0,1,0,0,71,Regular,Excelente,M,2,Sociedad,28,50,86,22,66,65,8,10,80,11,16,15,25,43,71,0,1,1,0,0,1,1,1,0,Bueno,CON OBSERVACIONES-EVALUABLE,[1]Alta_Propension,Cliente No Financiado,NO,VENTA CENTRALIZADA
2907,deudor uso medio de pago,Agricola,Segmento E,Segmento D,Region 4,Zona 6,0,0,1,0,0,1,0,0,1,0,0,54,Excelente,Regular,F,2,Sociedad,41,13,60,14,76,86,94,7,57,12,3,22,77,57,89,1,1,0,0,0,0,1,1,0,Malo,SUJETO DE CREDITO-EVALUABLE,[3]Baja_Propension,Castigado o Sin Producto,SI,SALESFORCE - CCL
2908,deudor uso medio de pago,Agricola,Segmento E,Segmento E,Region 5,Zona 6,1,0,1,0,0,0,1,0,1,0,0,49,Regular,Malo,F,1,Cooperativas,61,66,81,41,64,94,59,3,25,95,96,34,24,99,25,0,1,0,1,1,1,0,1,1,Excelente,NO SUJETO DE CREDITO,[2]Media_Propension,Castigado o Sin Producto,NO,SALESFORCE -WEB
2909,deudor comercial,Pesca,Segmento E,Segmento D,Region 4,Zona 6,1,1,1,1,1,0,0,1,0,1,0,39,Excelente,Malo,M,2,Federacion,12,84,2,45,49,33,28,22,78,21,91,0,24,9,26,1,1,0,0,1,1,0,1,1,Malo,NO SUJETO DE CREDITO,[1]Alta_Propension,Castigado o Sin Producto,SI,VENTA CENTRALIZADA
2910,deudor uso medio de pago,Agricola,Segmento D,Segmento D,Region 5,Zona 6,0,0,1,0,0,1,0,0,0,0,0,56,Malo,Excelente,M,2,Sindicatos,16,62,40,11,57,92,23,84,71,6,53,40,35,31,65,0,1,0,1,1,1,0,0,0,Malo,SUJETO DE CREDITO-EVALUABLE,[2]Media_Propension,Castigado o Sin Producto,SI,SALESFORCE - CCL
2911,deudor uso medio de pago,Agricola,Segmento F,Segmento D,Region 5,Zona 6,0,0,1,1,0,0,0,0,0,0,1,28,Regular,Regular,F,2,Sindicatos,65,48,4,48,55,59,23,18,82,24,6,78,72,77,3,0,0,1,0,1,1,1,0,0,Bueno,SUJETO DE CREDITO-EVALUABLE,[2]Media_Propension,Castigado o Sin Producto,SI,SALESFORCE - CCL
2912,deudor uso medio de pago,Biotecnologia,Segmento F,Segmento F,Region 5,Zona 6,0,1,1,0,1,1,1,0,1,0,1,29,Excelente,Regular,M,2,SPA,53,98,51,31,13,18,53,49,81,45,19,58,54,75,54,1,1,1,0,1,1,1,0,0,Excelente,NO SUJETO DE CREDITO,[3]Baja_Propension,Cliente No Financiado,NO,SALESFORCE -WEB
2913,deudor uso medio de pago,Agricola,Segmento D,Segmento F,Region 6,Zona 4,1,1,1,0,1,1,0,0,1,0,1,70,Excelente,Malo,M,1,Cooperativas,97,31,99,6,31,94,79,86,86,11,56,50,45,21,24,0,1,0,0,0,0,1,0,0,Malo,NO SUJETO DE CREDITO,[1]Alta_Propension,Cliente Finaciado,SI,SALESFORCE -WEB
2914,deudor no comercial,Biotecnologia,Segmento D,Segmento F,Region 6,Zona 6,1,1,0,0,0,1,0,0,1,1,0,47,Excelente,Regular,M,2,Federacion,65,50,88,87,99,4,75,23,9,48,55,93,80,39,69,1,1,1,1,0,0,1,1,1,Bueno,NO SUJETO DE CREDITO,[3]Baja_Propension,Castigado o Sin Producto,SI,SALESFORCE -WEB
2915,deudor no comercial,Agricola,Segmento F,Segmento D,Region 5,Zona 5,1,0,0,0,0,0,1,0,1,1,1,66,Excelente,Excelente,F,2,Cooperativas,40,67,81,44,77,28,33,23,52,81,67,0,82,75,41,0,1,0,0,1,1,1,1,0,Malo,CON OBSERVACIONES-EVALUABLE,[3]Baja_Propension,Cliente Finaciado,NO,RED SUCURSALES
2916,deudor no comercial,Agricola,Segmento E,Segmento D,Region 4,Zona 6,1,0,1,1,0,0,1,0,0,1,1,56,Regular,Regular,M,2,SPA,63,72,5,6,32,57,93,58,7,30,24,72,62,1,60,0,0,1,1,0,1,0,1,0,Excelente,SUJETO DE CREDITO-EVALUABLE,[1]Alta_Propension,Cliente No Financiado,SI,SALESFORCE -WEB
2917,deudor no comercial,Pesca,Segmento D,Segmento F,Region 5,Zona 4,1,0,0,1,0,0,0,1,0,0,1,35,Regular,Regular,M,1,Sociedad,77,58,68,86,82,60,47,6,37,16,68,96,97,28,49,0,0,0,1,1,1,1,0,1,Bueno,SUJETO DE CREDITO-EVALUABLE,[1]Alta_Propension,Cliente Finaciado,NO,VENTA CENTRALIZADA
2918,deudor no comercial,Pesca,Segmento E,Segmento F,Region 4,Zona 5,0,0,1,1,1,1,0,0,1,0,0,56,Regular,Regular,M,1,Sindicatos,56,18,79,46,93,12,32,76,83,70,2,96,26,37,65,0,1,0,1,0,1,0,1,1,Malo,CON OBSERVACIONES-EVALUABLE,[1]Alta_Propension,Cliente Finaciado,SI,RED SUCURSALES
2919,deudor comercial,Agricola,Segmento D,Segmento F,Region 6,Zona 4,1,0,1,1,0,1,1,1,0,0,1,20,Malo,Excelente,M,2,Sindicatos,94,88,36,88,85,0,25,82,32,21,83,80,52,90,97,0,0,0,0,0,1,1,1,0,Bueno,SUJETO DE CREDITO-EVALUABLE,[1]Alta_Propension,Cliente No Financiado,NO,VENTA CENTRALIZADA
2920,deudor uso medio de pago,Agricola,Segmento F,Segmento D,Region 5,Zona 6,0,1,0,1,1,1,1,0,0,0,1,53,Regular,Regular,M,2,Cooperativas,95,78,51,85,52,73,11,8,6,61,34,27,17,24,43,0,0,1,1,1,0,1,1,0,Excelente,NO SUJETO DE CREDITO,[2]Media_Propension,Castigado o Sin Producto,SI,SALESFORCE - CCL
2921,deudor comercial,Pesca,Segmento D,Segmento F,Region 4,Zona 4,0,1,1,0,0,1,0,1,0,1,1,40,Excelente,Regular,M,2,Sindicatos,60,7,90,55,30,78,3,69,80,46,60,64,98,52,89,0,0,0,0,1,1,1,1,0,Excelente,SUJETO DE CREDITO-EVALUABLE,[1]Alta_Propension,Cliente No Financiado,SI,VENTA CENTRALIZADA
2922,deudor no comercial,Agricola,Segmento F,Segmento F,Region 4,Zona 4,1,0,1,1,0,1,0,0,0,1,0,41,Regular,Malo,M,1,Sindicatos,83,26,72,51,80,11,66,88,50,63,52,90,41,40,52,1,1,1,0,1,0,1,1,0,Bueno,CON OBSERVACIONES-EVALUABLE,[3]Baja_Propension,Cliente No Financiado,SI,VENTA CENTRALIZADA
2923,deudor no comercial,Biotecnologia,Segmento D,Segmento E,Region 4,Zona 5,1,1,1,1,0,0,1,1,0,1,0,61,Malo,Malo,M,1,Sindicatos,21,8,46,43,54,82,20,11,40,36,32,31,35,57,78,0,1,1,0,1,0,1,0,0,Excelente,SUJETO DE CREDITO-EVALUABLE,[3]Baja_Propension,Cliente Finaciado,NO,RED SUCURSALES
2924,deudor no comercial,Biotecnologia,Segmento D,Segmento F,Region 6,Zona 6,0,0,1,1,0,0,0,0,1,1,1,48,Excelente,Malo,F,2,SPA,70,68,66,95,51,8,97,94,0,65,50,42,96,67,67,1,1,0,0,0,1,1,1,0,Malo,CON OBSERVACIONES-EVALUABLE,[3]Baja_Propension,Cliente No Financiado,SI,VENTA CENTRALIZADA
2925,deudor no comercial,Pesca,Segmento D,Segmento D,Region 5,Zona 5,0,0,0,1,1,0,1,0,0,1,0,26,Malo,Regular,F,1,Sociedad,37,51,6,4,16,27,29,99,47,91,26,64,34,73,48,1,1,0,0,1,0,0,1,0,Bueno,SUJETO DE CREDITO-EVALUABLE,[1]Alta_Propension,Castigado o Sin Producto,SI,SALESFORCE -WEB
2926,deudor comercial,Agricola,Segmento E,Segmento E,Region 5,Zona 4,0,0,0,0,1,1,1,0,1,0,1,35,Excelente,Excelente,M,2,Sindicatos,49,73,49,68,25,23,12,47,89,78,65,90,27,27,46,0,0,0,0,1,0,0,0,1,Bueno,CON OBSERVACIONES-EVALUABLE,[3]Baja_Propension,Cliente Finaciado,SI,RED SUCURSALES
2927,deudor no comercial,Agricola,Segmento F,Segmento D,Region 4,Zona 5,1,0,0,1,1,0,1,1,0,1,0,20,Regular,Malo,F,1,SPA,36,34,30,70,0,23,22,96,90,81,73,75,99,61,25,0,0,0,1,1,0,1,1,1,Malo,SUJETO DE CREDITO-EVALUABLE,[1]Alta_Propension,Cliente Finaciado,SI,RED SUCURSALES
2928,deudor comercial,Pesca,Segmento D,Segmento F,Region 4,Zona 4,0,1,0,0,0,0,0,1,1,0,0,24,Malo,Regular,M,2,SPA,60,78,7,69,68,71,5,52,18,2,21,62,50,78,67,0,1,1,1,1,1,0,0,0,Excelente,CON OBSERVACIONES-EVALUABLE,[2]Media_Propension,Cliente No Financiado,NO,
2929,deudor comercial,Biotecnologia,Segmento E,Segmento D,Region 4,Zona 4,1,1,0,0,1,1,1,1,0,1,0,41,Malo,Malo,F,2,Sociedad,58,87,83,80,86,57,1,35,25,85,57,76,49,9,19,0,1,1,1,0,1,1,0,0,Bueno,SUJETO DE CREDITO-EVALUABLE,[3]Baja_Propension,Cliente No Financiado,NO,SALESFORCE -WEB
2930,deudor no comercial,Biotecnologia,Segmento F,Segmento E,Region 5,Zona 4,0,1,0,0,0,0,0,0,0,0,0,31,Malo,Excelente,M,2,Cooperativas,76,57,94,54,40,58,65,38,81,9,97,34,36,71,8,0,0,1,1,1,0,0,0,0,Malo,SUJETO DE CREDITO-EVALUABLE,[2]Media_Propension,Castigado o Sin Producto,SI,SALESFORCE -WEB
2931,deudor no comercial,Biotecnologia,Segmento E,Segmento F,Region 5,Zona 4,1,0,0,1,1,0,0,1,0,1,0,73,Regular,Regular,M,1,SPA,92,21,12,67,52,75,3,91,20,60,17,6,43,24,17,1,0,0,0,0,1,0,1,1,Malo,SUJETO DE CREDITO-EVALUABLE,[3]Baja_Propension,Cliente Finaciado,SI,
2932,deudor uso medio de pago,Pesca,Segmento F,Segmento D,Region 4,Zona 5,1,1,1,1,1,0,0,0,1,0,0,27,Excelente,Excelente,M,1,Sindicatos,95,51,31,6,41,32,40,60,1,22,70,22,21,12,9,1,0,0,0,0,1,0,1,0,Bueno,CON OBSERVACIONES-EVALUABLE,[1]Alta_Propension,Castigado o Sin Producto,SI,SALESFORCE -WEB
2933,deudor comercial,Agricola,Segmento E,Segmento D,Region 6,Zona 5,1,0,1,1,1,0,1,0,0,0,1,62,Regular,Malo,M,1,Sociedad,33,70,99,52,91,30,1,46,84,91,27,81,64,99,87,0,1,1,1,1,0,0,1,1,Malo,CON OBSERVACIONES-EVALUABLE,[1]Alta_Propension,Cliente Finaciado,NO,SALESFORCE -WEB
2934,deudor uso medio de pago,Biotecnologia,Segmento D,Segmento E,Region 6,Zona 4,0,0,0,0,0,1,1,0,0,0,0,74,Excelente,Malo,F,2,Cooperativas,34,19,47,83,51,71,19,95,7,95,73,38,27,20,19,1,0,0,0,1,1,1,1,0,Malo,NO SUJETO DE CREDITO,[1]Alta_Propension,Castigado o Sin Producto,SI,SALESFORCE - CCL
2935,deudor uso medio de pago,Agricola,Segmento F,Segmento E,Region 4,Zona 5,1,0,1,0,1,1,1,0,1,1,1,43,Excelente,Malo,M,2,Sindicatos,37,72,48,80,32,54,49,80,28,83,0,58,17,70,35,1,0,0,0,0,1,1,0,1,Malo,NO SUJETO DE CREDITO,[3]Baja_Propension,Cliente Finaciado,SI,
2936,deudor no comercial,Biotecnologia,Segmento F,Segmento D,Region 5,Zona 5,1,0,0,1,1,1,1,1,0,1,0,63,Excelente,Excelente,M,1,SPA,96,1,63,78,26,93,0,9,48,63,85,3,67,76,54,0,1,0,0,1,0,0,0,1,Malo,SUJETO DE CREDITO-EVALUABLE,[1]Alta_Propension,Cliente No Financiado,NO,VENTA CENTRALIZADA
2937,deudor uso medio de pago,Agricola,Segmento F,Segmento F,Region 5,Zona 6,0,1,1,1,1,1,1,1,1,0,1,73,Regular,Malo,F,1,Federacion,48,60,29,41,11,85,99,12,52,95,43,49,19,58,31,0,0,0,0,1,0,1,0,0,Bueno,SUJETO DE CREDITO-EVALUABLE,[3]Baja_Propension,Castigado o Sin Producto,SI,VENTA CENTRALIZADA
2938,deudor no comercial,Agricola,Segmento D,Segmento D,Region 4,Zona 6,0,0,0,1,1,1,1,0,0,0,0,50,Excelente,Excelente,F,1,SPA,87,40,64,24,33,13,22,78,83,58,86,17,6,10,80,0,1,0,1,0,1,0,0,0,Excelente,CON OBSERVACIONES-EVALUABLE,[2]Media_Propension,Cliente No Financiado,SI,
2939,deudor no comercial,Biotecnologia,Segmento F,Segmento E,Region 4,Zona 6,1,0,1,0,0,1,1,0,0,0,0,60,Excelente,Malo,F,2,Federacion,81,17,78,30,72,58,82,59,65,98,93,18,64,22,82,1,1,1,0,0,0,1,1,1,Malo,SUJETO DE CREDITO-EVALUABLE,[1]Alta_Propension,Cliente Finaciado,SI,SALESFORCE -WEB
2940,deudor comercial,Biotecnologia,Segmento D,Segmento D,Region 5,Zona 6,1,0,0,0,1,0,0,1,0,1,1,63,Excelente,Regular,M,2,Cooperativas,69,16,94,20,46,40,75,32,0,82,91,14,43,22,73,0,1,0,0,0,0,1,0,0,Bueno,CON OBSERVACIONES-EVALUABLE,[3]Baja_Propension,Cliente Finaciado,NO,
2941,deudor uso medio de pago,Pesca,Segmento D,Segmento E,Region 4,Zona 6,1,1,1,1,1,0,1,0,0,1,1,52,Excelente,Regular,M,2,Sociedad,49,30,12,53,73,7,83,22,96,34,12,95,44,60,54,0,0,1,0,1,1,0,0,1,Malo,NO SUJETO DE CREDITO,[1]Alta_Propension,Cliente No Financiado,NO,
2942,deudor uso medio de pago,Biotecnologia,Segmento F,Segmento D,Region 5,Zona 4,1,0,1,0,0,1,1,1,0,0,1,62,Malo,Excelente,F,1,Cooperativas,53,74,67,70,89,23,20,10,58,26,36,60,87,69,43,0,0,0,1,1,0,1,0,0,Malo,CON OBSERVACIONES-EVALUABLE,[3]Baja_Propension,Cliente Finaciado,NO,SALESFORCE -WEB
2943,deudor uso medio de pago,Biotecnologia,Segmento F,Segmento E,Region 5,Zona 4,0,0,0,0,0,0,1,0,0,1,1,74,Excelente,Malo,F,1,Sindicatos,74,17,93,59,15,26,86,12,55,22,41,24,70,32,15,1,0,1,1,0,1,1,1,1,Bueno,NO SUJETO DE CREDITO,[1]Alta_Propension,Cliente Finaciado,NO,SALESFORCE -WEB
2944,deudor comercial,Biotecnologia,Segmento D,Segmento D,Region 5,Zona 4,0,1,0,1,0,0,1,1,1,1,0,68,Malo,Regular,F,2,SPA,84,15,14,35,15,38,45,79,35,0,72,96,6,67,2,1,0,1,1,0,1,0,1,1,Excelente,SUJETO DE CREDITO-EVALUABLE,[3]Baja_Propension,Castigado o Sin Producto,SI,RED SUCURSALES
2945,deudor comercial,Biotecnologia,Segmento D,Segmento D,Region 6,Zona 4,0,1,1,0,1,1,1,1,1,0,0,36,Malo,Malo,F,2,SPA,70,76,77,9,6,36,27,23,89,74,32,12,49,19,82,1,1,0,1,1,1,1,0,1,Excelente,SUJETO DE CREDITO-EVALUABLE,[2]Media_Propension,Castigado o Sin Producto,SI,SALESFORCE -WEB
2946,deudor uso medio de pago,Biotecnologia,Segmento E,Segmento F,Region 5,Zona 4,1,1,0,0,1,0,1,0,1,0,0,41,Regular,Regular,F,2,Sociedad,71,22,26,40,67,82,84,71,44,30,85,56,79,19,72,0,0,0,0,1,0,1,1,0,Malo,SUJETO DE CREDITO-EVALUABLE,[2]Media_Propension,Cliente Finaciado,NO,SALESFORCE - CCL
2947,deudor no comercial,Pesca,Segmento E,Segmento D,Region 6,Zona 5,1,1,1,1,1,1,0,1,1,0,1,46,Excelente,Regular,F,1,Federacion,55,92,34,90,76,11,39,61,92,15,17,0,16,88,43,0,1,1,1,1,1,1,0,0,Excelente,CON OBSERVACIONES-EVALUABLE,[2]Media_Propension,Cliente No Financiado,SI,SALESFORCE - CCL
2948,deudor comercial,Biotecnologia,Segmento D,Segmento F,Region 6,Zona 5,1,1,0,0,1,1,0,1,0,0,0,30,Regular,Excelente,M,2,Cooperativas,66,66,94,24,44,37,93,99,32,15,58,71,33,44,81,0,1,0,0,1,1,1,1,1,Excelente,CON OBSERVACIONES-EVALUABLE,[3]Baja_Propension,Cliente No Financiado,NO,SALESFORCE - CCL
2949,deudor uso medio de pago,Biotecnologia,Segmento D,Segmento D,Region 4,Zona 6,0,1,1,1,1,1,1,0,1,1,0,32,Excelente,Excelente,M,2,Cooperativas,71,93,7,62,38,99,12,78,11,81,16,45,3,25,13,0,1,1,0,1,0,1,0,0,Excelente,CON OBSERVACIONES-EVALUABLE,[3]Baja_Propension,Castigado o Sin Producto,SI,VENTA CENTRALIZADA
2950,deudor no comercial,Biotecnologia,Segmento F,Segmento F,Region 6,Zona 5,0,0,1,0,0,0,1,1,0,1,0,64,Excelente,Regular,M,2,Sociedad,99,92,1,14,26,81,66,12,13,8,45,7,71,96,72,0,0,0,0,0,1,1,1,0,Excelente,NO SUJETO DE CREDITO,[1]Alta_Propension,Castigado o Sin Producto,SI,SALESFORCE -WEB
2951,deudor uso medio de pago,Pesca,Segmento F,Segmento D,Region 4,Zona 6,1,1,0,0,0,0,1,0,0,1,1,37,Regular,Excelente,F,1,Federacion,49,38,85,5,79,17,46,78,33,1,57,75,27,53,67,0,0,0,1,0,0,0,1,1,Excelente,NO SUJETO DE CREDITO,[1]Alta_Propension,Castigado o Sin Producto,SI,SALESFORCE - CCL
2952,deudor no comercial,Biotecnologia,Segmento F,Segmento F,Region 6,Zona 6,0,1,1,0,0,1,0,1,1,1,1,23,Regular,Excelente,M,1,Federacion,34,31,56,15,40,41,26,86,79,59,28,15,13,27,5,1,1,0,1,1,1,1,1,1,Malo,SUJETO DE CREDITO-EVALUABLE,[3]Baja_Propension,Cliente No Financiado,NO,SALESFORCE - CCL
2953,deudor no comercial,Pesca,Segmento D,Segmento F,Region 5,Zona 4,1,0,1,0,0,0,1,0,1,0,0,24,Regular,Regular,F,2,Federacion,29,47,44,27,65,57,88,68,73,25,95,63,69,46,17,1,1,0,0,0,1,1,0,0,Excelente,SUJETO DE CREDITO-EVALUABLE,[1]Alta_Propension,Castigado o Sin Producto,NO,VENTA CENTRALIZADA
2954,deudor uso medio de pago,Agricola,Segmento E,Segmento F,Region 5,Zona 5,0,1,1,0,1,1,1,0,1,1,0,45,Malo,Regular,M,2,Sindicatos,36,13,78,99,50,44,50,9,58,67,11,27,5,53,96,0,1,1,1,1,0,1,1,0,Excelente,CON OBSERVACIONES-EVALUABLE,[2]Media_Propension,Cliente Finaciado,SI,
2955,deudor comercial,Pesca,Segmento F,Segmento D,Region 6,Zona 6,1,1,0,1,1,0,1,0,1,0,1,37,Excelente,Malo,F,1,Sociedad,20,28,81,15,60,70,56,34,27,42,85,83,47,0,41,1,0,0,0,1,1,0,1,0,Bueno,SUJETO DE CREDITO-EVALUABLE,[2]Media_Propension,Cliente Finaciado,NO,SALESFORCE - CCL
2956,deudor no comercial,Biotecnologia,Segmento D,Segmento F,Region 5,Zona 4,0,0,1,1,0,1,0,1,1,0,0,60,Excelente,Malo,F,2,Sociedad,64,71,69,89,94,2,93,66,40,69,1,98,15,41,59,0,1,0,0,0,1,0,0,1,Bueno,SUJETO DE CREDITO-EVALUABLE,[1]Alta_Propension,Cliente Finaciado,SI,RED SUCURSALES
2957,deudor no comercial,Agricola,Segmento D,Segmento E,Region 5,Zona 6,0,0,0,0,0,0,1,0,0,1,1,49,Excelente,Malo,F,2,SPA,71,4,64,34,64,96,23,92,11,53,14,11,93,55,16,1,0,0,1,0,1,0,0,1,Malo,NO SUJETO DE CREDITO,[2]Media_Propension,Castigado o Sin Producto,SI,RED SUCURSALES
2958,deudor no comercial,Pesca,Segmento D,Segmento D,Region 6,Zona 6,1,0,0,0,0,0,0,0,1,0,0,49,Malo,Malo,F,2,Cooperativas,20,44,54,81,49,32,26,6,65,60,19,82,53,96,97,0,0,0,0,1,1,0,1,0,Excelente,NO SUJETO DE CREDITO,[3]Baja_Propension,Cliente No Financiado,SI,
2959,deudor comercial,Pesca,Segmento D,Segmento F,Region 6,Zona 4,0,0,1,0,0,0,0,1,1,1,0,66,Excelente,Regular,F,2,Federacion,25,94,35,86,71,85,99,79,98,16,20,46,54,38,41,0,1,0,0,0,1,1,0,0,Bueno,NO SUJETO DE CREDITO,[1]Alta_Propension,Cliente Finaciado,SI,RED SUCURSALES
2960,deudor comercial,Pesca,Segmento F,Segmento D,Region 4,Zona 4,1,1,0,0,0,0,1,1,0,0,0,46,Excelente,Excelente,F,1,Sindicatos,63,31,38,2,62,79,59,51,91,54,59,10,60,21,30,0,0,0,1,1,0,1,1,1,Malo,SUJETO DE CREDITO-EVALUABLE,[3]Baja_Propension,Cliente Finaciado,SI,VENTA CENTRALIZADA
2961,deudor comercial,Biotecnologia,Segmento E,Segmento D,Region 6,Zona 4,1,0,0,0,1,1,1,0,0,0,1,40,Excelente,Malo,F,2,Cooperativas,15,90,20,23,68,93,32,2,83,36,56,34,28,94,31,1,1,1,1,1,0,1,1,1,Bueno,SUJETO DE CREDITO-EVALUABLE,[1]Alta_Propension,Castigado o Sin Producto,SI,RED SUCURSALES
2962,deudor comercial,Pesca,Segmento F,Segmento F,Region 5,Zona 4,0,0,1,1,1,1,0,0,0,0,1,49,Malo,Malo,M,2,Federacion,28,21,70,73,23,65,11,70,64,20,46,0,13,84,91,0,0,1,0,1,0,0,0,0,Malo,NO SUJETO DE CREDITO,[3]Baja_Propension,Cliente Finaciado,NO,
2963,deudor comercial,Agricola,Segmento D,Segmento D,Region 4,Zona 5,0,0,1,0,0,1,1,1,0,1,1,35,Regular,Malo,F,2,Cooperativas,1,19,98,32,95,74,99,7,17,34,23,54,22,46,99,0,1,0,0,0,0,1,0,1,Malo,NO SUJETO DE CREDITO,[2]Media_Propension,Cliente No Financiado,SI,SALESFORCE - CCL
2964,deudor uso medio de pago,Biotecnologia,Segmento F,Segmento E,Region 5,Zona 4,1,1,0,1,0,1,0,0,1,0,1,19,Excelente,Malo,M,2,Federacion,26,18,74,1,39,89,59,36,87,27,4,28,83,48,65,1,0,1,1,1,1,1,0,0,Bueno,CON OBSERVACIONES-EVALUABLE,[1]Alta_Propension,Cliente Finaciado,SI,VENTA CENTRALIZADA
2965,deudor no comercial,Pesca,Segmento E,Segmento D,Region 4,Zona 4,0,1,1,1,1,0,0,1,1,1,0,59,Regular,Regular,F,1,SPA,6,60,37,68,3,11,96,88,26,14,15,18,31,70,77,0,1,0,0,1,1,0,0,1,Excelente,SUJETO DE CREDITO-EVALUABLE,[2]Media_Propension,Cliente Finaciado,NO,VENTA CENTRALIZADA
2966,deudor uso medio de pago,Agricola,Segmento E,Segmento E,Region 4,Zona 5,1,0,0,1,0,1,1,0,1,1,1,58,Regular,Malo,F,2,Sindicatos,74,85,27,39,97,38,88,91,0,64,30,57,55,49,41,0,0,1,1,1,0,0,1,1,Bueno,SUJETO DE CREDITO-EVALUABLE,[1]Alta_Propension,Castigado o Sin Producto,SI,RED SUCURSALES
2967,deudor comercial,Agricola,Segmento E,Segmento D,Region 4,Zona 4,0,0,0,1,1,0,1,1,0,0,1,55,Regular,Regular,F,1,Sindicatos,44,4,5,89,97,57,18,66,11,14,59,44,68,57,11,0,0,0,0,0,0,0,0,0,Excelente,NO SUJETO DE CREDITO,[1]Alta_Propension,Castigado o Sin Producto,SI,SALESFORCE - CCL
2968,deudor comercial,Pesca,Segmento D,Segmento F,Region 6,Zona 6,1,1,0,0,0,1,0,1,1,0,1,58,Malo,Excelente,F,2,Federacion,12,17,35,20,4,35,51,67,37,44,2,47,45,54,12,1,0,0,1,0,0,1,0,1,Bueno,CON OBSERVACIONES-EVALUABLE,[2]Media_Propension,Cliente No Financiado,NO,VENTA CENTRALIZADA
2969,deudor no comercial,Biotecnologia,Segmento F,Segmento F,Region 4,Zona 5,1,1,1,1,1,0,1,0,1,1,0,28,Regular,Regular,F,2,SPA,67,45,31,51,9,22,52,37,69,74,25,31,3,2,2,1,1,1,1,0,0,1,0,1,Excelente,CON OBSERVACIONES-EVALUABLE,[1]Alta_Propension,Cliente Finaciado,SI,VENTA CENTRALIZADA
2970,deudor uso medio de pago,Pesca,Segmento F,Segmento E,Region 6,Zona 5,1,1,0,1,0,1,1,0,1,1,1,43,Excelente,Excelente,F,1,Sindicatos,2,97,41,93,66,57,84,68,69,35,0,99,65,69,44,0,0,1,0,1,1,1,0,1,Excelente,SUJETO DE CREDITO-EVALUABLE,[3]Baja_Propension,Cliente No Financiado,SI,RED SUCURSALES
2971,deudor no comercial,Pesca,Segmento F,Segmento D,Region 6,Zona 5,0,1,1,0,1,0,1,0,1,1,0,63,Excelente,Excelente,M,1,Sindicatos,50,36,6,30,56,31,27,57,19,44,93,22,53,41,39,0,1,1,0,1,1,1,0,1,Bueno,NO SUJETO DE CREDITO,[3]Baja_Propension,Cliente No Financiado,NO,
2972,deudor comercial,Biotecnologia,Segmento E,Segmento E,Region 6,Zona 5,0,1,0,0,1,1,0,0,0,0,1,53,Regular,Malo,M,1,SPA,64,88,56,23,96,87,34,75,64,90,26,63,97,31,25,0,1,0,0,0,0,1,0,1,Malo,CON OBSERVACIONES-EVALUABLE,[2]Media_Propension,Cliente Finaciado,NO,SALESFORCE - CCL
2973,deudor no comercial,Agricola,Segmento D,Segmento E,Region 4,Zona 6,0,0,0,1,1,1,0,0,0,0,0,67,Malo,Regular,M,1,Sindicatos,16,40,77,47,52,79,35,4,84,56,37,15,3,52,93,0,1,1,1,0,0,1,0,1,Malo,SUJETO DE CREDITO-EVALUABLE,[3]Baja_Propension,Cliente Finaciado,SI,SALESFORCE - CCL
2974,deudor no comercial,Pesca,Segmento E,Segmento D,Region 5,Zona 5,0,0,1,0,1,1,1,1,1,0,1,71,Malo,Regular,M,2,SPA,91,35,56,87,32,91,98,93,33,10,67,87,34,76,11,0,1,0,1,1,0,0,0,1,Bueno,CON OBSERVACIONES-EVALUABLE,[1]Alta_Propension,Cliente No Financiado,SI,
2975,deudor comercial,Agricola,Segmento F,Segmento F,Region 5,Zona 4,1,1,0,0,0,1,1,1,1,1,1,31,Regular,Excelente,M,2,Sindicatos,73,79,50,93,39,12,51,31,20,46,19,84,42,94,3,0,1,1,1,1,0,1,0,1,Malo,SUJETO DE CREDITO-EVALUABLE,[2]Media_Propension,Castigado o Sin Producto,NO,SALESFORCE -WEB
2976,deudor no comercial,Pesca,Segmento F,Segmento E,Region 5,Zona 5,1,0,1,0,1,1,1,0,0,0,0,58,Regular,Malo,M,2,Sociedad,11,64,74,77,25,16,64,58,83,3,54,15,10,93,5,0,1,0,0,0,0,1,1,0,Malo,SUJETO DE CREDITO-EVALUABLE,[2]Media_Propension,Cliente Finaciado,NO,SALESFORCE -WEB
2977,deudor comercial,Biotecnologia,Segmento F,Segmento E,Region 6,Zona 6,0,1,0,1,1,1,0,1,1,0,1,26,Regular,Excelente,F,2,SPA,4,2,75,66,27,44,77,71,62,82,66,74,54,3,51,0,1,0,1,1,1,1,0,1,Malo,SUJETO DE CREDITO-EVALUABLE,[3]Baja_Propension,Castigado o Sin Producto,SI,RED SUCURSALES
2978,deudor comercial,Biotecnologia,Segmento F,Segmento D,Region 5,Zona 6,0,0,0,1,0,1,1,1,1,1,0,68,Excelente,Malo,M,2,Sociedad,31,65,5,71,81,89,67,9,65,6,45,58,17,78,60,1,0,0,1,1,1,0,0,0,Excelente,CON OBSERVACIONES-EVALUABLE,[2]Media_Propension,Cliente No Financiado,SI,RED SUCURSALES
2979,deudor uso medio de pago,Agricola,Segmento D,Segmento F,Region 6,Zona 5,1,0,1,0,0,0,0,0,0,1,1,57,Malo,Regular,M,2,Sindicatos,15,10,31,12,82,2,52,10,40,79,41,9,42,18,77,1,0,1,0,1,1,0,0,1,Malo,SUJETO DE CREDITO-EVALUABLE,[2]Media_Propension,Cliente Finaciado,NO,VENTA CENTRALIZADA
2980,deudor no comercial,Biotecnologia,Segmento E,Segmento E,Region 5,Zona 4,1,0,0,1,1,0,1,0,0,1,0,63,Regular,Excelente,M,1,Sociedad,88,44,67,89,75,32,86,24,67,78,19,76,64,62,18,1,0,0,1,1,1,1,0,0,Malo,SUJETO DE CREDITO-EVALUABLE,[2]Media_Propension,Castigado o Sin Producto,SI,RED SUCURSALES
2981,deudor comercial,Pesca,Segmento F,Segmento F,Region 5,Zona 6,1,1,0,1,1,1,0,0,0,1,1,64,Excelente,Excelente,M,2,Federacion,7,12,29,45,60,25,26,42,21,61,99,70,36,44,47,0,0,1,1,1,0,0,0,1,Bueno,CON OBSERVACIONES-EVALUABLE,[1]Alta_Propension,Cliente No Financiado,SI,SALESFORCE - CCL
2982,deudor comercial,Pesca,Segmento E,Segmento E,Region 5,Zona 5,1,1,1,1,1,0,0,0,1,0,0,46,Excelente,Regular,M,1,Sindicatos,75,82,35,37,16,13,32,39,19,45,42,42,58,71,32,0,1,0,0,0,1,0,0,1,Excelente,NO SUJETO DE CREDITO,[2]Media_Propension,Castigado o Sin Producto,NO,VENTA CENTRALIZADA
2983,deudor comercial,Agricola,Segmento F,Segmento F,Region 4,Zona 6,0,0,1,1,0,0,1,1,1,0,0,48,Excelente,Regular,F,2,Sociedad,13,59,35,81,53,28,92,39,40,98,21,8,60,3,11,1,1,1,1,0,0,1,1,0,Malo,CON OBSERVACIONES-EVALUABLE,[2]Media_Propension,Castigado o Sin Producto,NO,RED SUCURSALES
2984,deudor comercial,Pesca,Segmento E,Segmento E,Region 5,Zona 5,0,0,0,1,0,1,0,1,0,1,0,43,Excelente,Malo,M,2,Cooperativas,4,75,61,7,83,55,71,91,28,23,60,45,45,86,72,0,0,0,1,1,0,1,1,1,Malo,NO SUJETO DE CREDITO,[1]Alta_Propension,Cliente Finaciado,NO,
2985,deudor comercial,Biotecnologia,Segmento F,Segmento E,Region 4,Zona 4,0,0,0,0,1,0,1,1,1,0,1,74,Excelente,Malo,F,2,Sociedad,39,66,24,48,22,35,96,97,18,76,39,80,84,33,4,1,1,1,0,1,0,1,1,0,Excelente,SUJETO DE CREDITO-EVALUABLE,[2]Media_Propension,Castigado o Sin Producto,NO,RED SUCURSALES
2986,deudor no comercial,Biotecnologia,Segmento E,Segmento F,Region 4,Zona 6,0,1,0,1,1,0,0,1,0,0,1,56,Regular,Excelente,F,1,Cooperativas,25,59,66,44,99,72,46,68,61,39,6,79,12,24,59,0,0,0,1,0,0,0,0,0,Bueno,SUJETO DE CREDITO-EVALUABLE,[1]Alta_Propension,Cliente Finaciado,SI,
2987,deudor comercial,Pesca,Segmento D,Segmento E,Region 6,Zona 5,1,1,1,0,0,1,1,1,0,0,0,54,Excelente,Malo,M,2,Federacion,35,85,22,87,31,77,43,75,86,77,69,46,26,83,20,1,1,0,0,1,1,1,1,0,Malo,CON OBSERVACIONES-EVALUABLE,[2]Media_Propension,Cliente No Financiado,SI,VENTA CENTRALIZADA
2988,deudor uso medio de pago,Biotecnologia,Segmento F,Segmento F,Region 5,Zona 6,1,0,0,0,1,0,0,0,1,0,0,39,Excelente,Excelente,F,1,SPA,81,90,56,77,98,42,87,84,34,30,4,86,82,22,50,0,1,1,0,1,0,1,1,0,Excelente,NO SUJETO DE CREDITO,[3]Baja_Propension,Cliente No Financiado,NO,VENTA CENTRALIZADA
2989,deudor comercial,Pesca,Segmento D,Segmento F,Region 4,Zona 6,1,1,0,1,1,0,0,1,0,1,1,30,Excelente,Excelente,M,1,Cooperativas,62,64,44,49,81,38,83,24,74,46,56,79,71,50,6,1,1,1,1,1,0,0,1,1,Bueno,CON OBSERVACIONES-EVALUABLE,[1]Alta_Propension,Cliente Finaciado,NO,RED SUCURSALES
2990,deudor comercial,Agricola,Segmento E,Segmento E,Region 6,Zona 4,0,1,0,0,0,0,0,0,0,1,1,73,Excelente,Malo,M,1,Cooperativas,40,31,94,87,1,41,49,78,19,25,91,33,17,37,8,1,0,1,0,0,0,0,1,0,Malo,NO SUJETO DE CREDITO,[1]Alta_Propension,Cliente No Financiado,SI,RED SUCURSALES
2991,deudor uso medio de pago,Biotecnologia,Segmento D,Segmento D,Region 4,Zona 6,1,0,0,0,1,0,1,1,1,0,0,37,Regular,Regular,F,2,Sindicatos,45,53,96,48,89,74,11,63,44,12,45,23,13,44,2,0,1,1,1,1,1,0,1,1,Malo,NO SUJETO DE CREDITO,[1]Alta_Propension,Castigado o Sin Producto,NO,RED SUCURSALES
2992,deudor no comercial,Biotecnologia,Segmento D,Segmento F,Region 5,Zona 4,1,1,1,0,1,0,1,1,1,0,1,65,Excelente,Malo,F,1,Cooperativas,65,59,37,58,53,76,76,64,1,98,76,5,94,64,59,1,1,1,0,1,0,1,1,0,Malo,SUJETO DE CREDITO-EVALUABLE,[1]Alta_Propension,Cliente Finaciado,SI,SALESFORCE - CCL
2993,deudor comercial,Pesca,Segmento E,Segmento F,Region 4,Zona 5,0,0,0,0,0,1,0,0,0,0,0,69,Malo,Malo,M,1,Sindicatos,97,10,40,26,99,60,54,60,82,99,59,56,35,48,19,1,1,0,0,0,1,1,0,0,Bueno,CON OBSERVACIONES-EVALUABLE,[3]Baja_Propension,Cliente Finaciado,SI,VENTA CENTRALIZADA
2994,deudor comercial,Biotecnologia,Segmento D,Segmento F,Region 5,Zona 6,1,1,0,0,0,1,0,1,1,0,0,20,Regular,Malo,M,1,SPA,60,16,12,1,42,67,71,70,97,26,3,84,94,43,55,1,1,0,0,1,0,0,1,0,Bueno,CON OBSERVACIONES-EVALUABLE,[2]Media_Propension,Cliente Finaciado,NO,VENTA CENTRALIZADA
2995,deudor no comercial,Pesca,Segmento F,Segmento F,Region 5,Zona 4,1,1,0,0,0,1,1,0,0,0,1,39,Excelente,Malo,M,2,Sociedad,15,36,80,46,47,58,74,17,1,51,81,20,90,54,79,0,1,1,0,0,0,1,1,0,Bueno,CON OBSERVACIONES-EVALUABLE,[1]Alta_Propension,Castigado o Sin Producto,NO,VENTA CENTRALIZADA
2996,deudor no comercial,Agricola,Segmento D,Segmento E,Region 6,Zona 6,1,0,0,0,0,1,1,0,1,1,0,32,Excelente,Malo,F,1,SPA,53,43,70,7,33,19,80,38,56,67,94,71,16,43,89,1,0,0,0,0,0,1,0,0,Excelente,NO SUJETO DE CREDITO,[3]Baja_Propension,Castigado o Sin Producto,SI,SALESFORCE - CCL
2997,deudor comercial,Agricola,Segmento F,Segmento F,Region 5,Zona 4,1,0,1,0,0,0,0,0,1,0,0,49,Malo,Excelente,F,1,SPA,28,20,59,11,16,1,35,62,5,84,68,32,73,13,86,0,0,0,0,0,0,1,1,0,Bueno,CON OBSERVACIONES-EVALUABLE,[3]Baja_Propension,Cliente Finaciado,NO,SALESFORCE - CCL
2998,deudor no comercial,Pesca,Segmento F,Segmento D,Region 4,Zona 4,1,0,0,0,0,0,0,0,1,0,1,31,Malo,Malo,F,1,Sindicatos,16,98,29,84,4,64,18,8,40,99,6,8,70,1,55,0,0,1,1,0,1,0,1,1,Excelente,CON OBSERVACIONES-EVALUABLE,[3]Baja_Propension,Castigado o Sin Producto,SI,VENTA CENTRALIZADA
2999,deudor no comercial,Agricola,Segmento D,Segmento E,Region 5,Zona 5,1,0,0,0,1,0,0,0,0,0,0,38,Excelente,Excelente,M,1,SPA,77,83,9,53,22,89,95,98,98,12,58,29,22,99,94,1,0,0,1,1,0,1,0,0,Malo,SUJETO DE CREDITO-EVALUABLE,[1]Alta_Propension,Castigado o Sin Producto,NO,VENTA CENTRALIZADA
3000,deudor no comercial,Biotecnologia,Segmento D,Segmento E,Region 6,Zona 4,0,1,1,0,0,0,1,1,0,0,0,45,Excelente,Regular,M,2,Federacion,84,52,15,7,42,79,76,53,77,99,20,77,53,72,20,1,1,0,0,1,1,1,1,1,Excelente,NO SUJETO DE CREDITO,[1]Alta_Propension,Cliente Finaciado,SI,RED SUCURSALES
